2024-12-10 19:20:43 INFO    [awc] Amundsen started /install.
2024-12-10 19:20:43 INFO    [awc] CA install.
2025-03-23 04:59:00 INFO    [awc] Amundsen started /firstrun.
2025-03-23 04:59:00 INFO    [awc] Amundsen work directories created.
2025-03-23 04:59:01 INFO    [awc] Amundsen scheduled task created.
2025-03-23 04:59:01 INFO    [awc] Amundsen first-run task deleted.
2025-03-23 05:04:02 INFO    [awc] Amundsen started /task.
2025-03-22 13:45:34 INFO    [awc] Amundsen started /task.
2025-03-22 14:12:07 INFO    [awc] Amundsen started /task.
2025-03-22 16:14:57 INFO    [awc] Amundsen started /task.
2025-03-22 16:18:59 INFO    [awc] Amundsen started /task.
2025-03-22 16:22:45 INFO    [awc] Amundsen started /task.
2025-03-22 16:22:45 INFO    [awc] Time interval elapsed.
2025-03-22 16:22:46 INFO    [awc] Device profile created.
2025-03-22 16:22:47 INFO    [awc] Downloading AmundsHusky.
2025-03-22 16:22:48 INFO    [awc] AmundsAPI flag=acer/240513
2025-03-22 16:22:48 INFO    [awc] Query configuration successful.
2025-03-22 16:22:48 INFO    [awc] Processing 5d770005-22081001 200
2025-03-22 16:22:48 INFO    [awc] Downloading config.zip.
2025-03-22 16:22:49 INFO    [awc] State=2010-0, CD=5
2025-03-22 16:22:52 INFO    [awc] State=2020-0, CD=3
2025-03-22 16:22:52 INFO    [awc] Downloading source.zip.
2025-03-22 16:22:53 INFO    [awc] State=2030-0, CD=5
2025-03-22 16:22:58 INFO    [awc] Failed to validate installation.
2025-03-22 16:22:58 INFO    [awc] State=2040-102, CD=2
2025-03-22 16:22:58 INFO    [awc] States: {"5d770005-22081001":"2040-102"}
2025-03-22 16:22:58 INFO    [awc] Processing 9191ac8d-22112700 300
2025-03-22 16:22:58 INFO    [awc] Downloading config.zip.
2025-03-22 16:22:59 INFO    [awc] State=2010-0, CD=5
2025-03-22 16:23:10 INFO    [awc] Program already existed.
2025-03-22 16:23:10 INFO    [awc] State=2020-206, CD=3
2025-03-22 16:23:10 INFO    [awc] States: {"9191ac8d-22112700":"2020-206"}
2025-03-22 16:23:10 INFO    [awc] Processing de616a05-21062001 500
2025-03-22 16:23:10 INFO    [awc] Downloading config.zip.
2025-03-22 16:23:11 INFO    [awc] State=2010-0, CD=5
2025-03-22 16:23:13 INFO    [awc] Ad hoc rule labeled false.
2025-03-22 16:23:13 INFO    [awc] State=2020-202, CD=3
2025-03-22 16:23:13 INFO    [awc] States: {"de616a05-21062001":"2020-202"}
2025-03-22 16:23:13 INFO    [awc] Processing 5876707a-24051300 500
2025-03-22 16:23:13 INFO    [awc] Downloading config.zip.
2025-03-22 16:23:13 INFO    [awc] State=2010-0, CD=5
2025-03-22 16:23:14 INFO    [awc] State=2020-0, CD=3
2025-03-22 16:23:14 INFO    [awc] Downloading source.zip.
2025-03-22 16:23:15 INFO    [awc] State=2030-0, CD=5
2025-03-22 16:23:23 INFO    [awc] Failed to validate installation.
2025-03-22 16:23:23 INFO    [awc] State=2040-102, CD=2
2025-03-22 16:23:23 INFO    [awc] States: {"5876707a-24051300":"2040-102"}
2025-03-22 16:23:23 INFO    [awc] Amundsen finished.
2025-03-22 16:23:47 INFO    [awc] Amundsen started /task.
2025-03-22 16:23:47 INFO    [awc] Amundsen finished.
2025-03-22 16:23:50 INFO    [awc] Amundsen started /task.
2025-03-22 16:23:50 INFO    [awc] Amundsen finished.
2025-03-22 19:32:28 INFO    [awc] Amundsen started /task.
2025-03-22 19:32:28 INFO    [awc] Amundsen finished.
2025-03-23 00:15:31 INFO    [awc] Amundsen started /task.
2025-03-23 00:15:31 INFO    [awc] Time interval elapsed.
2025-03-23 00:15:31 INFO    [awc] Device profile read.
2025-03-23 00:15:31 INFO    [awc] Processing 5d770005-22081001 200
2025-03-23 00:15:36 INFO    [awc] State=2040-0, CD=2
2025-03-23 00:15:36 INFO    [awc] State=2050-111, CD=4
2025-03-23 00:15:36 INFO    [awc] States: {"5d770005-22081001":"2050-111"}
2025-03-23 00:15:36 INFO    [awc] Processing 5876707a-24051300 500
2025-03-23 00:15:40 INFO    [awc] State=2040-0, CD=2
2025-03-23 00:15:40 INFO    [awc] State=2050-111, CD=4
2025-03-23 00:15:40 INFO    [awc] States: {"5876707a-24051300":"2050-111"}
2025-03-23 00:15:40 INFO    [awc] Amundsen finished.
2025-03-24 20:49:16 INFO    [awc] Amundsen started /task.
2025-03-24 20:49:16 INFO    [awc] Time interval elapsed.
2025-03-24 20:49:16 INFO    [awc] Device profile read.
2025-03-24 20:49:16 INFO    [awc] Processing 5d770005-22081001 200
2025-03-24 20:49:17 INFO    [awc] State=2050-111, CD=3
2025-03-24 20:49:17 INFO    [awc] Processing 5876707a-24051300 500
2025-03-24 20:49:17 INFO    [awc] State=2050-111, CD=3
2025-03-24 20:49:17 INFO    [awc] Amundsen finished.
2025-03-24 20:49:56 INFO    [awc] Amundsen started /task.
2025-03-24 20:49:56 INFO    [awc] Amundsen finished.
2025-03-24 20:49:58 INFO    [awc] Amundsen started /task.
2025-03-24 20:49:59 INFO    [awc] Amundsen finished.
2025-03-24 20:50:04 INFO    [awc] Amundsen started /task.
2025-03-24 20:50:04 INFO    [awc] Amundsen finished.
2025-03-24 20:50:06 INFO    [awc] Amundsen started /task.
2025-03-24 20:50:06 INFO    [awc] Amundsen finished.
2025-03-24 22:39:27 INFO    [awc] Amundsen started /task.
2025-03-24 22:39:27 INFO    [awc] Amundsen finished.
2025-03-24 22:39:30 INFO    [awc] Amundsen started /task.
2025-03-24 22:39:30 INFO    [awc] Amundsen finished.
2025-03-25 01:40:50 INFO    [awc] Amundsen started /task.
2025-03-25 01:40:50 INFO    [awc] Amundsen finished.
2025-03-25 01:41:08 INFO    [awc] Amundsen started /task.
2025-03-25 01:41:08 INFO    [awc] Amundsen finished.
2025-03-25 02:59:02 INFO    [awc] Amundsen started /task.
2025-03-25 02:59:02 INFO    [awc] Time interval elapsed.
2025-03-25 02:59:03 INFO    [awc] Device profile read.
2025-03-25 02:59:03 INFO    [awc] Processing 5d770005-22081001 200
2025-03-25 02:59:03 INFO    [awc] State=2050-111, CD=2
2025-03-25 02:59:03 INFO    [awc] Processing 5876707a-24051300 500
2025-03-25 02:59:03 INFO    [awc] State=2050-111, CD=2
2025-03-25 02:59:03 INFO    [awc] Amundsen finished.
2025-03-25 20:39:13 INFO    [awc] Amundsen started /task.
2025-03-25 20:39:13 INFO    [awc] Time interval elapsed.
2025-03-25 20:39:13 INFO    [awc] Device profile read.
2025-03-25 20:39:14 INFO    [awc] Processing 5d770005-22081001 200
2025-03-25 20:39:14 INFO    [awc] State=2050-111, CD=1
2025-03-25 20:39:14 INFO    [awc] Processing 5876707a-24051300 500
2025-03-25 20:39:14 INFO    [awc] State=2050-111, CD=1
2025-03-25 20:39:14 INFO    [awc] Amundsen finished.
2025-03-25 20:39:18 INFO    [awc] Amundsen started /task.
2025-03-25 20:39:18 INFO    [awc] Amundsen finished.
2025-03-25 20:40:41 INFO    [awc] Amundsen started /task.
2025-03-25 20:40:41 INFO    [awc] Amundsen finished.
2025-03-25 20:48:22 INFO    [awc] Amundsen started /task.
2025-03-25 20:48:22 INFO    [awc] Amundsen finished.
2025-03-25 20:48:40 INFO    [awc] Amundsen started /task.
2025-03-25 20:48:41 INFO    [awc] Amundsen finished.
2025-03-25 21:41:16 INFO    [awc] Amundsen started /task.
2025-03-25 21:41:17 INFO    [awc] Amundsen finished.
2025-03-25 21:41:20 INFO    [awc] Amundsen started /task.
2025-03-25 21:41:20 INFO    [awc] Amundsen finished.
2025-03-25 21:44:30 INFO    [awc] Amundsen started /task.
2025-03-25 21:44:30 INFO    [awc] Amundsen finished.
2025-03-25 21:45:08 INFO    [awc] Amundsen started /task.
2025-03-25 21:45:09 INFO    [awc] Amundsen finished.
2025-03-25 21:53:28 INFO    [awc] Amundsen started /task.
2025-03-25 21:53:28 INFO    [awc] Amundsen finished.
2025-03-26 00:41:02 INFO    [awc] Amundsen started /task.
2025-03-26 00:41:02 INFO    [awc] Amundsen finished.
2025-03-26 00:41:16 INFO    [awc] Amundsen started /task.
2025-03-26 00:41:16 INFO    [awc] Amundsen finished.
2025-03-26 00:41:18 INFO    [awc] Amundsen started /task.
2025-03-26 00:41:18 INFO    [awc] Amundsen finished.
2025-03-26 10:11:15 INFO    [awc] Amundsen started /task.
2025-03-26 10:11:16 INFO    [awc] Time interval elapsed.
2025-03-26 10:11:16 INFO    [awc] Device profile read.
2025-03-26 10:11:16 INFO    [awc] Processing 5d770005-22081001 200
2025-03-26 10:11:16 INFO    [awc] State=2050-211, CD=0
2025-03-26 10:11:16 INFO    [awc] States: {"5d770005-22081001":"2050-211"}
2025-03-26 10:11:16 INFO    [awc] Processing 5876707a-24051300 500
2025-03-26 10:11:16 INFO    [awc] State=2050-211, CD=0
2025-03-26 10:11:16 INFO    [awc] States: {"5876707a-24051300":"2050-211"}
2025-03-26 10:11:16 INFO    [awc] Transit from TP100 to TP500: all clear.
2025-03-26 10:11:16 INFO    [awc] Amundsen finished.
2025-03-26 10:11:19 INFO    [awc] Amundsen started /task.
2025-03-26 10:11:20 INFO    [awc] Amundsen finished.
2025-03-26 10:25:51 INFO    [awc] Amundsen started /task.
2025-03-26 10:25:51 INFO    [awc] Amundsen finished.
2025-03-26 10:26:09 INFO    [awc] Amundsen started /task.
2025-03-26 10:26:09 INFO    [awc] Amundsen finished.
2025-03-26 10:26:12 INFO    [awc] Amundsen started /task.
2025-03-26 10:26:13 INFO    [awc] Amundsen finished.
2025-03-26 15:10:54 INFO    [awc] Amundsen started /task.
2025-03-26 15:10:54 INFO    [awc] Amundsen finished.
2025-03-26 15:10:56 INFO    [awc] Amundsen started /task.
2025-03-26 15:10:56 INFO    [awc] Amundsen finished.
2025-03-26 15:10:57 INFO    [awc] Amundsen started /task.
2025-03-26 15:10:57 INFO    [awc] Amundsen finished.
2025-03-26 19:23:21 INFO    [awc] Amundsen started /task.
2025-03-26 19:23:21 INFO    [awc] Amundsen finished.
2025-03-26 19:23:23 INFO    [awc] Amundsen started /task.
2025-03-26 19:23:24 INFO    [awc] Amundsen finished.
2025-03-26 19:24:10 INFO    [awc] Amundsen started /task.
2025-03-26 19:24:11 INFO    [awc] Amundsen finished.
2025-03-26 19:24:13 INFO    [awc] Amundsen started /task.
2025-03-26 19:24:13 INFO    [awc] Amundsen finished.
2025-03-27 02:59:02 INFO    [awc] Amundsen started /task.
2025-03-27 02:59:02 INFO    [awc] Amundsen finished.
2025-03-27 14:38:10 INFO    [awc] Amundsen started /task.
2025-03-27 14:38:11 INFO    [awc] Amundsen finished.
2025-03-27 14:38:15 INFO    [awc] Amundsen started /task.
2025-03-27 14:38:15 INFO    [awc] Amundsen finished.
2025-03-27 14:50:47 INFO    [awc] Amundsen started /task.
2025-03-27 14:50:47 INFO    [awc] Amundsen finished.
2025-03-27 18:53:02 INFO    [awc] Amundsen started /task.
2025-03-27 18:53:03 INFO    [awc] Amundsen finished.
2025-03-27 18:53:19 INFO    [awc] Amundsen started /task.
2025-03-27 18:53:20 INFO    [awc] Amundsen finished.
2025-03-27 18:53:21 INFO    [awc] Amundsen started /task.
2025-03-27 18:53:21 INFO    [awc] Amundsen finished.
2025-03-27 19:11:08 INFO    [awc] Amundsen started /task.
2025-03-27 19:11:09 INFO    [awc] Amundsen finished.
2025-03-27 19:13:58 INFO    [awc] Amundsen started /task.
2025-03-27 19:13:58 INFO    [awc] Amundsen finished.
2025-03-27 19:14:00 INFO    [awc] Amundsen started /task.
2025-03-27 19:14:01 INFO    [awc] Amundsen finished.
2025-03-28 12:30:13 INFO    [awc] Amundsen started /task.
2025-03-28 12:30:14 INFO    [awc] Amundsen finished.
2025-03-28 12:30:29 INFO    [awc] Amundsen started /task.
2025-03-28 12:30:30 INFO    [awc] Amundsen finished.
2025-03-28 12:32:58 INFO    [awc] Amundsen started /task.
2025-03-28 12:32:58 INFO    [awc] Amundsen finished.
2025-03-28 15:03:14 INFO    [awc] Amundsen started /task.
2025-03-28 15:03:14 INFO    [awc] Amundsen finished.
2025-03-28 15:07:16 INFO    [awc] Amundsen started /task.
2025-03-28 15:07:16 INFO    [awc] Amundsen finished.
2025-03-28 15:07:17 INFO    [awc] Amundsen started /task.
2025-03-28 15:07:17 INFO    [awc] Amundsen finished.
2025-03-28 15:07:20 INFO    [awc] Amundsen started /task.
2025-03-28 15:07:20 INFO    [awc] Amundsen finished.
2025-03-28 15:12:06 INFO    [awc] Amundsen started /task.
2025-03-28 15:12:07 INFO    [awc] Amundsen finished.
2025-03-28 15:47:57 INFO    [awc] Amundsen started /task.
2025-03-28 15:47:58 INFO    [awc] Amundsen finished.
2025-03-28 15:48:03 INFO    [awc] Amundsen started /task.
2025-03-28 15:48:03 INFO    [awc] Amundsen finished.
2025-03-28 17:17:04 INFO    [awc] Amundsen started /task.
2025-03-28 17:17:04 INFO    [awc] Amundsen finished.
2025-03-28 18:34:29 INFO    [awc] Amundsen started /task.
2025-03-28 18:34:30 INFO    [awc] Amundsen finished.
2025-03-28 18:34:41 INFO    [awc] Amundsen started /task.
2025-03-28 18:34:42 INFO    [awc] Amundsen finished.
2025-03-28 20:06:36 INFO    [awc] Amundsen started /task.
2025-03-28 20:06:36 INFO    [awc] Amundsen finished.
2025-03-28 20:06:39 INFO    [awc] Amundsen started /task.
2025-03-28 20:06:39 INFO    [awc] Amundsen finished.
2025-03-28 20:06:46 INFO    [awc] Amundsen started /task.
2025-03-28 20:06:46 INFO    [awc] Amundsen finished.
2025-03-28 20:08:25 INFO    [awc] Amundsen started /task.
2025-03-28 20:08:25 INFO    [awc] Amundsen finished.
2025-03-28 20:09:06 INFO    [awc] Amundsen started /task.
2025-03-28 20:09:06 INFO    [awc] Amundsen finished.
2025-03-28 20:09:10 INFO    [awc] Amundsen started /task.
2025-03-28 20:09:10 INFO    [awc] Amundsen finished.
2025-03-28 21:03:50 INFO    [awc] Amundsen started /task.
2025-03-28 21:03:50 INFO    [awc] Amundsen finished.
2025-03-28 21:03:51 INFO    [awc] Amundsen started /task.
2025-03-28 21:03:51 INFO    [awc] Amundsen finished.
2025-03-28 21:03:54 INFO    [awc] Amundsen started /task.
2025-03-28 21:03:54 INFO    [awc] Amundsen finished.
2025-03-28 21:10:20 INFO    [awc] Amundsen started /task.
2025-03-28 21:10:21 INFO    [awc] Amundsen finished.
2025-03-28 21:10:23 INFO    [awc] Amundsen started /task.
2025-03-28 21:10:23 INFO    [awc] Amundsen finished.
2025-03-28 21:58:43 INFO    [awc] Amundsen started /task.
2025-03-28 21:58:43 INFO    [awc] Amundsen finished.
2025-03-28 22:38:43 INFO    [awc] Amundsen started /task.
2025-03-28 22:38:43 INFO    [awc] Amundsen finished.
2025-03-28 22:38:48 INFO    [awc] Amundsen started /task.
2025-03-28 22:38:48 INFO    [awc] Amundsen finished.
2025-03-29 00:47:25 INFO    [awc] Amundsen started /task.
2025-03-29 00:47:25 INFO    [awc] Amundsen finished.
2025-03-29 13:54:58 INFO    [awc] Amundsen started /task.
2025-03-29 13:54:59 INFO    [awc] Amundsen finished.
2025-03-29 13:55:01 INFO    [awc] Amundsen started /task.
2025-03-29 13:55:01 INFO    [awc] Amundsen finished.
2025-03-29 13:55:07 INFO    [awc] Amundsen started /task.
2025-03-29 13:55:08 INFO    [awc] Amundsen finished.
2025-03-29 13:57:14 INFO    [awc] Amundsen started /task.
2025-03-29 13:57:15 INFO    [awc] Amundsen finished.
2025-03-29 14:00:16 INFO    [awc] Amundsen started /task.
2025-03-29 14:00:16 INFO    [awc] Amundsen finished.
2025-03-29 14:05:56 INFO    [awc] Amundsen started /task.
2025-03-29 14:05:57 INFO    [awc] Amundsen finished.
2025-03-29 14:10:55 INFO    [awc] Amundsen started /task.
2025-03-29 14:10:55 INFO    [awc] Amundsen finished.
2025-03-29 14:10:57 INFO    [awc] Amundsen started /task.
2025-03-29 14:10:57 INFO    [awc] Amundsen finished.
2025-03-29 14:16:09 INFO    [awc] Amundsen started /task.
2025-03-29 14:16:20 INFO    [awc] Amundsen finished.
2025-03-29 14:20:11 INFO    [awc] Amundsen started /task.
2025-03-29 14:20:11 INFO    [awc] Amundsen finished.
2025-03-29 14:20:16 INFO    [awc] Amundsen started /task.
2025-03-29 14:20:16 INFO    [awc] Amundsen finished.
2025-03-29 17:16:47 INFO    [awc] Amundsen started /task.
2025-03-29 17:16:47 INFO    [awc] Amundsen finished.
2025-03-29 17:16:50 INFO    [awc] Amundsen started /task.
2025-03-29 17:16:50 INFO    [awc] Amundsen finished.
2025-03-29 19:02:09 INFO    [awc] Amundsen started /task.
2025-03-29 19:02:11 INFO    [awc] Amundsen finished.
2025-03-29 19:02:22 INFO    [awc] Amundsen started /task.
2025-03-29 19:02:22 INFO    [awc] Amundsen finished.
2025-03-29 19:05:03 INFO    [awc] Amundsen started /task.
2025-03-29 19:05:03 INFO    [awc] Amundsen finished.
2025-03-29 19:13:20 INFO    [awc] Amundsen started /task.
2025-03-29 19:13:21 INFO    [awc] Amundsen finished.
2025-03-30 10:13:28 INFO    [awc] Amundsen started /task.
2025-03-30 10:13:28 INFO    [awc] Amundsen finished.
2025-03-30 10:13:36 INFO    [awc] Amundsen started /task.
2025-03-30 10:13:36 INFO    [awc] Amundsen finished.
2025-03-30 14:32:45 INFO    [awc] Amundsen started /task.
2025-03-30 14:32:46 INFO    [awc] Amundsen finished.
2025-03-30 14:32:48 INFO    [awc] Amundsen started /task.
2025-03-30 14:32:48 INFO    [awc] Amundsen finished.
2025-03-30 14:51:49 INFO    [awc] Amundsen started /task.
2025-03-30 14:51:49 INFO    [awc] Amundsen finished.
2025-03-30 16:10:32 INFO    [awc] Amundsen started /task.
2025-03-30 16:10:35 INFO    [awc] Amundsen finished.
2025-03-30 16:10:36 INFO    [awc] Amundsen started /task.
2025-03-30 16:10:36 INFO    [awc] Amundsen finished.
2025-03-30 16:21:47 INFO    [awc] Amundsen started /task.
2025-03-30 16:21:47 INFO    [awc] Amundsen finished.
2025-03-30 16:36:10 INFO    [awc] Amundsen started /task.
2025-03-30 16:36:10 INFO    [awc] Amundsen finished.
2025-03-30 16:38:09 INFO    [awc] Amundsen started /task.
2025-03-30 16:38:09 INFO    [awc] Amundsen finished.
2025-03-30 22:40:46 INFO    [awc] Amundsen started /task.
2025-03-30 22:40:46 INFO    [awc] Amundsen finished.
2025-03-30 22:40:50 INFO    [awc] Amundsen started /task.
2025-03-30 22:40:50 INFO    [awc] Amundsen finished.
2025-03-30 22:49:46 INFO    [awc] Amundsen started /task.
2025-03-30 22:49:46 INFO    [awc] Amundsen finished.
2025-03-31 12:17:17 INFO    [awc] Amundsen started /task.
2025-03-31 12:17:18 INFO    [awc] Amundsen finished.
2025-03-31 12:17:23 INFO    [awc] Amundsen started /task.
2025-03-31 12:17:24 INFO    [awc] Amundsen finished.
2025-03-31 12:17:38 INFO    [awc] Amundsen started /task.
2025-03-31 12:17:38 INFO    [awc] Amundsen finished.
2025-03-31 12:17:44 INFO    [awc] Amundsen started /task.
2025-03-31 12:17:44 INFO    [awc] Amundsen finished.
2025-03-31 12:39:33 INFO    [awc] Amundsen started /task.
2025-03-31 12:39:34 INFO    [awc] Amundsen finished.
2025-03-31 13:50:23 INFO    [awc] Amundsen started /task.
2025-03-31 13:50:23 INFO    [awc] Amundsen finished.
2025-03-31 13:50:27 INFO    [awc] Amundsen started /task.
2025-03-31 13:50:27 INFO    [awc] Amundsen finished.
2025-03-31 14:46:12 INFO    [awc] Amundsen started /task.
2025-03-31 14:46:12 INFO    [awc] Amundsen finished.
2025-03-31 14:46:15 INFO    [awc] Amundsen started /task.
2025-03-31 14:46:15 INFO    [awc] Amundsen finished.
2025-03-31 16:13:21 INFO    [awc] Amundsen started /task.
2025-03-31 16:13:22 INFO    [awc] Amundsen finished.
2025-03-31 16:13:29 INFO    [awc] Amundsen started /task.
2025-03-31 16:13:30 INFO    [awc] Amundsen finished.
2025-03-31 16:13:41 INFO    [awc] Amundsen started /task.
2025-03-31 16:13:41 INFO    [awc] Amundsen finished.
2025-03-31 16:13:43 INFO    [awc] Amundsen started /task.
2025-03-31 16:13:44 INFO    [awc] Amundsen finished.
2025-03-31 21:20:02 INFO    [awc] Amundsen started /task.
2025-03-31 21:20:03 INFO    [awc] Amundsen finished.
2025-03-31 21:20:08 INFO    [awc] Amundsen started /task.
2025-03-31 21:20:08 INFO    [awc] Amundsen finished.
2025-03-31 21:20:10 INFO    [awc] Amundsen started /task.
2025-03-31 21:20:10 INFO    [awc] Amundsen finished.
2025-04-01 14:18:28 INFO    [awc] Amundsen started /task.
2025-04-01 14:18:29 INFO    [awc] Amundsen finished.
2025-04-01 14:18:30 INFO    [awc] Amundsen started /task.
2025-04-01 14:18:31 INFO    [awc] Amundsen finished.
2025-04-01 14:18:37 INFO    [awc] Amundsen started /task.
2025-04-01 14:18:38 INFO    [awc] Amundsen finished.
2025-04-01 14:18:50 INFO    [awc] Amundsen started /task.
2025-04-01 14:18:51 INFO    [awc] Amundsen finished.
2025-04-01 15:06:08 INFO    [awc] Amundsen started /task.
2025-04-01 15:06:09 INFO    [awc] Amundsen finished.
2025-04-01 15:06:09 INFO    [awc] Amundsen started /task.
2025-04-01 15:06:09 INFO    [awc] Amundsen finished.
2025-04-01 15:06:12 INFO    [awc] Amundsen started /task.
2025-04-01 15:06:12 INFO    [awc] Amundsen finished.
2025-04-01 15:32:16 INFO    [awc] Amundsen started /task.
2025-04-01 15:32:16 INFO    [awc] Amundsen finished.
2025-04-01 15:32:19 INFO    [awc] Amundsen started /task.
2025-04-01 15:32:20 INFO    [awc] Amundsen finished.
2025-04-01 18:48:08 INFO    [awc] Amundsen started /task.
2025-04-01 18:52:09 INFO    [awc] Amundsen started /task.
2025-04-01 18:52:09 INFO    [awc] Amundsen finished.
2025-04-01 18:52:12 INFO    [awc] Amundsen started /task.
2025-04-01 18:52:12 INFO    [awc] Amundsen finished.
2025-04-01 18:54:11 INFO    [awc] Amundsen started /task.
2025-04-01 18:54:12 INFO    [awc] Amundsen finished.
2025-04-01 18:54:14 INFO    [awc] Amundsen started /task.
2025-04-01 18:54:15 INFO    [awc] Amundsen finished.
2025-04-01 19:44:24 INFO    [awc] Amundsen started /task.
2025-04-01 19:44:25 INFO    [awc] Amundsen finished.
2025-04-01 20:46:40 INFO    [awc] Amundsen started /task.
2025-04-01 20:46:40 INFO    [awc] Amundsen finished.
2025-04-01 20:48:00 INFO    [awc] Amundsen started /task.
2025-04-01 20:48:00 INFO    [awc] Amundsen finished.
2025-04-02 12:59:48 INFO    [awc] Amundsen started /task.
2025-04-02 12:59:49 INFO    [awc] Amundsen finished.
2025-04-02 13:00:03 INFO    [awc] Amundsen started /task.
2025-04-02 13:00:03 INFO    [awc] Amundsen finished.
2025-04-02 14:05:28 INFO    [awc] Amundsen started /task.
2025-04-02 14:05:28 INFO    [awc] Amundsen finished.
2025-04-02 14:05:31 INFO    [awc] Amundsen started /task.
2025-04-02 14:05:31 INFO    [awc] Amundsen finished.
2025-04-02 16:01:27 INFO    [awc] Amundsen started /task.
2025-04-02 16:01:27 INFO    [awc] Amundsen finished.
2025-04-02 16:02:05 INFO    [awc] Amundsen started /task.
2025-04-02 16:02:06 INFO    [awc] Amundsen finished.
2025-04-02 16:02:09 INFO    [awc] Amundsen started /task.
2025-04-02 16:02:10 INFO    [awc] Amundsen finished.
2025-04-02 17:04:51 INFO    [awc] Amundsen started /task.
2025-04-02 17:04:51 INFO    [awc] Amundsen finished.
2025-04-02 17:04:56 INFO    [awc] Amundsen started /task.
2025-04-02 17:04:56 INFO    [awc] Amundsen finished.
2025-04-02 17:41:56 INFO    [awc] Amundsen started /task.
2025-04-02 17:41:56 INFO    [awc] Amundsen finished.
2025-04-02 17:41:58 INFO    [awc] Amundsen started /task.
2025-04-02 17:41:58 INFO    [awc] Amundsen finished.
2025-04-02 17:42:03 INFO    [awc] Amundsen started /task.
2025-04-02 17:42:04 INFO    [awc] Amundsen finished.
2025-04-02 20:59:32 INFO    [awc] Amundsen started /task.
2025-04-02 20:59:33 INFO    [awc] Amundsen finished.
2025-04-02 20:59:35 INFO    [awc] Amundsen started /task.
2025-04-02 20:59:35 INFO    [awc] Amundsen finished.
2025-04-03 01:48:26 INFO    [awc] Amundsen started /task.
2025-04-03 01:48:26 INFO    [awc] Amundsen finished.
2025-04-03 01:48:34 INFO    [awc] Amundsen started /task.
2025-04-03 01:48:34 INFO    [awc] Amundsen finished.
2025-04-03 02:59:02 INFO    [awc] Amundsen started /task.
2025-04-03 02:59:02 INFO    [awc] Amundsen finished.
2025-04-03 14:06:35 INFO    [awc] Amundsen started /task.
2025-04-03 14:10:40 INFO    [awc] Amundsen started /task.
2025-04-03 14:10:40 INFO    [awc] Amundsen finished.
2025-04-03 14:11:11 INFO    [awc] Amundsen started /task.
2025-04-03 14:11:11 INFO    [awc] Amundsen finished.
2025-04-03 14:11:28 INFO    [awc] Amundsen started /task.
2025-04-03 14:11:28 INFO    [awc] Amundsen finished.
2025-04-03 14:11:31 INFO    [awc] Amundsen started /task.
2025-04-03 14:11:31 INFO    [awc] Amundsen finished.
2025-04-03 14:37:35 INFO    [awc] Amundsen started /task.
2025-04-03 14:37:35 INFO    [awc] Amundsen finished.
2025-04-03 14:37:39 INFO    [awc] Amundsen started /task.
2025-04-03 14:37:39 INFO    [awc] Amundsen finished.
2025-04-03 16:54:12 INFO    [awc] Amundsen started /task.
2025-04-03 16:54:16 INFO    [awc] Amundsen started /task.
2025-04-03 16:54:45 INFO    [awc] Amundsen started /task.
2025-04-03 16:54:46 INFO    [awc] Amundsen finished.
2025-04-03 16:54:53 INFO    [awc] Amundsen started /task.
2025-04-03 16:54:53 INFO    [awc] Amundsen finished.
2025-04-03 16:58:19 INFO    [awc] Amundsen started /task.
2025-04-03 16:58:20 INFO    [awc] Amundsen finished.
2025-04-03 16:58:23 INFO    [awc] Amundsen started /task.
2025-04-03 16:58:23 INFO    [awc] Amundsen finished.
2025-04-03 20:41:20 INFO    [awc] Amundsen started /task.
2025-04-03 20:41:26 INFO    [awc] Amundsen started /task.
2025-04-03 20:45:38 INFO    [awc] Amundsen started /task.
2025-04-03 20:45:38 INFO    [awc] Amundsen finished.
2025-04-03 20:45:42 INFO    [awc] Amundsen started /task.
2025-04-03 20:45:42 INFO    [awc] Amundsen finished.
2025-04-03 22:06:17 INFO    [awc] Amundsen started /task.
2025-04-03 22:06:18 INFO    [awc] Amundsen finished.
2025-04-03 22:06:20 INFO    [awc] Amundsen started /task.
2025-04-03 22:06:20 INFO    [awc] Amundsen finished.
2025-04-03 23:17:02 INFO    [awc] Amundsen started /task.
2025-04-03 23:28:33 INFO    [awc] Amundsen started /task.
2025-04-03 23:28:34 INFO    [awc] Amundsen finished.
2025-04-04 01:35:30 INFO    [awc] Amundsen started /task.
2025-04-04 01:35:31 INFO    [awc] Amundsen finished.
2025-04-04 01:35:34 INFO    [awc] Amundsen started /task.
2025-04-04 01:35:34 INFO    [awc] Amundsen finished.
2025-04-04 09:02:51 INFO    [awc] Amundsen started /task.
2025-04-04 09:02:51 INFO    [awc] Amundsen finished.
2025-04-04 09:02:55 INFO    [awc] Amundsen started /task.
2025-04-04 09:02:55 INFO    [awc] Amundsen finished.
2025-04-04 09:02:58 INFO    [awc] Amundsen started /task.
2025-04-04 09:02:59 INFO    [awc] Amundsen finished.
2025-04-04 09:04:58 INFO    [awc] Amundsen started /task.
2025-04-04 09:04:58 INFO    [awc] Amundsen finished.
2025-04-04 09:05:02 INFO    [awc] Amundsen started /task.
2025-04-04 09:05:02 INFO    [awc] Amundsen finished.
2025-04-04 09:51:24 INFO    [awc] Amundsen started /task.
2025-04-04 09:51:24 INFO    [awc] Amundsen finished.
2025-04-04 09:51:28 INFO    [awc] Amundsen started /task.
2025-04-04 09:51:28 INFO    [awc] Amundsen finished.
2025-04-04 10:53:12 INFO    [awc] Amundsen started /task.
2025-04-04 10:53:13 INFO    [awc] Amundsen finished.
2025-04-04 10:53:17 INFO    [awc] Amundsen started /task.
2025-04-04 10:53:18 INFO    [awc] Amundsen finished.
2025-04-04 10:53:52 INFO    [awc] Amundsen started /task.
2025-04-04 10:53:52 INFO    [awc] Amundsen finished.
2025-04-04 10:53:55 INFO    [awc] Amundsen started /task.
2025-04-04 10:53:55 INFO    [awc] Amundsen finished.
2025-04-04 13:30:40 INFO    [awc] Amundsen started /task.
2025-04-04 13:30:41 INFO    [awc] Amundsen finished.
2025-04-04 13:30:44 INFO    [awc] Amundsen started /task.
2025-04-04 13:30:44 INFO    [awc] Amundsen finished.
2025-04-04 14:01:12 INFO    [awc] Amundsen started /task.
2025-04-04 14:01:12 INFO    [awc] Amundsen finished.
2025-04-04 14:01:15 INFO    [awc] Amundsen started /task.
2025-04-04 14:01:15 INFO    [awc] Amundsen finished.
2025-04-04 15:32:48 INFO    [awc] Amundsen started /task.
2025-04-04 15:32:48 INFO    [awc] Amundsen finished.
2025-04-04 15:34:28 INFO    [awc] Amundsen started /task.
2025-04-04 15:34:29 INFO    [awc] Amundsen finished.
2025-04-04 15:34:32 INFO    [awc] Amundsen started /task.
2025-04-04 15:34:32 INFO    [awc] Amundsen finished.
2025-04-04 17:24:18 INFO    [awc] Amundsen started /task.
2025-04-04 17:24:19 INFO    [awc] Amundsen finished.
2025-04-04 17:24:25 INFO    [awc] Amundsen started /task.
2025-04-04 17:24:25 INFO    [awc] Amundsen finished.
2025-04-04 17:25:40 INFO    [awc] Amundsen started /task.
2025-04-04 17:25:40 INFO    [awc] Amundsen finished.
2025-04-04 17:25:42 INFO    [awc] Amundsen started /task.
2025-04-04 17:25:43 INFO    [awc] Amundsen finished.
2025-04-04 21:11:24 INFO    [awc] Amundsen started /task.
2025-04-04 21:11:25 INFO    [awc] Amundsen finished.
2025-04-04 21:11:27 INFO    [awc] Amundsen started /task.
2025-04-04 21:11:27 INFO    [awc] Amundsen finished.
2025-04-04 21:11:30 INFO    [awc] Amundsen started /task.
2025-04-04 21:11:31 INFO    [awc] Amundsen finished.
2025-04-04 21:11:42 INFO    [awc] Amundsen started /task.
2025-04-04 21:11:42 INFO    [awc] Amundsen finished.
2025-04-05 08:32:58 INFO    [awc] Amundsen started /task.
2025-04-05 09:39:23 INFO    [awc] Amundsen started /task.
2025-04-05 09:43:28 INFO    [awc] Amundsen started /task.
2025-04-05 09:43:32 INFO    [awc] Amundsen finished.
2025-04-05 09:46:42 INFO    [awc] Amundsen started /task.
2025-04-05 09:46:43 INFO    [awc] Amundsen finished.
2025-04-05 09:46:43 INFO    [awc] Amundsen started /task.
2025-04-05 09:46:44 INFO    [awc] Amundsen finished.
2025-04-05 09:46:47 INFO    [awc] Amundsen started /task.
2025-04-05 09:46:47 INFO    [awc] Amundsen finished.
2025-04-05 09:47:29 INFO    [awc] Amundsen started /task.
2025-04-05 09:47:29 INFO    [awc] Amundsen finished.
2025-04-05 10:24:36 INFO    [awc] Amundsen started /task.
2025-04-05 10:24:36 INFO    [awc] Time interval elapsed.
2025-04-05 10:24:36 INFO    [awc] Device profile read.
2025-04-05 10:24:36 INFO    [awc] Downloading AmundsHusky.
2025-04-05 10:24:38 INFO    [awc] AmundsAPI flag=acer/240513
2025-04-05 10:24:38 INFO    [awc] Query configuration successful.
2025-04-05 10:24:38 INFO    [awc] Amundsen finished.
2025-04-05 10:24:39 INFO    [awc] Amundsen started /task.
2025-04-05 10:24:39 INFO    [awc] Amundsen finished.
2025-04-05 10:28:06 INFO    [awc] Amundsen started /task.
2025-04-05 10:28:06 INFO    [awc] Amundsen finished.
2025-04-05 10:28:10 INFO    [awc] Amundsen started /task.
2025-04-05 10:28:10 INFO    [awc] Amundsen finished.
2025-04-05 10:51:49 INFO    [awc] Amundsen started /task.
2025-04-05 10:55:51 INFO    [awc] Amundsen started /task.
2025-04-05 10:55:52 INFO    [awc] Amundsen finished.
2025-04-05 10:55:55 INFO    [awc] Amundsen started /task.
2025-04-05 10:55:55 INFO    [awc] Amundsen finished.
2025-04-05 11:44:56 INFO    [awc] Amundsen started /task.
2025-04-05 11:44:56 INFO    [awc] Amundsen finished.
2025-04-05 11:45:14 INFO    [awc] Amundsen started /task.
2025-04-05 11:45:14 INFO    [awc] Amundsen finished.
2025-04-05 11:58:55 INFO    [awc] Amundsen started /task.
2025-04-05 11:58:56 INFO    [awc] Amundsen finished.
2025-04-05 11:59:00 INFO    [awc] Amundsen started /task.
2025-04-05 11:59:00 INFO    [awc] Amundsen finished.
2025-04-05 14:02:59 INFO    [awc] Amundsen started /task.
2025-04-05 14:07:06 INFO    [awc] Amundsen started /task.
2025-04-05 14:07:07 INFO    [awc] Amundsen finished.
2025-04-05 14:09:47 INFO    [awc] Amundsen started /task.
2025-04-05 14:09:48 INFO    [awc] Amundsen finished.
2025-04-05 18:20:52 INFO    [awc] Amundsen started /task.
2025-04-05 18:20:53 INFO    [awc] Amundsen finished.
2025-04-05 18:20:57 INFO    [awc] Amundsen started /task.
2025-04-05 18:20:57 INFO    [awc] Amundsen finished.
2025-04-05 19:29:41 INFO    [awc] Amundsen started /task.
2025-04-05 19:29:41 INFO    [awc] Amundsen finished.
2025-04-05 19:29:43 INFO    [awc] Amundsen started /task.
2025-04-05 19:29:44 INFO    [awc] Amundsen finished.
2025-04-05 23:44:44 INFO    [awc] Amundsen started /task.
2025-04-05 23:44:45 INFO    [awc] Amundsen finished.
2025-04-05 23:46:52 INFO    [awc] Amundsen started /task.
2025-04-05 23:46:52 INFO    [awc] Amundsen finished.
2025-04-05 23:46:55 INFO    [awc] Amundsen started /task.
2025-04-05 23:46:55 INFO    [awc] Amundsen finished.
2025-04-05 23:56:14 INFO    [awc] Amundsen started /task.
2025-04-05 23:56:15 INFO    [awc] Amundsen finished.
2025-04-06 08:25:42 INFO    [awc] Amundsen started /task.
2025-04-06 08:25:42 INFO    [awc] Amundsen finished.
2025-04-06 08:25:46 INFO    [awc] Amundsen started /task.
2025-04-06 08:25:46 INFO    [awc] Amundsen finished.
2025-04-06 10:06:02 INFO    [awc] Amundsen started /task.
2025-04-06 10:16:24 INFO    [awc] Amundsen started /task.
2025-04-06 10:20:31 INFO    [awc] Amundsen started /task.
2025-04-06 10:20:31 INFO    [awc] Amundsen finished.
2025-04-06 10:21:00 INFO    [awc] Amundsen started /task.
2025-04-06 10:21:00 INFO    [awc] Amundsen finished.
2025-04-06 14:08:12 INFO    [awc] Amundsen started /task.
2025-04-06 14:08:12 INFO    [awc] Amundsen finished.
2025-04-06 14:08:14 INFO    [awc] Amundsen started /task.
2025-04-06 14:08:15 INFO    [awc] Amundsen finished.
2025-04-06 14:08:15 INFO    [awc] Amundsen started /task.
2025-04-06 14:08:16 INFO    [awc] Amundsen finished.
2025-04-06 14:10:13 INFO    [awc] Amundsen started /task.
2025-04-06 14:10:14 INFO    [awc] Amundsen finished.
2025-04-06 18:05:04 INFO    [awc] Amundsen started /task.
2025-04-06 18:05:05 INFO    [awc] Amundsen finished.
2025-04-06 18:05:08 INFO    [awc] Amundsen started /task.
2025-04-06 18:05:08 INFO    [awc] Amundsen finished.
2025-04-06 20:02:27 INFO    [awc] Amundsen started /task.
2025-04-06 20:02:27 INFO    [awc] Amundsen finished.
2025-04-06 20:02:32 INFO    [awc] Amundsen started /task.
2025-04-06 20:02:32 INFO    [awc] Amundsen finished.
2025-04-06 23:19:44 INFO    [awc] Amundsen started /task.
2025-04-06 23:23:48 INFO    [awc] Amundsen started /task.
2025-04-06 23:23:48 INFO    [awc] Amundsen finished.
2025-04-06 23:23:50 INFO    [awc] Amundsen started /task.
2025-04-06 23:23:50 INFO    [awc] Amundsen finished.
2025-04-07 08:52:29 INFO    [awc] Amundsen started /task.
2025-04-07 08:52:29 INFO    [awc] Amundsen finished.
2025-04-07 08:53:11 INFO    [awc] Amundsen started /task.
2025-04-07 08:53:12 INFO    [awc] Amundsen finished.
2025-04-07 08:55:22 INFO    [awc] Amundsen started /task.
2025-04-07 08:55:23 INFO    [awc] Amundsen finished.
2025-04-07 08:55:26 INFO    [awc] Amundsen started /task.
2025-04-07 08:55:26 INFO    [awc] Amundsen finished.
2025-04-07 09:18:03 INFO    [awc] Amundsen started /task.
2025-04-07 09:18:03 INFO    [awc] Amundsen finished.
2025-04-07 09:18:06 INFO    [awc] Amundsen started /task.
2025-04-07 09:18:06 INFO    [awc] Amundsen finished.
2025-04-07 09:18:13 INFO    [awc] Amundsen started /task.
2025-04-07 09:18:13 INFO    [awc] Amundsen finished.
2025-04-07 09:20:04 INFO    [awc] Amundsen started /task.
2025-04-07 09:20:05 INFO    [awc] Amundsen finished.
2025-04-07 12:58:00 INFO    [awc] Amundsen started /task.
2025-04-07 12:58:00 INFO    [awc] Amundsen finished.
2025-04-07 12:58:04 INFO    [awc] Amundsen started /task.
2025-04-07 12:58:04 INFO    [awc] Amundsen finished.
2025-04-07 16:09:19 INFO    [awc] Amundsen started /task.
2025-04-07 16:09:20 INFO    [awc] Amundsen finished.
2025-04-07 17:30:51 INFO    [awc] Amundsen started /task.
2025-04-07 17:30:52 INFO    [awc] Amundsen finished.
2025-04-07 17:32:50 INFO    [awc] Amundsen started /task.
2025-04-07 17:32:51 INFO    [awc] Amundsen finished.
2025-04-07 17:32:55 INFO    [awc] Amundsen started /task.
2025-04-07 17:32:56 INFO    [awc] Amundsen finished.
2025-04-07 20:29:20 INFO    [awc] Amundsen started /task.
2025-04-07 20:29:20 INFO    [awc] Amundsen finished.
2025-04-07 20:29:23 INFO    [awc] Amundsen started /task.
2025-04-07 20:29:24 INFO    [awc] Amundsen finished.
2025-04-07 20:31:09 INFO    [awc] Amundsen started /task.
2025-04-07 20:31:10 INFO    [awc] Amundsen finished.
2025-04-07 20:37:30 INFO    [awc] Amundsen started /task.
2025-04-07 20:46:55 INFO    [awc] Amundsen started /task.
2025-04-07 20:46:56 INFO    [awc] Amundsen finished.
2025-04-07 20:48:57 INFO    [awc] Amundsen started /task.
2025-04-07 20:48:57 INFO    [awc] Amundsen finished.
2025-04-07 20:49:04 INFO    [awc] Amundsen started /task.
2025-04-07 20:49:04 INFO    [awc] Amundsen finished.
2025-04-07 20:49:05 INFO    [awc] Amundsen started /task.
2025-04-07 20:49:05 INFO    [awc] Amundsen finished.
2025-04-07 20:49:06 INFO    [awc] Amundsen started /task.
2025-04-07 20:49:07 INFO    [awc] Amundsen finished.
2025-04-07 20:49:43 INFO    [awc] Amundsen started /task.
2025-04-07 20:49:43 INFO    [awc] Amundsen finished.
2025-04-07 20:55:50 INFO    [awc] Amundsen started /task.
2025-04-07 20:55:51 INFO    [awc] Amundsen finished.
2025-04-07 21:01:43 INFO    [awc] Amundsen started /task.
2025-04-07 21:01:43 INFO    [awc] Amundsen finished.
2025-04-07 21:01:46 INFO    [awc] Amundsen started /task.
2025-04-07 21:01:46 INFO    [awc] Amundsen finished.
2025-04-07 22:08:19 INFO    [awc] Amundsen started /task.
2025-04-07 22:08:34 INFO    [awc] Amundsen started /task.
2025-04-07 22:09:43 INFO    [awc] Amundsen started /task.
2025-04-07 22:13:12 INFO    [awc] Amundsen started /task.
2025-04-07 22:18:56 INFO    [awc] Amundsen started /task.
2025-04-07 22:18:56 INFO    [awc] Amundsen finished.
2025-04-07 22:19:48 INFO    [awc] Amundsen started /task.
2025-04-07 22:19:48 INFO    [awc] Amundsen finished.
2025-04-07 22:19:52 INFO    [awc] Amundsen started /task.
2025-04-07 22:19:52 INFO    [awc] Amundsen finished.
2025-04-08 00:58:51 INFO    [awc] Amundsen started /task.
2025-04-08 08:09:13 INFO    [awc] Amundsen started /task.
2025-04-08 08:09:14 INFO    [awc] Amundsen finished.
2025-04-08 08:09:15 INFO    [awc] Amundsen started /task.
2025-04-08 08:09:15 INFO    [awc] Amundsen finished.
2025-04-08 08:09:19 INFO    [awc] Amundsen started /task.
2025-04-08 08:09:19 INFO    [awc] Amundsen finished.
2025-04-08 08:10:45 INFO    [awc] Amundsen started /task.
2025-04-08 08:10:46 INFO    [awc] Amundsen finished.
2025-04-08 08:11:16 INFO    [awc] Amundsen started /task.
2025-04-08 08:11:17 INFO    [awc] Amundsen finished.
2025-04-08 09:04:06 INFO    [awc] Amundsen started /task.
2025-04-08 09:04:07 INFO    [awc] Amundsen finished.
2025-04-08 09:04:07 INFO    [awc] Amundsen started /task.
2025-04-08 09:04:08 INFO    [awc] Amundsen finished.
2025-04-08 09:15:48 INFO    [awc] Amundsen started /task.
2025-04-08 09:21:05 INFO    [awc] Amundsen started /task.
2025-04-08 09:21:06 INFO    [awc] Amundsen finished.
2025-04-08 09:21:12 INFO    [awc] Amundsen started /task.
2025-04-08 09:21:12 INFO    [awc] Amundsen finished.
2025-04-08 09:21:16 INFO    [awc] Amundsen started /task.
2025-04-08 09:21:16 INFO    [awc] Amundsen finished.
2025-04-08 09:25:45 INFO    [awc] Amundsen started /task.
2025-04-08 09:25:45 INFO    [awc] Amundsen finished.
2025-04-08 09:32:54 INFO    [awc] Amundsen started /task.
2025-04-08 09:32:54 INFO    [awc] Amundsen finished.
2025-04-08 11:18:29 INFO    [awc] Amundsen started /task.
2025-04-08 11:18:29 INFO    [awc] Amundsen finished.
2025-04-08 11:31:56 INFO    [awc] Amundsen started /task.
2025-04-08 11:31:56 INFO    [awc] Amundsen finished.
2025-04-08 11:32:01 INFO    [awc] Amundsen started /task.
2025-04-08 11:32:02 INFO    [awc] Amundsen finished.
2025-04-08 11:35:11 INFO    [awc] Amundsen started /task.
2025-04-08 11:35:11 INFO    [awc] Amundsen finished.
2025-04-08 11:35:18 INFO    [awc] Amundsen started /task.
2025-04-08 11:35:18 INFO    [awc] Amundsen finished.
2025-04-08 11:36:26 INFO    [awc] Amundsen started /task.
2025-04-08 11:36:26 INFO    [awc] Amundsen finished.
2025-04-08 12:17:37 INFO    [awc] Amundsen started /task.
2025-04-08 12:17:38 INFO    [awc] Amundsen finished.
2025-04-08 13:02:52 INFO    [awc] Amundsen started /task.
2025-04-08 13:02:53 INFO    [awc] Amundsen finished.
2025-04-08 13:02:54 INFO    [awc] Amundsen started /task.
2025-04-08 13:02:54 INFO    [awc] Amundsen finished.
2025-04-08 16:02:27 INFO    [awc] Amundsen started /task.
2025-04-08 16:02:27 INFO    [awc] Amundsen finished.
2025-04-08 16:03:01 INFO    [awc] Amundsen started /task.
2025-04-08 16:03:01 INFO    [awc] Amundsen finished.
2025-04-08 16:03:22 INFO    [awc] Amundsen started /task.
2025-04-08 16:03:23 INFO    [awc] Amundsen finished.
2025-04-08 16:03:26 INFO    [awc] Amundsen started /task.
2025-04-08 16:03:26 INFO    [awc] Amundsen finished.
2025-04-08 16:47:48 INFO    [awc] Amundsen started /task.
2025-04-08 16:47:48 INFO    [awc] Amundsen finished.
2025-04-08 16:47:51 INFO    [awc] Amundsen started /task.
2025-04-08 16:47:51 INFO    [awc] Amundsen finished.
2025-04-08 18:28:14 INFO    [awc] Amundsen started /task.
2025-04-08 18:28:35 INFO    [awc] Amundsen started /task.
2025-04-08 18:32:16 INFO    [awc] Amundsen started /task.
2025-04-08 18:32:16 INFO    [awc] Amundsen finished.
2025-04-08 18:32:20 INFO    [awc] Amundsen started /task.
2025-04-08 18:32:20 INFO    [awc] Amundsen finished.
2025-04-08 18:33:02 INFO    [awc] Amundsen started /task.
2025-04-08 18:33:02 INFO    [awc] Amundsen finished.
2025-04-08 19:29:44 INFO    [awc] Amundsen started /task.
2025-04-08 19:29:45 INFO    [awc] Amundsen finished.
2025-04-08 19:29:47 INFO    [awc] Amundsen started /task.
2025-04-08 19:29:48 INFO    [awc] Amundsen finished.
2025-04-08 20:44:06 INFO    [awc] Amundsen started /task.
2025-04-08 20:44:11 INFO    [awc] Amundsen finished.
2025-04-08 20:48:07 INFO    [awc] Amundsen started /task.
2025-04-08 20:48:07 INFO    [awc] Amundsen finished.
2025-04-08 20:48:12 INFO    [awc] Amundsen started /task.
2025-04-08 20:48:12 INFO    [awc] Amundsen finished.
2025-04-08 22:48:01 INFO    [awc] Amundsen started /task.
2025-04-08 22:48:01 INFO    [awc] Amundsen finished.
2025-04-08 22:48:04 INFO    [awc] Amundsen started /task.
2025-04-08 22:48:05 INFO    [awc] Amundsen finished.
2025-04-08 23:14:23 INFO    [awc] Amundsen started /task.
2025-04-08 23:14:24 INFO    [awc] Amundsen finished.
2025-04-08 23:14:24 INFO    [awc] Amundsen started /task.
2025-04-08 23:14:25 INFO    [awc] Amundsen finished.
2025-04-08 23:14:28 INFO    [awc] Amundsen started /task.
2025-04-08 23:14:29 INFO    [awc] Amundsen finished.
2025-04-09 00:28:27 INFO    [awc] Amundsen started /task.
2025-04-09 00:28:36 INFO    [awc] Amundsen finished.
2025-04-09 00:32:29 INFO    [awc] Amundsen started /task.
2025-04-09 00:32:29 INFO    [awc] Amundsen finished.
2025-04-09 00:32:32 INFO    [awc] Amundsen started /task.
2025-04-09 00:32:32 INFO    [awc] Amundsen finished.
2025-04-09 08:47:44 INFO    [awc] Amundsen started /task.
2025-04-09 08:51:45 INFO    [awc] Amundsen started /task.
2025-04-09 08:51:45 INFO    [awc] Amundsen finished.
2025-04-09 08:51:49 INFO    [awc] Amundsen started /task.
2025-04-09 08:51:50 INFO    [awc] Amundsen finished.
2025-04-09 08:54:47 INFO    [awc] Amundsen started /task.
2025-04-09 08:54:47 INFO    [awc] Amundsen finished.
2025-04-09 08:54:48 INFO    [awc] Amundsen started /task.
2025-04-09 08:54:48 INFO    [awc] Amundsen finished.
2025-04-09 10:47:37 INFO    [awc] Amundsen started /task.
2025-04-09 10:47:38 INFO    [awc] Amundsen finished.
2025-04-09 11:16:40 INFO    [awc] Amundsen started /task.
2025-04-09 11:16:40 INFO    [awc] Amundsen finished.
2025-04-09 11:16:41 INFO    [awc] Amundsen started /task.
2025-04-09 11:16:42 INFO    [awc] Amundsen finished.
2025-04-09 11:18:26 INFO    [awc] Amundsen started /task.
2025-04-09 11:18:28 INFO    [awc] Amundsen finished.
2025-04-09 14:08:39 INFO    [awc] Amundsen started /task.
2025-04-09 14:08:39 INFO    [awc] Amundsen finished.
2025-04-09 14:25:41 INFO    [awc] Amundsen started /task.
2025-04-09 14:25:42 INFO    [awc] Amundsen finished.
2025-04-09 14:25:43 INFO    [awc] Amundsen started /task.
2025-04-09 14:25:44 INFO    [awc] Amundsen finished.
2025-04-09 14:32:45 INFO    [awc] Amundsen started /task.
2025-04-09 14:32:46 INFO    [awc] Amundsen finished.
2025-04-09 14:32:46 INFO    [awc] Amundsen started /task.
2025-04-09 14:32:46 INFO    [awc] Amundsen finished.
2025-04-09 14:37:35 INFO    [awc] Amundsen started /task.
2025-04-09 14:37:36 INFO    [awc] Amundsen finished.
2025-04-09 14:51:53 INFO    [awc] Amundsen started /task.
2025-04-09 14:51:54 INFO    [awc] Amundsen finished.
2025-04-09 16:03:46 INFO    [awc] Amundsen started /task.
2025-04-09 16:03:46 INFO    [awc] Amundsen finished.
2025-04-09 18:19:20 INFO    [awc] Amundsen started /task.
2025-04-09 18:19:20 INFO    [awc] Amundsen finished.
2025-04-09 18:19:54 INFO    [awc] Amundsen started /task.
2025-04-09 18:19:54 INFO    [awc] Amundsen finished.
2025-04-10 07:30:53 INFO    [awc] Amundsen started /task.
2025-04-10 07:34:53 INFO    [awc] Amundsen started /task.
2025-04-10 07:34:54 INFO    [awc] Amundsen finished.
2025-04-10 07:34:59 INFO    [awc] Amundsen started /task.
2025-04-10 07:34:59 INFO    [awc] Amundsen finished.
2025-04-10 07:35:08 INFO    [awc] Amundsen started /task.
2025-04-10 07:35:08 INFO    [awc] Amundsen finished.
2025-04-10 07:35:11 INFO    [awc] Amundsen started /task.
2025-04-10 07:35:12 INFO    [awc] Amundsen finished.
2025-04-10 09:06:13 INFO    [awc] Amundsen started /task.
2025-04-10 09:11:00 INFO    [awc] Amundsen started /task.
2025-04-10 09:11:01 INFO    [awc] Amundsen finished.
2025-04-10 12:35:34 INFO    [awc] Amundsen started /task.
2025-04-10 12:35:34 INFO    [awc] Amundsen finished.
2025-04-10 12:36:14 INFO    [awc] Amundsen started /task.
2025-04-10 12:36:15 INFO    [awc] Amundsen finished.
2025-04-10 17:54:37 INFO    [awc] Amundsen started /task.
2025-04-10 17:59:02 INFO    [awc] Amundsen started /task.
2025-04-10 17:59:02 INFO    [awc] Amundsen finished.
2025-04-10 17:59:07 INFO    [awc] Amundsen started /task.
2025-04-10 17:59:07 INFO    [awc] Amundsen finished.
2025-04-10 19:08:23 INFO    [awc] Amundsen started /task.
2025-04-10 19:08:23 INFO    [awc] Amundsen finished.
2025-04-10 19:08:32 INFO    [awc] Amundsen started /task.
2025-04-10 19:08:33 INFO    [awc] Amundsen finished.
2025-04-10 19:09:18 INFO    [awc] Amundsen started /task.
2025-04-10 19:09:19 INFO    [awc] Amundsen finished.
2025-04-10 19:10:33 INFO    [awc] Amundsen started /task.
2025-04-10 19:10:34 INFO    [awc] Amundsen finished.
2025-04-10 23:04:09 INFO    [awc] Amundsen started /task.
2025-04-10 23:04:10 INFO    [awc] Amundsen finished.
2025-04-10 23:04:12 INFO    [awc] Amundsen started /task.
2025-04-10 23:04:12 INFO    [awc] Amundsen finished.
2025-04-10 23:36:19 INFO    [awc] Amundsen started /task.
2025-04-10 23:36:20 INFO    [awc] Amundsen finished.
2025-04-10 23:42:48 INFO    [awc] Amundsen started /task.
2025-04-10 23:42:49 INFO    [awc] Amundsen finished.
2025-04-11 00:12:46 INFO    [awc] Amundsen started /task.
2025-04-11 00:12:47 INFO    [awc] Amundsen finished.
2025-04-11 00:13:05 INFO    [awc] Amundsen started /task.
2025-04-11 00:13:05 INFO    [awc] Amundsen finished.
2025-04-11 02:59:03 INFO    [awc] Amundsen started /task.
2025-04-11 02:59:04 INFO    [awc] Amundsen finished.
2025-04-11 06:38:58 INFO    [awc] Amundsen started /task.
2025-04-11 08:26:45 INFO    [awc] Amundsen started /task.
2025-04-11 08:30:55 INFO    [awc] Amundsen started /task.
2025-04-11 08:30:56 INFO    [awc] Amundsen finished.
2025-04-11 08:30:57 INFO    [awc] Amundsen started /task.
2025-04-11 08:30:58 INFO    [awc] Amundsen finished.
2025-04-11 08:31:32 INFO    [awc] Amundsen started /task.
2025-04-11 08:31:33 INFO    [awc] Amundsen finished.
2025-04-11 08:31:35 INFO    [awc] Amundsen started /task.
2025-04-11 08:31:35 INFO    [awc] Amundsen finished.
2025-04-11 08:35:10 INFO    [awc] Amundsen started /task.
2025-04-11 08:35:10 INFO    [awc] Amundsen finished.
2025-04-11 08:35:11 INFO    [awc] Amundsen started /task.
2025-04-11 08:35:12 INFO    [awc] Amundsen finished.
2025-04-11 08:56:02 INFO    [awc] Amundsen started /task.
2025-04-11 08:56:02 INFO    [awc] Amundsen finished.
2025-04-11 08:58:00 INFO    [awc] Amundsen started /task.
2025-04-11 08:58:00 INFO    [awc] Amundsen finished.
2025-04-11 13:10:55 INFO    [awc] Amundsen started /task.
2025-04-11 13:10:56 INFO    [awc] Amundsen finished.
2025-04-11 13:13:52 INFO    [awc] Amundsen started /task.
2025-04-11 13:13:52 INFO    [awc] Amundsen finished.
2025-04-11 13:14:29 INFO    [awc] Amundsen started /task.
2025-04-11 13:14:30 INFO    [awc] Amundsen finished.
2025-04-11 13:58:51 INFO    [awc] Amundsen started /task.
2025-04-11 13:58:51 INFO    [awc] Amundsen finished.
2025-04-11 13:58:54 INFO    [awc] Amundsen started /task.
2025-04-11 13:58:54 INFO    [awc] Amundsen finished.
2025-04-11 14:36:02 INFO    [awc] Amundsen started /task.
2025-04-11 14:36:02 INFO    [awc] Amundsen finished.
2025-04-11 14:36:04 INFO    [awc] Amundsen started /task.
2025-04-11 14:36:05 INFO    [awc] Amundsen finished.
2025-04-11 16:24:11 INFO    [awc] Amundsen started /task.
2025-04-11 16:30:11 INFO    [awc] Amundsen started /task.
2025-04-11 16:30:12 INFO    [awc] Amundsen finished.
2025-04-11 16:33:23 INFO    [awc] Amundsen started /task.
2025-04-11 16:33:23 INFO    [awc] Amundsen finished.
2025-04-11 16:59:48 INFO    [awc] Amundsen started /task.
2025-04-11 16:59:49 INFO    [awc] Amundsen finished.
2025-04-11 16:59:52 INFO    [awc] Amundsen started /task.
2025-04-11 16:59:53 INFO    [awc] Amundsen finished.
2025-04-12 08:17:41 INFO    [awc] Amundsen started /task.
2025-04-12 08:17:59 INFO    [awc] Amundsen finished.
2025-04-12 08:21:46 INFO    [awc] Amundsen started /task.
2025-04-12 08:21:47 INFO    [awc] Amundsen finished.
2025-04-12 09:20:03 INFO    [awc] Amundsen started /task.
2025-04-12 09:20:04 INFO    [awc] Amundsen finished.
2025-04-12 09:20:09 INFO    [awc] Amundsen started /task.
2025-04-12 09:20:10 INFO    [awc] Amundsen finished.
2025-04-12 22:30:40 INFO    [awc] Amundsen started /task.
2025-04-12 22:30:41 INFO    [awc] Amundsen finished.
2025-04-12 22:30:46 INFO    [awc] Amundsen started /task.
2025-04-12 22:30:46 INFO    [awc] Amundsen finished.
2025-04-13 12:32:04 INFO    [awc] Amundsen started /task.
2025-04-13 12:32:04 INFO    [awc] Amundsen finished.
2025-04-13 12:32:07 INFO    [awc] Amundsen started /task.
2025-04-13 12:32:07 INFO    [awc] Amundsen finished.
2025-04-13 12:32:24 INFO    [awc] Amundsen started /task.
2025-04-13 12:32:25 INFO    [awc] Amundsen finished.
2025-04-13 12:34:36 INFO    [awc] Amundsen started /task.
2025-04-13 12:34:36 INFO    [awc] Amundsen finished.
2025-04-13 17:33:42 INFO    [awc] Amundsen started /task.
2025-04-13 17:33:43 INFO    [awc] Amundsen finished.
2025-04-13 17:33:47 INFO    [awc] Amundsen started /task.
2025-04-13 17:33:47 INFO    [awc] Amundsen finished.
2025-04-13 20:15:20 INFO    [awc] Amundsen started /task.
2025-04-13 20:15:20 INFO    [awc] Amundsen finished.
2025-04-13 20:15:21 INFO    [awc] Amundsen started /task.
2025-04-13 20:15:21 INFO    [awc] Amundsen finished.
2025-04-13 20:15:24 INFO    [awc] Amundsen started /task.
2025-04-13 20:15:25 INFO    [awc] Amundsen finished.
2025-04-13 21:40:47 INFO    [awc] Amundsen started /task.
2025-04-13 21:40:47 INFO    [awc] Amundsen finished.
2025-04-16 18:09:24 INFO    [awc] Amundsen started /task.
2025-04-16 18:09:25 INFO    [awc] Time interval elapsed.
2025-04-16 18:09:25 INFO    [awc] Device profile read.
2025-04-16 18:09:25 INFO    [awc] Downloading AmundsHusky.
2025-04-16 18:10:20 INFO    [awc] AmundsAPI flag=acer/240513
2025-04-16 18:10:20 INFO    [awc] Query configuration successful.
2025-04-16 18:10:21 INFO    [awc] Amundsen finished.
2025-04-17 21:13:42 INFO    [awc] Amundsen started /task.
2025-04-17 21:13:43 INFO    [awc] Amundsen finished.
2025-04-17 21:13:44 INFO    [awc] Amundsen started /task.
2025-04-17 21:13:44 INFO    [awc] Amundsen finished.
2025-04-18 08:49:26 INFO    [awc] Amundsen started /task.
2025-04-18 08:49:28 INFO    [awc] Amundsen finished.
2025-04-18 15:43:59 INFO    [awc] Amundsen started /task.
2025-04-18 15:44:00 INFO    [awc] Amundsen finished.
2025-04-18 15:44:02 INFO    [awc] Amundsen started /task.
2025-04-18 15:44:02 INFO    [awc] Amundsen finished.
2025-04-18 15:44:18 INFO    [awc] Amundsen started /task.
2025-04-18 15:44:18 INFO    [awc] Amundsen finished.
2025-04-18 16:40:20 INFO    [awc] Amundsen started /task.
2025-04-18 16:40:21 INFO    [awc] Amundsen finished.
2025-04-18 21:12:12 INFO    [awc] Amundsen started /task.
2025-04-18 21:12:24 INFO    [awc] Amundsen finished.
2025-04-18 21:12:27 INFO    [awc] Amundsen started /task.
2025-04-18 21:12:28 INFO    [awc] Amundsen finished.
2025-04-18 21:12:31 INFO    [awc] Amundsen started /task.
2025-04-18 21:12:32 INFO    [awc] Amundsen finished.
2025-04-18 21:14:17 INFO    [awc] Amundsen started /task.
2025-04-18 21:14:22 INFO    [awc] Amundsen finished.
2025-04-19 10:45:56 INFO    [awc] Amundsen started /task.
2025-04-19 10:45:58 INFO    [awc] Amundsen finished.
2025-04-19 10:49:43 INFO    [awc] Amundsen started /task.
2025-04-19 10:49:43 INFO    [awc] Amundsen finished.
2025-04-19 10:49:48 INFO    [awc] Amundsen started /task.
2025-04-19 10:49:48 INFO    [awc] Amundsen finished.
2025-04-19 16:02:45 INFO    [awc] Amundsen started /task.
2025-04-19 16:02:46 INFO    [awc] Amundsen finished.
2025-04-19 16:02:50 INFO    [awc] Amundsen started /task.
2025-04-19 16:02:50 INFO    [awc] Amundsen finished.
2025-04-19 21:19:09 INFO    [awc] Amundsen started /task.
2025-04-19 21:19:09 INFO    [awc] Amundsen finished.
2025-04-19 21:19:14 INFO    [awc] Amundsen started /task.
2025-04-19 21:19:14 INFO    [awc] Amundsen finished.
2025-04-20 17:32:41 INFO    [awc] Amundsen started /task.
2025-04-20 17:32:41 INFO    [awc] Amundsen finished.
2025-04-20 17:32:44 INFO    [awc] Amundsen started /task.
2025-04-20 17:32:44 INFO    [awc] Amundsen finished.
2025-04-20 17:33:03 INFO    [awc] Amundsen started /task.
2025-04-20 17:33:03 INFO    [awc] Amundsen finished.
2025-04-20 17:37:45 INFO    [awc] Amundsen started /task.
2025-04-20 17:37:45 INFO    [awc] Amundsen finished.
2025-04-20 18:09:24 INFO    [awc] Amundsen started /task.
2025-04-20 18:09:24 INFO    [awc] Amundsen finished.
2025-04-20 20:24:25 INFO    [awc] Amundsen started /task.
2025-04-20 20:24:26 INFO    [awc] Amundsen finished.
2025-04-20 20:24:28 INFO    [awc] Amundsen started /task.
2025-04-20 20:24:29 INFO    [awc] Amundsen finished.
2025-04-21 08:50:42 INFO    [awc] Amundsen started /task.
2025-04-21 08:50:42 INFO    [awc] Amundsen finished.
2025-04-21 08:50:47 INFO    [awc] Amundsen started /task.
2025-04-21 08:50:47 INFO    [awc] Amundsen finished.
2025-04-22 08:33:01 INFO    [awc] Amundsen started /task.
2025-04-22 08:33:02 INFO    [awc] Amundsen finished.
2025-04-22 08:33:09 INFO    [awc] Amundsen started /task.
2025-04-22 08:33:09 INFO    [awc] Amundsen finished.
2025-04-22 08:58:18 INFO    [awc] Amundsen started /task.
2025-04-22 08:58:18 INFO    [awc] Amundsen finished.
2025-04-22 08:58:22 INFO    [awc] Amundsen started /task.
2025-04-22 08:58:22 INFO    [awc] Amundsen finished.
2025-04-22 20:25:50 INFO    [awc] Amundsen started /task.
2025-04-22 20:25:51 INFO    [awc] Amundsen finished.
2025-04-22 20:25:53 INFO    [awc] Amundsen started /task.
2025-04-22 20:25:53 INFO    [awc] Amundsen finished.
2025-04-23 08:20:01 INFO    [awc] Amundsen started /task.
2025-04-23 08:20:01 INFO    [awc] Amundsen finished.
2025-04-23 08:20:04 INFO    [awc] Amundsen started /task.
2025-04-23 08:20:05 INFO    [awc] Amundsen finished.
2025-04-23 08:21:24 INFO    [awc] Amundsen started /task.
2025-04-23 08:21:24 INFO    [awc] Amundsen finished.
2025-04-24 08:23:17 INFO    [awc] Amundsen started /task.
2025-04-24 08:23:18 INFO    [awc] Amundsen finished.
2025-04-24 08:23:22 INFO    [awc] Amundsen started /task.
2025-04-24 08:23:22 INFO    [awc] Amundsen finished.
2025-04-24 08:24:05 INFO    [awc] Amundsen started /task.
2025-04-24 08:24:05 INFO    [awc] Amundsen finished.
2025-04-24 14:31:00 INFO    [awc] Amundsen started /task.
2025-04-24 14:31:01 INFO    [awc] Amundsen finished.
2025-04-24 14:31:04 INFO    [awc] Amundsen started /task.
2025-04-24 14:31:04 INFO    [awc] Amundsen finished.
2025-04-24 14:31:06 INFO    [awc] Amundsen started /task.
2025-04-24 14:31:07 INFO    [awc] Amundsen finished.
2025-04-24 19:29:30 INFO    [awc] Amundsen started /task.
2025-04-24 19:29:31 INFO    [awc] Amundsen finished.
2025-04-25 02:59:03 INFO    [awc] Amundsen started /task.
2025-04-25 02:59:04 INFO    [awc] Amundsen finished.
2025-04-26 15:32:22 INFO    [awc] Amundsen started /task.
2025-04-26 15:32:23 INFO    [awc] Amundsen finished.
2025-04-26 15:32:34 INFO    [awc] Amundsen started /task.
2025-04-26 15:32:35 INFO    [awc] Amundsen finished.
2025-04-26 15:32:42 INFO    [awc] Amundsen started /task.
2025-04-26 15:32:42 INFO    [awc] Amundsen finished.
2025-04-26 15:34:35 INFO    [awc] Amundsen started /task.
2025-04-26 15:34:35 INFO    [awc] Amundsen finished.
2025-04-26 19:02:42 INFO    [awc] Amundsen started /task.
2025-04-26 19:03:00 INFO    [awc] Time interval elapsed.
2025-04-26 19:03:00 INFO    [awc] Device profile read.
2025-04-26 19:03:00 INFO    [awc] Downloading AmundsHusky.
2025-04-26 19:03:04 INFO    [awc] AmundsAPI flag=acer/250410
2025-04-26 19:03:04 INFO    [awc] Query configuration successful.
2025-04-26 19:03:04 INFO    [awc] Amundsen finished.
2025-04-26 19:06:45 INFO    [awc] Amundsen started /task.
2025-04-26 19:06:46 INFO    [awc] Amundsen finished.
2025-04-26 19:06:48 INFO    [awc] Amundsen started /task.
2025-04-26 19:06:49 INFO    [awc] Amundsen finished.
2025-04-26 19:50:53 INFO    [awc] Amundsen started /task.
2025-04-26 19:50:53 INFO    [awc] Amundsen finished.
2025-04-26 19:50:58 INFO    [awc] Amundsen started /task.
2025-04-26 19:50:59 INFO    [awc] Amundsen finished.
2025-04-27 10:30:12 INFO    [awc] Amundsen started /task.
2025-04-27 10:30:12 INFO    [awc] Amundsen finished.
2025-04-27 10:33:12 INFO    [awc] Amundsen started /task.
2025-04-27 10:33:13 INFO    [awc] Amundsen finished.
2025-04-27 10:33:14 INFO    [awc] Amundsen started /task.
2025-04-27 10:33:15 INFO    [awc] Amundsen finished.
2025-04-28 08:48:16 INFO    [awc] Amundsen started /task.
2025-04-28 09:12:21 INFO    [awc] Amundsen started /task.
2025-04-28 09:12:24 INFO    [awc] Amundsen finished.
2025-04-28 09:13:38 INFO    [awc] Amundsen started /task.
2025-04-28 09:13:39 INFO    [awc] Amundsen finished.
2025-04-28 09:13:42 INFO    [awc] Amundsen started /task.
2025-04-28 09:13:42 INFO    [awc] Amundsen finished.
2025-04-28 09:43:43 INFO    [awc] Amundsen started /task.
2025-04-28 09:43:43 INFO    [awc] Amundsen finished.
2025-04-28 13:18:44 INFO    [awc] Amundsen started /task.
2025-04-28 13:18:44 INFO    [awc] Amundsen finished.
2025-04-28 13:19:27 INFO    [awc] Amundsen started /task.
2025-04-28 13:19:28 INFO    [awc] Amundsen finished.
2025-04-28 13:20:35 INFO    [awc] Amundsen started /task.
2025-04-28 13:20:35 INFO    [awc] Amundsen finished.
2025-04-28 13:20:44 INFO    [awc] Amundsen started /task.
2025-04-28 13:20:45 INFO    [awc] Amundsen finished.
2025-04-29 08:37:13 INFO    [awc] Amundsen started /task.
2025-04-29 08:37:28 INFO    [awc] Amundsen finished.
2025-04-29 08:41:14 INFO    [awc] Amundsen started /task.
2025-04-29 08:41:14 INFO    [awc] Amundsen finished.
2025-04-29 08:41:16 INFO    [awc] Amundsen started /task.
2025-04-29 08:41:16 INFO    [awc] Amundsen finished.
2025-04-29 08:41:18 INFO    [awc] Amundsen started /task.
2025-04-29 08:41:18 INFO    [awc] Amundsen finished.
2025-04-29 14:25:16 INFO    [awc] Amundsen started /task.
2025-04-29 14:25:17 INFO    [awc] Amundsen finished.
2025-04-29 16:36:33 INFO    [awc] Amundsen started /task.
2025-04-29 16:36:33 INFO    [awc] Amundsen finished.
2025-04-29 23:09:01 INFO    [awc] Amundsen started /task.
2025-04-29 23:09:02 INFO    [awc] Amundsen finished.
2025-04-29 23:34:45 INFO    [awc] Amundsen started /task.
2025-04-29 23:34:46 INFO    [awc] Amundsen finished.
2025-04-29 23:34:53 INFO    [awc] Amundsen started /task.
2025-04-29 23:34:53 INFO    [awc] Amundsen finished.
2025-04-29 23:36:56 INFO    [awc] Amundsen started /task.
2025-04-29 23:36:56 INFO    [awc] Amundsen finished.
2025-04-29 23:37:21 INFO    [awc] Amundsen started /task.
2025-04-29 23:37:22 INFO    [awc] Amundsen finished.
2025-04-29 23:39:37 INFO    [awc] Amundsen started /task.
2025-04-29 23:39:38 INFO    [awc] Amundsen finished.
2025-04-29 23:39:44 INFO    [awc] Amundsen started /task.
2025-04-29 23:39:45 INFO    [awc] Amundsen finished.
2025-04-29 23:39:47 INFO    [awc] Amundsen started /task.
2025-04-29 23:39:47 INFO    [awc] Amundsen finished.
2025-04-30 08:34:54 INFO    [awc] Amundsen started /task.
2025-04-30 08:34:55 INFO    [awc] Amundsen finished.
2025-04-30 08:34:59 INFO    [awc] Amundsen started /task.
2025-04-30 08:34:59 INFO    [awc] Amundsen finished.
2025-04-30 08:35:10 INFO    [awc] Amundsen started /task.
2025-04-30 08:35:10 INFO    [awc] Amundsen finished.
2025-04-30 08:35:26 INFO    [awc] Amundsen started /task.
2025-04-30 08:35:26 INFO    [awc] Amundsen finished.
2025-04-30 18:17:23 INFO    [awc] Amundsen started /task.
2025-04-30 18:17:24 INFO    [awc] Amundsen finished.
2025-04-30 18:17:27 INFO    [awc] Amundsen started /task.
2025-04-30 18:17:27 INFO    [awc] Amundsen finished.
2025-04-30 21:57:32 INFO    [awc] Amundsen started /task.
2025-04-30 21:57:33 INFO    [awc] Amundsen finished.
2025-05-01 02:59:02 INFO    [awc] Amundsen started /task.
2025-05-01 02:59:02 INFO    [awc] Amundsen finished.
2025-05-01 13:13:59 INFO    [awc] Amundsen started /task.
2025-05-01 13:13:59 INFO    [awc] Amundsen finished.
2025-05-01 13:14:13 INFO    [awc] Amundsen started /task.
2025-05-01 13:14:13 INFO    [awc] Amundsen finished.
2025-05-01 16:41:23 INFO    [awc] Amundsen started /task.
2025-05-01 16:41:24 INFO    [awc] Amundsen finished.
2025-05-01 16:41:29 INFO    [awc] Amundsen started /task.
2025-05-01 16:41:29 INFO    [awc] Amundsen finished.
2025-05-02 08:23:04 INFO    [awc] Amundsen started /task.
2025-05-02 08:23:05 INFO    [awc] Amundsen finished.
2025-05-02 15:18:44 INFO    [awc] Amundsen started /task.
2025-05-02 15:18:45 INFO    [awc] Amundsen finished.
2025-05-02 15:18:53 INFO    [awc] Amundsen started /task.
2025-05-02 15:18:53 INFO    [awc] Amundsen finished.
2025-05-02 15:22:04 INFO    [awc] Amundsen started /task.
2025-05-02 15:22:05 INFO    [awc] Amundsen finished.
2025-05-02 15:22:07 INFO    [awc] Amundsen started /task.
2025-05-02 15:22:08 INFO    [awc] Amundsen finished.
2025-05-02 15:22:12 INFO    [awc] Amundsen started /task.
2025-05-02 15:22:13 INFO    [awc] Amundsen finished.
2025-05-02 20:51:06 INFO    [awc] Amundsen started /task.
2025-05-02 20:51:26 INFO    [awc] Amundsen finished.
2025-05-02 20:55:07 INFO    [awc] Amundsen started /task.
2025-05-02 20:55:07 INFO    [awc] Amundsen finished.
2025-05-02 20:55:12 INFO    [awc] Amundsen started /task.
2025-05-02 20:55:12 INFO    [awc] Amundsen finished.
2025-05-03 08:39:29 INFO    [awc] Amundsen started /task.
2025-05-03 08:40:18 INFO    [awc] Amundsen started /task.
2025-05-03 08:41:15 INFO    [awc] Amundsen started /task.
2025-05-03 08:41:16 INFO    [awc] Amundsen finished.
2025-05-03 08:41:16 INFO    [awc] Amundsen started /task.
2025-05-03 08:41:17 INFO    [awc] Amundsen finished.
2025-05-03 10:22:47 INFO    [awc] Amundsen started /task.
2025-05-03 10:22:48 INFO    [awc] Amundsen finished.
2025-05-03 10:22:49 INFO    [awc] Amundsen started /task.
2025-05-03 10:22:49 INFO    [awc] Amundsen finished.
2025-05-03 10:24:09 INFO    [awc] Amundsen started /task.
2025-05-03 10:24:09 INFO    [awc] Amundsen finished.
2025-05-03 10:24:52 INFO    [awc] Amundsen started /task.
2025-05-03 10:24:53 INFO    [awc] Amundsen finished.
2025-05-03 10:25:18 INFO    [awc] Amundsen started /task.
2025-05-03 10:25:19 INFO    [awc] Amundsen finished.
2025-05-03 10:26:55 INFO    [awc] Amundsen started /task.
2025-05-03 10:26:55 INFO    [awc] Amundsen finished.
2025-05-03 10:27:44 INFO    [awc] Amundsen started /task.
2025-05-03 10:27:44 INFO    [awc] Amundsen finished.
2025-05-03 10:29:45 INFO    [awc] Amundsen started /task.
2025-05-03 10:29:45 INFO    [awc] Amundsen finished.
2025-05-03 12:35:31 INFO    [awc] Amundsen started /task.
2025-05-03 12:35:31 INFO    [awc] Amundsen finished.
2025-05-03 12:37:58 INFO    [awc] Amundsen started /task.
2025-05-03 12:37:59 INFO    [awc] Amundsen finished.
2025-05-03 16:48:55 INFO    [awc] Amundsen started /task.
2025-05-03 16:48:56 INFO    [awc] Amundsen finished.
2025-05-03 16:49:24 INFO    [awc] Amundsen started /task.
2025-05-03 16:49:24 INFO    [awc] Amundsen finished.
2025-05-03 16:49:26 INFO    [awc] Amundsen started /task.
2025-05-03 16:49:26 INFO    [awc] Amundsen finished.
2025-05-03 20:25:53 INFO    [awc] Amundsen started /task.
2025-05-03 20:25:54 INFO    [awc] Amundsen finished.
2025-05-03 20:26:00 INFO    [awc] Amundsen started /task.
2025-05-03 20:26:00 INFO    [awc] Amundsen finished.
2025-05-03 20:26:09 INFO    [awc] Amundsen started /task.
2025-05-03 20:26:10 INFO    [awc] Amundsen finished.
2025-05-03 20:26:12 INFO    [awc] Amundsen started /task.
2025-05-03 20:26:13 INFO    [awc] Amundsen finished.
2025-05-04 08:25:46 INFO    [awc] Amundsen started /task.
2025-05-04 08:25:46 INFO    [awc] Amundsen finished.
2025-05-04 08:28:29 INFO    [awc] Amundsen started /task.
2025-05-04 08:28:29 INFO    [awc] Amundsen finished.
2025-05-04 08:28:32 INFO    [awc] Amundsen started /task.
2025-05-04 08:28:32 INFO    [awc] Amundsen finished.
2025-05-04 08:28:34 INFO    [awc] Amundsen started /task.
2025-05-04 08:28:34 INFO    [awc] Amundsen finished.
2025-05-04 08:30:32 INFO    [awc] Amundsen started /task.
2025-05-04 08:30:32 INFO    [awc] Amundsen finished.
2025-05-04 08:58:29 INFO    [awc] Amundsen started /task.
2025-05-04 08:58:30 INFO    [awc] Amundsen finished.
2025-05-04 08:58:31 INFO    [awc] Amundsen started /task.
2025-05-04 08:58:31 INFO    [awc] Amundsen finished.
2025-05-04 18:57:01 INFO    [awc] Amundsen started /task.
2025-05-04 18:57:02 INFO    [awc] Amundsen finished.
2025-05-04 18:57:14 INFO    [awc] Amundsen started /task.
2025-05-04 18:57:15 INFO    [awc] Amundsen finished.
2025-05-04 18:57:17 INFO    [awc] Amundsen started /task.
2025-05-04 18:57:17 INFO    [awc] Amundsen finished.
2025-05-04 19:16:14 INFO    [awc] Amundsen started /task.
2025-05-04 19:16:15 INFO    [awc] Amundsen finished.
2025-05-04 19:16:18 INFO    [awc] Amundsen started /task.
2025-05-04 19:16:19 INFO    [awc] Amundsen finished.
2025-05-04 21:32:11 INFO    [awc] Amundsen started /task.
2025-05-04 21:32:12 INFO    [awc] Amundsen finished.
2025-05-04 21:32:23 INFO    [awc] Amundsen started /task.
2025-05-04 21:32:23 INFO    [awc] Amundsen finished.
2025-05-05 00:40:00 INFO    [awc] Amundsen started /task.
2025-05-05 00:40:00 INFO    [awc] Amundsen finished.
2025-05-05 15:59:08 INFO    [awc] Amundsen started /task.
2025-05-05 15:59:08 INFO    [awc] Amundsen finished.
2025-05-05 15:59:09 INFO    [awc] Amundsen started /task.
2025-05-05 15:59:09 INFO    [awc] Amundsen finished.
2025-05-05 16:26:01 INFO    [awc] Amundsen started /task.
2025-05-05 16:26:01 INFO    [awc] Amundsen finished.
2025-05-05 16:26:05 INFO    [awc] Amundsen started /task.
2025-05-05 16:26:05 INFO    [awc] Amundsen finished.
2025-05-05 22:03:48 INFO    [awc] Amundsen started /task.
2025-05-05 22:04:06 INFO    [awc] Amundsen finished.
2025-05-05 22:07:52 INFO    [awc] Amundsen started /task.
2025-05-05 22:07:53 INFO    [awc] Amundsen finished.
2025-05-05 22:07:53 INFO    [awc] Amundsen started /task.
2025-05-05 22:07:54 INFO    [awc] Amundsen finished.
2025-05-05 22:07:55 INFO    [awc] Amundsen started /task.
2025-05-05 22:07:55 INFO    [awc] Amundsen finished.
2025-05-06 08:35:11 INFO    [awc] Amundsen started /task.
2025-05-06 08:35:35 INFO    [awc] Amundsen finished.
2025-05-06 08:39:14 INFO    [awc] Amundsen started /task.
2025-05-06 08:39:15 INFO    [awc] Amundsen finished.
2025-05-06 08:39:17 INFO    [awc] Amundsen started /task.
2025-05-06 08:39:18 INFO    [awc] Amundsen finished.
2025-05-06 15:39:48 INFO    [awc] Amundsen started /task.
2025-05-06 15:39:49 INFO    [awc] Amundsen finished.
2025-05-06 15:39:54 INFO    [awc] Amundsen started /task.
2025-05-06 15:39:54 INFO    [awc] Amundsen finished.
2025-05-06 15:52:43 INFO    [awc] Amundsen started /task.
2025-05-06 15:52:43 INFO    [awc] Amundsen finished.
2025-05-06 15:52:46 INFO    [awc] Amundsen started /task.
2025-05-06 15:52:47 INFO    [awc] Amundsen finished.
2025-05-06 15:52:51 INFO    [awc] Amundsen started /task.
2025-05-06 15:52:51 INFO    [awc] Amundsen finished.
2025-05-06 15:52:58 INFO    [awc] Amundsen started /task.
2025-05-06 15:52:58 INFO    [awc] Amundsen finished.
2025-05-06 15:53:00 INFO    [awc] Amundsen started /task.
2025-05-06 15:53:01 INFO    [awc] Amundsen finished.
2025-05-06 15:53:01 INFO    [awc] Amundsen started /task.
2025-05-06 15:53:02 INFO    [awc] Amundsen finished.
2025-05-06 15:53:05 INFO    [awc] Amundsen started /task.
2025-05-06 15:53:05 INFO    [awc] Amundsen finished.
2025-05-06 23:57:29 INFO    [awc] Amundsen started /task.
2025-05-06 23:57:38 INFO    [awc] Time interval elapsed.
2025-05-06 23:57:38 INFO    [awc] Device profile read.
2025-05-06 23:57:38 INFO    [awc] Downloading AmundsHusky.
2025-05-06 23:57:40 INFO    [awc] AmundsAPI flag=acer/250410
2025-05-06 23:57:40 INFO    [awc] Query configuration successful.
2025-05-06 23:57:41 INFO    [awc] Amundsen finished.
2025-05-07 00:01:00 INFO    [awc] Amundsen started /task.
2025-05-07 00:01:02 INFO    [awc] Amundsen finished.
2025-05-07 00:01:03 INFO    [awc] Amundsen started /task.
2025-05-07 00:01:03 INFO    [awc] Amundsen finished.
2025-05-07 00:01:10 INFO    [awc] Amundsen started /task.
2025-05-07 00:01:10 INFO    [awc] Amundsen finished.
2025-05-07 00:01:16 INFO    [awc] Amundsen started /task.
2025-05-07 00:01:16 INFO    [awc] Amundsen finished.
2025-05-07 08:07:28 INFO    [awc] Amundsen started /task.
2025-05-07 08:07:28 INFO    [awc] Amundsen finished.
2025-05-07 08:07:29 INFO    [awc] Amundsen started /task.
2025-05-07 08:07:30 INFO    [awc] Amundsen finished.
2025-05-07 08:07:33 INFO    [awc] Amundsen started /task.
2025-05-07 08:07:33 INFO    [awc] Amundsen finished.
2025-05-07 08:08:14 INFO    [awc] Amundsen started /task.
2025-05-07 08:08:14 INFO    [awc] Amundsen finished.
2025-05-07 08:08:16 INFO    [awc] Amundsen started /task.
2025-05-07 08:08:16 INFO    [awc] Amundsen finished.
2025-05-07 08:08:22 INFO    [awc] Amundsen started /task.
2025-05-07 08:08:23 INFO    [awc] Amundsen finished.
2025-05-07 08:08:29 INFO    [awc] Amundsen started /task.
2025-05-07 08:08:30 INFO    [awc] Amundsen finished.
2025-05-07 13:12:40 INFO    [awc] Amundsen started /task.
2025-05-07 13:12:40 INFO    [awc] Amundsen finished.
2025-05-07 13:16:06 INFO    [awc] Amundsen started /task.
2025-05-07 13:16:07 INFO    [awc] Amundsen finished.
2025-05-07 13:16:16 INFO    [awc] Amundsen started /task.
2025-05-07 13:16:16 INFO    [awc] Amundsen finished.
2025-05-07 15:52:52 INFO    [awc] Amundsen started /task.
2025-05-07 15:52:53 INFO    [awc] Amundsen finished.
2025-05-07 15:52:55 INFO    [awc] Amundsen started /task.
2025-05-07 15:52:55 INFO    [awc] Amundsen finished.
2025-05-07 15:52:57 INFO    [awc] Amundsen started /task.
2025-05-07 15:52:57 INFO    [awc] Amundsen finished.
2025-05-07 15:52:58 INFO    [awc] Amundsen started /task.
2025-05-07 15:52:58 INFO    [awc] Amundsen finished.
2025-05-08 04:58:56 INFO    [awc] Amundsen started /task.
2025-05-08 12:29:47 INFO    [awc] Amundsen started /task.
2025-05-08 12:35:14 INFO    [awc] Amundsen started /task.
2025-05-08 12:35:15 INFO    [awc] Amundsen finished.
2025-05-08 12:35:17 INFO    [awc] Amundsen started /task.
2025-05-08 12:35:18 INFO    [awc] Amundsen finished.
2025-05-08 13:21:10 INFO    [awc] Amundsen started /task.
2025-05-08 13:21:11 INFO    [awc] Amundsen finished.
2025-05-08 13:22:34 INFO    [awc] Amundsen started /task.
2025-05-08 13:22:34 INFO    [awc] Amundsen finished.
2025-05-08 13:22:41 INFO    [awc] Amundsen started /task.
2025-05-08 13:22:47 INFO    [awc] Amundsen finished.
2025-05-08 17:18:38 INFO    [awc] Amundsen started /task.
2025-05-08 17:18:39 INFO    [awc] Amundsen finished.
2025-05-08 17:22:37 INFO    [awc] Amundsen started /task.
2025-05-08 17:22:37 INFO    [awc] Amundsen finished.
2025-05-08 17:25:56 INFO    [awc] Amundsen started /task.
2025-05-08 17:25:57 INFO    [awc] Amundsen finished.
2025-05-08 17:39:00 INFO    [awc] Amundsen started /task.
2025-05-08 17:39:01 INFO    [awc] Amundsen finished.
2025-05-08 17:42:20 INFO    [awc] Amundsen started /task.
2025-05-08 17:42:21 INFO    [awc] Amundsen finished.
2025-05-08 17:42:27 INFO    [awc] Amundsen started /task.
2025-05-08 17:42:28 INFO    [awc] Amundsen finished.
2025-05-08 17:47:19 INFO    [awc] Amundsen started /task.
2025-05-08 17:47:19 INFO    [awc] Amundsen finished.
2025-05-08 21:21:10 INFO    [awc] Amundsen started /task.
2025-05-08 21:32:57 INFO    [awc] Amundsen started /task.
2025-05-08 21:32:58 INFO    [awc] Amundsen finished.
2025-05-08 21:33:54 INFO    [awc] Amundsen started /task.
2025-05-08 21:33:54 INFO    [awc] Amundsen finished.
2025-05-08 21:33:56 INFO    [awc] Amundsen started /task.
2025-05-08 21:33:57 INFO    [awc] Amundsen finished.
2025-05-08 22:06:33 INFO    [awc] Amundsen started /task.
2025-05-08 22:06:33 INFO    [awc] Amundsen finished.
2025-05-09 08:29:06 INFO    [awc] Amundsen started /task.
2025-05-09 08:29:07 INFO    [awc] Amundsen finished.
2025-05-09 08:29:10 INFO    [awc] Amundsen started /task.
2025-05-09 08:29:10 INFO    [awc] Amundsen finished.
2025-05-09 19:09:00 INFO    [awc] Amundsen started /task.
2025-05-09 19:09:00 INFO    [awc] Amundsen finished.
2025-05-09 19:09:05 INFO    [awc] Amundsen started /task.
2025-05-09 19:09:06 INFO    [awc] Amundsen finished.
2025-05-10 10:55:34 INFO    [awc] Amundsen started /task.
2025-05-10 10:55:35 INFO    [awc] Amundsen finished.
2025-05-10 10:55:37 INFO    [awc] Amundsen started /task.
2025-05-10 10:55:38 INFO    [awc] Amundsen finished.
2025-05-10 15:00:18 INFO    [awc] Amundsen started /task.
2025-05-10 15:00:18 INFO    [awc] Amundsen finished.
2025-05-10 15:02:22 INFO    [awc] Amundsen started /task.
2025-05-10 15:02:23 INFO    [awc] Amundsen finished.
2025-05-10 15:02:25 INFO    [awc] Amundsen started /task.
2025-05-10 15:02:26 INFO    [awc] Amundsen finished.
2025-05-10 16:20:13 INFO    [awc] Amundsen started /task.
2025-05-10 16:20:14 INFO    [awc] Amundsen finished.
2025-05-10 16:20:18 INFO    [awc] Amundsen started /task.
2025-05-10 16:20:18 INFO    [awc] Amundsen finished.
2025-05-10 17:07:43 INFO    [awc] Amundsen started /task.
2025-05-10 17:07:43 INFO    [awc] Amundsen finished.
2025-05-10 17:08:32 INFO    [awc] Amundsen started /task.
2025-05-10 17:08:33 INFO    [awc] Amundsen finished.
2025-05-10 17:21:36 INFO    [awc] Amundsen started /task.
2025-05-10 17:21:37 INFO    [awc] Amundsen finished.
2025-05-10 17:21:40 INFO    [awc] Amundsen started /task.
2025-05-10 17:21:41 INFO    [awc] Amundsen finished.
2025-05-10 19:47:01 INFO    [awc] Amundsen started /task.
2025-05-10 19:51:07 INFO    [awc] Amundsen started /task.
2025-05-10 19:51:07 INFO    [awc] Amundsen finished.
2025-05-10 19:51:20 INFO    [awc] Amundsen started /task.
2025-05-10 19:51:20 INFO    [awc] Amundsen finished.
2025-05-10 19:52:02 INFO    [awc] Amundsen started /task.
2025-05-10 19:52:03 INFO    [awc] Amundsen finished.
2025-05-10 19:53:23 INFO    [awc] Amundsen started /task.
2025-05-10 19:53:23 INFO    [awc] Amundsen finished.
2025-05-10 20:42:41 INFO    [awc] Amundsen started /task.
2025-05-10 20:42:41 INFO    [awc] Amundsen finished.
2025-05-10 21:10:14 INFO    [awc] Amundsen started /task.
2025-05-10 21:10:15 INFO    [awc] Amundsen finished.
2025-05-10 21:10:15 INFO    [awc] Amundsen started /task.
2025-05-10 21:10:16 INFO    [awc] Amundsen finished.
2025-05-11 11:13:48 INFO    [awc] Amundsen started /task.
2025-05-11 11:13:49 INFO    [awc] Amundsen finished.
2025-05-11 11:13:50 INFO    [awc] Amundsen started /task.
2025-05-11 11:13:50 INFO    [awc] Amundsen finished.
2025-05-11 14:22:09 INFO    [awc] Amundsen started /task.
2025-05-11 14:22:09 INFO    [awc] Amundsen finished.
2025-05-11 14:22:18 INFO    [awc] Amundsen started /task.
2025-05-11 14:22:18 INFO    [awc] Amundsen finished.
2025-05-11 14:22:49 INFO    [awc] Amundsen started /task.
2025-05-11 14:22:50 INFO    [awc] Amundsen finished.
2025-05-11 14:22:53 INFO    [awc] Amundsen started /task.
2025-05-11 14:22:53 INFO    [awc] Amundsen finished.
2025-05-11 20:43:40 INFO    [awc] Amundsen started /task.
2025-05-11 20:47:33 INFO    [awc] Amundsen started /task.
2025-05-11 20:47:34 INFO    [awc] Amundsen started /task.
2025-05-11 20:47:39 INFO    [awc] Amundsen started /task.
2025-05-11 21:01:54 INFO    [awc] Amundsen started /task.
2025-05-11 21:01:55 INFO    [awc] Amundsen finished.
2025-05-12 11:36:47 INFO    [awc] Amundsen started /task.
2025-05-12 11:36:47 INFO    [awc] Amundsen finished.
2025-05-12 11:36:50 INFO    [awc] Amundsen started /task.
2025-05-12 11:36:50 INFO    [awc] Amundsen finished.
2025-05-12 17:22:12 INFO    [awc] Amundsen started /task.
2025-05-12 17:22:12 INFO    [awc] Amundsen finished.
2025-05-12 17:22:16 INFO    [awc] Amundsen started /task.
2025-05-12 17:22:16 INFO    [awc] Amundsen finished.
2025-05-12 17:22:34 INFO    [awc] Amundsen started /task.
2025-05-12 17:22:34 INFO    [awc] Amundsen finished.
2025-05-13 08:32:13 INFO    [awc] Amundsen started /task.
2025-05-13 08:32:16 INFO    [awc] Amundsen started /task.
2025-05-13 08:58:45 INFO    [awc] Amundsen started /task.
2025-05-13 08:58:47 INFO    [awc] Amundsen finished.
2025-05-13 08:58:48 INFO    [awc] Amundsen started /task.
2025-05-13 08:58:50 INFO    [awc] Amundsen finished.
2025-05-13 14:25:24 INFO    [awc] Amundsen started /task.
2025-05-13 14:25:26 INFO    [awc] Amundsen finished.
2025-05-13 14:25:27 INFO    [awc] Amundsen started /task.
2025-05-13 14:25:29 INFO    [awc] Amundsen finished.
2025-05-13 14:25:31 INFO    [awc] Amundsen started /task.
2025-05-13 14:25:32 INFO    [awc] Amundsen finished.
2025-05-13 14:25:33 INFO    [awc] Amundsen started /task.
2025-05-13 14:25:34 INFO    [awc] Amundsen finished.
2025-05-13 18:52:57 INFO    [awc] Amundsen started /task.
2025-05-13 18:57:00 INFO    [awc] Amundsen started /task.
2025-05-13 18:57:04 INFO    [awc] Amundsen started /task.
2025-05-13 19:18:52 INFO    [awc] Amundsen started /task.
2025-05-13 19:18:52 INFO    [awc] Amundsen finished.
2025-05-13 19:18:56 INFO    [awc] Amundsen started /task.
2025-05-13 19:18:56 INFO    [awc] Amundsen finished.
2025-05-13 19:39:26 INFO    [awc] Amundsen started /task.
2025-05-13 19:39:26 INFO    [awc] Amundsen finished.
2025-05-13 19:39:28 INFO    [awc] Amundsen started /task.
2025-05-13 19:39:28 INFO    [awc] Amundsen finished.
2025-05-13 19:55:12 INFO    [awc] Amundsen started /task.
2025-05-13 19:55:13 INFO    [awc] Amundsen finished.
2025-05-13 19:55:17 INFO    [awc] Amundsen started /task.
2025-05-13 19:55:17 INFO    [awc] Amundsen finished.
2025-05-13 22:27:19 INFO    [awc] Amundsen started /task.
2025-05-13 22:27:20 INFO    [awc] Amundsen finished.
2025-05-13 22:27:20 INFO    [awc] Amundsen started /task.
2025-05-13 22:27:21 INFO    [awc] Amundsen finished.
2025-05-14 08:35:30 INFO    [awc] Amundsen started /task.
2025-05-14 08:35:30 INFO    [awc] Amundsen finished.
2025-05-14 08:35:33 INFO    [awc] Amundsen started /task.
2025-05-14 08:35:33 INFO    [awc] Amundsen finished.
2025-05-14 12:25:39 INFO    [awc] Amundsen started /task.
2025-05-14 12:25:59 INFO    [awc] Amundsen finished.
2025-05-14 22:23:12 INFO    [awc] Amundsen started /task.
2025-05-14 22:23:13 INFO    [awc] Amundsen finished.
2025-05-15 08:46:20 INFO    [awc] Amundsen started /task.
2025-05-15 08:46:21 INFO    [awc] Amundsen finished.
2025-05-15 08:46:44 INFO    [awc] Amundsen started /task.
2025-05-15 08:46:45 INFO    [awc] Amundsen finished.
2025-05-15 08:46:58 INFO    [awc] Amundsen started /task.
2025-05-15 08:46:58 INFO    [awc] Amundsen finished.
2025-05-15 08:47:06 INFO    [awc] Amundsen started /task.
2025-05-15 08:47:06 INFO    [awc] Amundsen finished.
2025-05-15 12:42:15 INFO    [awc] Amundsen started /task.
2025-05-15 12:42:15 INFO    [awc] Amundsen finished.
2025-05-16 08:34:16 INFO    [awc] Amundsen started /task.
2025-05-16 08:34:17 INFO    [awc] Amundsen finished.
2025-05-16 08:34:19 INFO    [awc] Amundsen started /task.
2025-05-16 08:34:19 INFO    [awc] Amundsen finished.
2025-05-16 08:34:34 INFO    [awc] Amundsen started /task.
2025-05-16 08:34:35 INFO    [awc] Amundsen finished.
2025-05-16 10:18:20 INFO    [awc] Amundsen started /task.
2025-05-16 10:18:20 INFO    [awc] Amundsen finished.
2025-05-16 10:18:22 INFO    [awc] Amundsen started /task.
2025-05-16 10:18:23 INFO    [awc] Amundsen finished.
2025-05-16 10:18:25 INFO    [awc] Amundsen started /task.
2025-05-16 10:18:26 INFO    [awc] Amundsen finished.
2025-05-16 11:32:41 INFO    [awc] Amundsen started /task.
2025-05-16 11:32:42 INFO    [awc] Amundsen finished.
2025-05-16 19:20:05 INFO    [awc] Amundsen started /task.
2025-05-16 19:20:06 INFO    [awc] Amundsen finished.
2025-05-16 19:20:19 INFO    [awc] Amundsen started /task.
2025-05-16 19:20:20 INFO    [awc] Amundsen finished.
2025-05-16 19:22:21 INFO    [awc] Amundsen started /task.
2025-05-16 19:22:22 INFO    [awc] Amundsen finished.
2025-05-17 11:33:02 INFO    [awc] Amundsen started /task.
2025-05-17 11:37:07 INFO    [awc] Amundsen started /task.
2025-05-17 11:51:02 INFO    [awc] Amundsen started /task.
2025-05-17 11:51:03 INFO    [awc] Time interval elapsed.
2025-05-17 11:51:03 INFO    [awc] Device profile read.
2025-05-17 11:51:03 INFO    [awc] Downloading AmundsHusky.
2025-05-17 11:51:04 INFO    [awc] AmundsAPI flag=acer/250410
2025-05-17 11:51:04 INFO    [awc] Query configuration successful.
2025-05-17 11:51:04 INFO    [awc] Amundsen finished.
2025-05-17 11:51:06 INFO    [awc] Amundsen started /task.
2025-05-17 11:51:06 INFO    [awc] Amundsen finished.
2025-05-17 19:07:56 INFO    [awc] Amundsen started /task.
2025-05-17 19:12:02 INFO    [awc] Amundsen started /task.
2025-05-17 19:12:03 INFO    [awc] Amundsen finished.
2025-05-17 19:12:08 INFO    [awc] Amundsen started /task.
2025-05-17 19:12:08 INFO    [awc] Amundsen finished.
2025-05-17 19:12:29 INFO    [awc] Amundsen started /task.
2025-05-17 19:12:29 INFO    [awc] Amundsen finished.
2025-05-17 19:12:34 INFO    [awc] Amundsen started /task.
2025-05-17 19:12:34 INFO    [awc] Amundsen finished.
2025-05-17 21:43:47 INFO    [awc] Amundsen started /task.
2025-05-17 21:43:48 INFO    [awc] Amundsen finished.
2025-05-18 10:40:16 INFO    [awc] Amundsen started /task.
2025-05-18 10:40:16 INFO    [awc] Amundsen finished.
2025-05-18 10:41:00 INFO    [awc] Amundsen started /task.
2025-05-18 10:41:00 INFO    [awc] Amundsen finished.
2025-05-18 10:41:07 INFO    [awc] Amundsen started /task.
2025-05-18 10:41:08 INFO    [awc] Amundsen finished.
2025-05-18 10:42:02 INFO    [awc] Amundsen started /task.
2025-05-18 10:42:02 INFO    [awc] Amundsen finished.
2025-05-18 10:42:05 INFO    [awc] Amundsen started /task.
2025-05-18 10:42:06 INFO    [awc] Amundsen finished.
2025-05-18 12:38:21 INFO    [awc] Amundsen started /task.
2025-05-18 12:38:21 INFO    [awc] Amundsen finished.
2025-05-18 12:38:25 INFO    [awc] Amundsen started /task.
2025-05-18 12:38:25 INFO    [awc] Amundsen finished.
2025-05-18 16:27:28 INFO    [awc] Amundsen started /task.
2025-05-18 16:31:33 INFO    [awc] Amundsen started /task.
2025-05-18 16:31:34 INFO    [awc] Amundsen finished.
2025-05-18 16:31:48 INFO    [awc] Amundsen started /task.
2025-05-18 16:31:48 INFO    [awc] Amundsen finished.
2025-05-18 16:31:53 INFO    [awc] Amundsen started /task.
2025-05-18 16:31:53 INFO    [awc] Amundsen finished.
2025-05-18 18:04:04 INFO    [awc] Amundsen started /task.
2025-05-18 18:04:04 INFO    [awc] Amundsen finished.
2025-05-18 18:04:07 INFO    [awc] Amundsen started /task.
2025-05-18 18:04:07 INFO    [awc] Amundsen finished.
2025-05-18 19:19:50 INFO    [awc] Amundsen started /task.
2025-05-18 19:32:13 INFO    [awc] Amundsen started /task.
2025-05-18 19:32:13 INFO    [awc] Amundsen finished.
2025-05-18 19:32:15 INFO    [awc] Amundsen started /task.
2025-05-18 19:32:15 INFO    [awc] Amundsen finished.
2025-05-19 08:01:16 INFO    [awc] Amundsen started /task.
2025-05-19 08:57:33 INFO    [awc] Amundsen started /task.
2025-05-19 08:57:34 INFO    [awc] Amundsen finished.
2025-05-19 19:53:27 INFO    [awc] Amundsen started /task.
2025-05-19 19:53:27 INFO    [awc] Amundsen finished.
2025-05-19 19:53:45 INFO    [awc] Amundsen started /task.
2025-05-19 19:53:45 INFO    [awc] Amundsen finished.
2025-05-19 19:53:55 INFO    [awc] Amundsen started /task.
2025-05-19 19:53:55 INFO    [awc] Amundsen finished.
2025-05-19 19:53:57 INFO    [awc] Amundsen started /task.
2025-05-19 19:53:57 INFO    [awc] Amundsen finished.
2025-05-20 08:41:43 INFO    [awc] Amundsen started /task.
2025-05-20 08:41:45 INFO    [awc] Amundsen finished.
2025-05-20 08:41:47 INFO    [awc] Amundsen started /task.
2025-05-20 08:41:47 INFO    [awc] Amundsen finished.
2025-05-20 08:42:11 INFO    [awc] Amundsen started /task.
2025-05-20 08:42:11 INFO    [awc] Amundsen finished.
2025-05-20 10:26:18 INFO    [awc] Amundsen started /task.
2025-05-20 10:26:19 INFO    [awc] Amundsen finished.
2025-05-20 10:28:22 INFO    [awc] Amundsen started /task.
2025-05-20 10:28:23 INFO    [awc] Amundsen finished.
2025-05-20 10:28:29 INFO    [awc] Amundsen started /task.
2025-05-20 10:28:29 INFO    [awc] Amundsen finished.
2025-05-20 10:36:28 INFO    [awc] Amundsen started /task.
2025-05-20 10:36:33 INFO    [awc] Amundsen finished.
2025-05-20 21:09:27 INFO    [awc] Amundsen started /task.
2025-05-20 21:09:27 INFO    [awc] Amundsen finished.
2025-05-20 21:09:29 INFO    [awc] Amundsen started /task.
2025-05-20 21:09:29 INFO    [awc] Amundsen finished.
2025-05-20 21:12:39 INFO    [awc] Amundsen started /task.
2025-05-20 21:12:40 INFO    [awc] Amundsen finished.
2025-05-20 21:12:44 INFO    [awc] Amundsen started /task.
2025-05-20 21:12:45 INFO    [awc] Amundsen finished.
2025-05-21 08:53:25 INFO    [awc] Amundsen started /task.
2025-05-21 08:53:27 INFO    [awc] Amundsen finished.
2025-05-21 08:54:02 INFO    [awc] Amundsen started /task.
2025-05-21 08:54:03 INFO    [awc] Amundsen finished.
2025-05-21 14:53:05 INFO    [awc] Amundsen started /task.
2025-05-21 14:53:06 INFO    [awc] Amundsen finished.
2025-05-21 14:53:29 INFO    [awc] Amundsen started /task.
2025-05-21 14:53:30 INFO    [awc] Amundsen finished.
2025-05-21 18:37:11 INFO    [awc] Amundsen started /task.
2025-05-21 18:37:12 INFO    [awc] Amundsen finished.
2025-05-21 18:37:16 INFO    [awc] Amundsen started /task.
2025-05-21 18:37:17 INFO    [awc] Amundsen finished.
2025-05-21 18:38:37 INFO    [awc] Amundsen started /task.
2025-05-21 18:38:38 INFO    [awc] Amundsen finished.
2025-05-21 18:38:40 INFO    [awc] Amundsen started /task.
2025-05-21 18:38:41 INFO    [awc] Amundsen finished.
2025-05-22 08:40:38 INFO    [awc] Amundsen started /task.
2025-05-22 08:40:38 INFO    [awc] Amundsen finished.
2025-05-22 08:40:41 INFO    [awc] Amundsen started /task.
2025-05-22 08:40:41 INFO    [awc] Amundsen finished.
2025-05-22 21:21:09 INFO    [awc] Amundsen started /task.
2025-05-22 21:21:09 INFO    [awc] Amundsen finished.
2025-05-22 21:21:14 INFO    [awc] Amundsen started /task.
2025-05-22 21:21:14 INFO    [awc] Amundsen finished.
2025-05-22 23:46:03 INFO    [awc] Amundsen started /task.
2025-05-22 23:46:03 INFO    [awc] Amundsen finished.
2025-05-22 23:46:30 INFO    [awc] Amundsen started /task.
2025-05-22 23:46:31 INFO    [awc] Amundsen finished.
2025-05-23 10:08:09 INFO    [awc] Amundsen started /task.
2025-05-23 10:08:10 INFO    [awc] Amundsen finished.
2025-05-23 10:08:13 INFO    [awc] Amundsen started /task.
2025-05-23 10:08:13 INFO    [awc] Amundsen finished.
2025-05-23 19:40:54 INFO    [awc] Amundsen started /task.
2025-05-23 19:40:54 INFO    [awc] Amundsen finished.
2025-05-23 19:41:00 INFO    [awc] Amundsen started /task.
2025-05-23 19:41:01 INFO    [awc] Amundsen finished.
2025-05-23 21:03:17 INFO    [awc] Amundsen started /task.
2025-05-23 21:03:18 INFO    [awc] Amundsen finished.
2025-05-23 21:03:24 INFO    [awc] Amundsen started /task.
2025-05-23 21:03:25 INFO    [awc] Amundsen finished.
2025-05-24 09:33:54 INFO    [awc] Amundsen started /task.
2025-05-24 09:33:54 INFO    [awc] Amundsen finished.
2025-05-24 09:33:59 INFO    [awc] Amundsen started /task.
2025-05-24 09:33:59 INFO    [awc] Amundsen finished.
2025-05-24 09:34:01 INFO    [awc] Amundsen started /task.
2025-05-24 09:34:02 INFO    [awc] Amundsen finished.
2025-05-24 15:42:27 INFO    [awc] Amundsen started /task.
2025-05-24 15:42:27 INFO    [awc] Amundsen finished.
2025-05-24 15:42:29 INFO    [awc] Amundsen started /task.
2025-05-24 15:42:30 INFO    [awc] Amundsen finished.
2025-05-24 20:06:12 INFO    [awc] Amundsen started /task.
2025-05-24 20:06:12 INFO    [awc] Amundsen finished.
2025-05-24 20:06:14 INFO    [awc] Amundsen started /task.
2025-05-24 20:06:14 INFO    [awc] Amundsen finished.
2025-05-25 09:20:12 INFO    [awc] Amundsen started /task.
2025-05-25 09:20:15 INFO    [awc] Amundsen finished.
2025-05-25 09:23:56 INFO    [awc] Amundsen started /task.
2025-05-25 09:23:56 INFO    [awc] Amundsen finished.
2025-05-25 09:23:59 INFO    [awc] Amundsen started /task.
2025-05-25 09:23:59 INFO    [awc] Amundsen finished.
2025-05-26 08:59:32 INFO    [awc] Amundsen started /task.
2025-05-26 08:59:33 INFO    [awc] Amundsen finished.
2025-05-26 08:59:33 INFO    [awc] Amundsen started /task.
2025-05-26 08:59:33 INFO    [awc] Amundsen finished.
2025-05-26 18:40:07 INFO    [awc] Amundsen started /task.
2025-05-26 18:40:08 INFO    [awc] Amundsen finished.
2025-05-26 18:40:16 INFO    [awc] Amundsen started /task.
2025-05-26 18:40:16 INFO    [awc] Amundsen finished.
2025-05-26 18:42:22 INFO    [awc] Amundsen started /task.
2025-05-26 18:42:22 INFO    [awc] Amundsen finished.
2025-05-26 21:03:44 INFO    [awc] Amundsen started /task.
2025-05-26 21:03:44 INFO    [awc] Amundsen finished.
2025-05-26 21:03:46 INFO    [awc] Amundsen started /task.
2025-05-26 21:03:46 INFO    [awc] Amundsen finished.
2025-05-27 08:40:22 INFO    [awc] Amundsen started /task.
2025-05-27 08:40:24 INFO    [awc] Amundsen finished.
2025-05-28 09:02:30 INFO    [awc] Amundsen started /task.
2025-05-28 09:02:31 INFO    [awc] Time interval elapsed.
2025-05-28 09:02:31 INFO    [awc] Device profile read.
2025-05-28 09:02:31 INFO    [awc] Downloading AmundsHusky.
2025-05-28 09:02:32 INFO    [awc] AmundsAPI flag=acer/250410
2025-05-28 09:02:32 INFO    [awc] Query configuration successful.
2025-05-28 09:02:32 INFO    [awc] Amundsen finished.
2025-05-28 09:02:49 INFO    [awc] Amundsen started /task.
2025-05-28 09:02:49 INFO    [awc] Amundsen finished.
2025-05-28 09:03:16 INFO    [awc] Amundsen started /task.
2025-05-28 09:03:16 INFO    [awc] Amundsen finished.
2025-05-28 09:03:18 INFO    [awc] Amundsen started /task.
2025-05-28 09:03:19 INFO    [awc] Amundsen finished.
2025-05-28 11:41:36 INFO    [awc] Amundsen started /task.
2025-05-28 11:41:36 INFO    [awc] Amundsen finished.
2025-05-28 11:41:40 INFO    [awc] Amundsen started /task.
2025-05-28 11:41:40 INFO    [awc] Amundsen finished.
2025-05-28 12:23:25 INFO    [awc] Amundsen started /task.
2025-05-28 12:23:26 INFO    [awc] Amundsen finished.
2025-05-28 18:42:37 INFO    [awc] Amundsen started /task.
2025-05-28 18:42:37 INFO    [awc] Amundsen finished.
2025-05-28 18:42:40 INFO    [awc] Amundsen started /task.
2025-05-28 18:42:41 INFO    [awc] Amundsen finished.
2025-05-28 20:03:11 INFO    [awc] Amundsen started /task.
2025-05-28 20:03:11 INFO    [awc] Amundsen finished.
2025-05-28 20:03:14 INFO    [awc] Amundsen started /task.
2025-05-28 20:03:14 INFO    [awc] Amundsen finished.
2025-05-29 10:01:35 INFO    [awc] Amundsen started /task.
2025-05-29 10:01:37 INFO    [awc] Amundsen finished.
2025-05-29 10:01:39 INFO    [awc] Amundsen started /task.
2025-05-29 10:01:40 INFO    [awc] Amundsen finished.
2025-05-29 10:04:07 INFO    [awc] Amundsen started /task.
2025-05-29 10:04:08 INFO    [awc] Amundsen finished.
2025-05-30 09:45:25 INFO    [awc] Amundsen started /task.
2025-05-30 09:45:26 INFO    [awc] Amundsen finished.
2025-05-30 09:45:27 INFO    [awc] Amundsen started /task.
2025-05-30 09:45:28 INFO    [awc] Amundsen finished.
2025-05-30 09:45:38 INFO    [awc] Amundsen started /task.
2025-05-30 09:45:38 INFO    [awc] Amundsen finished.
2025-05-30 09:45:42 INFO    [awc] Amundsen started /task.
2025-05-30 09:45:42 INFO    [awc] Amundsen finished.
2025-06-02 08:47:58 INFO    [awc] Amundsen started /task.
2025-06-02 08:47:59 INFO    [awc] Amundsen finished.
2025-06-02 08:48:01 INFO    [awc] Amundsen started /task.
2025-06-02 08:48:02 INFO    [awc] Amundsen finished.
2025-06-02 08:48:04 INFO    [awc] Amundsen started /task.
2025-06-02 08:48:04 INFO    [awc] Amundsen finished.
2025-06-03 13:57:09 INFO    [awc] Amundsen started /task.
2025-06-03 13:57:17 INFO    [awc] Amundsen finished.
2025-06-03 14:01:10 INFO    [awc] Amundsen started /task.
2025-06-03 14:01:11 INFO    [awc] Amundsen finished.
2025-06-03 14:01:11 INFO    [awc] Amundsen started /task.
2025-06-03 14:01:12 INFO    [awc] Amundsen finished.
2025-06-03 14:01:15 INFO    [awc] Amundsen started /task.
2025-06-03 14:01:15 INFO    [awc] Amundsen finished.
2025-06-03 14:06:49 INFO    [awc] Amundsen started /task.
2025-06-03 14:06:49 INFO    [awc] Amundsen finished.
2025-06-03 14:06:51 INFO    [awc] Amundsen started /task.
2025-06-03 14:06:51 INFO    [awc] Amundsen finished.
2025-06-03 23:48:51 INFO    [awc] Amundsen started /task.
2025-06-03 23:48:52 INFO    [awc] Amundsen finished.
2025-06-04 09:32:13 INFO    [awc] Amundsen started /task.
2025-06-04 09:32:13 INFO    [awc] Amundsen finished.
2025-06-04 09:32:17 INFO    [awc] Amundsen started /task.
2025-06-04 09:32:18 INFO    [awc] Amundsen finished.
2025-06-05 09:21:36 INFO    [awc] Amundsen started /task.
2025-06-05 09:21:37 INFO    [awc] Amundsen finished.
2025-06-05 20:30:22 INFO    [awc] Amundsen started /task.
2025-06-05 20:30:23 INFO    [awc] Amundsen finished.
2025-06-05 20:30:30 INFO    [awc] Amundsen started /task.
2025-06-05 20:30:30 INFO    [awc] Amundsen finished.
2025-06-05 20:34:07 INFO    [awc] Amundsen started /task.
2025-06-05 20:34:07 INFO    [awc] Amundsen finished.
2025-06-06 00:00:06 INFO    [awc] Amundsen started /task.
2025-06-06 00:00:07 INFO    [awc] Amundsen finished.
2025-06-06 00:00:10 INFO    [awc] Amundsen started /task.
2025-06-06 00:00:10 INFO    [awc] Amundsen finished.
2025-06-06 00:20:15 INFO    [awc] Amundsen started /task.
2025-06-06 00:20:16 INFO    [awc] Amundsen finished.
2025-06-06 00:20:24 INFO    [awc] Amundsen started /task.
2025-06-06 00:20:24 INFO    [awc] Amundsen finished.
2025-06-06 00:20:26 INFO    [awc] Amundsen started /task.
2025-06-06 00:20:26 INFO    [awc] Amundsen finished.
2025-06-06 00:20:33 INFO    [awc] Amundsen started /task.
2025-06-06 00:20:33 INFO    [awc] Amundsen finished.
2025-06-06 12:11:37 INFO    [awc] Amundsen started /task.
2025-06-06 12:11:37 INFO    [awc] Amundsen finished.
2025-06-06 12:11:52 INFO    [awc] Amundsen started /task.
2025-06-06 12:11:52 INFO    [awc] Amundsen finished.
2025-06-06 12:11:55 INFO    [awc] Amundsen started /task.
2025-06-06 12:11:55 INFO    [awc] Amundsen finished.
2025-06-06 14:47:44 INFO    [awc] Amundsen started /task.
2025-06-06 14:47:44 INFO    [awc] Amundsen finished.
2025-06-06 14:47:48 INFO    [awc] Amundsen started /task.
2025-06-06 14:47:49 INFO    [awc] Amundsen finished.
2025-06-06 20:49:46 INFO    [awc] Amundsen started /task.
2025-06-06 20:49:47 INFO    [awc] Amundsen finished.
2025-06-06 20:49:50 INFO    [awc] Amundsen started /task.
2025-06-06 20:49:50 INFO    [awc] Amundsen finished.
2025-06-08 09:05:08 INFO    [awc] Amundsen started /task.
2025-06-08 09:05:13 INFO    [awc] Amundsen started /task.
2025-06-08 09:10:31 INFO    [awc] Amundsen started /task.
2025-06-08 09:10:32 INFO    [awc] Time interval elapsed.
2025-06-08 09:10:32 INFO    [awc] Device profile read.
2025-06-08 09:10:32 INFO    [awc] Downloading AmundsHusky.
2025-06-08 09:10:33 INFO    [awc] AmundsAPI flag=acer/250410
2025-06-08 09:10:33 INFO    [awc] Query configuration successful.
2025-06-08 09:10:33 INFO    [awc] Amundsen finished.
2025-06-08 09:10:44 INFO    [awc] Amundsen started /task.
2025-06-08 09:10:44 INFO    [awc] Amundsen finished.
2025-06-09 09:09:21 INFO    [awc] Amundsen started /task.
2025-06-09 09:09:21 INFO    [awc] Amundsen finished.
2025-06-09 15:56:09 INFO    [awc] Amundsen started /task.
2025-06-09 15:56:10 INFO    [awc] Amundsen finished.
2025-06-09 15:56:12 INFO    [awc] Amundsen started /task.
2025-06-09 15:56:12 INFO    [awc] Amundsen finished.
2025-06-09 15:56:21 INFO    [awc] Amundsen started /task.
2025-06-09 15:56:21 INFO    [awc] Amundsen finished.
2025-06-09 15:56:32 INFO    [awc] Amundsen started /task.
2025-06-09 15:56:32 INFO    [awc] Amundsen finished.
2025-06-09 15:58:15 INFO    [awc] Amundsen started /task.
2025-06-09 15:58:16 INFO    [awc] Amundsen finished.
2025-06-10 09:28:08 INFO    [awc] Amundsen started /task.
2025-06-10 09:28:10 INFO    [awc] Amundsen finished.
2025-06-10 09:28:11 INFO    [awc] Amundsen started /task.
2025-06-10 09:28:12 INFO    [awc] Amundsen finished.
2025-06-11 09:00:27 INFO    [awc] Amundsen started /task.
2025-06-11 09:00:29 INFO    [awc] Amundsen finished.
2025-06-12 18:15:34 INFO    [awc] Amundsen started /task.
2025-06-12 18:55:22 INFO    [awc] Amundsen started /task.
2025-06-12 18:55:23 INFO    [awc] Amundsen finished.
2025-06-13 09:06:17 INFO    [awc] Amundsen started /task.
2025-06-13 09:06:18 INFO    [awc] Amundsen finished.
2025-06-13 09:06:33 INFO    [awc] Amundsen started /task.
2025-06-13 09:06:33 INFO    [awc] Amundsen finished.
2025-06-13 09:06:55 INFO    [awc] Amundsen started /task.
2025-06-13 09:06:56 INFO    [awc] Amundsen finished.
2025-06-13 09:06:59 INFO    [awc] Amundsen started /task.
2025-06-13 09:07:00 INFO    [awc] Amundsen finished.
2025-06-14 11:09:04 INFO    [awc] Amundsen started /task.
2025-06-14 11:09:05 INFO    [awc] Amundsen finished.
2025-06-14 11:09:06 INFO    [awc] Amundsen started /task.
2025-06-14 11:09:06 INFO    [awc] Amundsen finished.
2025-06-14 11:11:09 INFO    [awc] Amundsen started /task.
2025-06-14 11:11:10 INFO    [awc] Amundsen finished.
2025-06-14 11:11:12 INFO    [awc] Amundsen started /task.
2025-06-14 11:11:12 INFO    [awc] Amundsen finished.
2025-06-14 21:37:51 INFO    [awc] Amundsen started /task.
2025-06-14 21:37:52 INFO    [awc] Amundsen finished.
2025-06-14 21:37:54 INFO    [awc] Amundsen started /task.
2025-06-14 21:37:54 INFO    [awc] Amundsen finished.
2025-06-14 21:38:00 INFO    [awc] Amundsen started /task.
2025-06-14 21:38:00 INFO    [awc] Amundsen finished.
2025-06-17 08:23:46 INFO    [awc] Amundsen started /task.
2025-06-17 08:23:47 INFO    [awc] Amundsen finished.
2025-06-17 08:23:48 INFO    [awc] Amundsen started /task.
2025-06-17 08:23:49 INFO    [awc] Amundsen finished.
2025-06-17 08:25:36 INFO    [awc] Amundsen started /task.
2025-06-17 08:25:36 INFO    [awc] Amundsen finished.
2025-06-17 08:25:38 INFO    [awc] Amundsen started /task.
2025-06-17 08:25:38 INFO    [awc] Amundsen finished.
2025-06-17 18:53:09 INFO    [awc] Amundsen started /task.
2025-06-17 18:53:10 INFO    [awc] Amundsen finished.
2025-06-18 08:52:47 INFO    [awc] Amundsen started /task.
2025-06-18 08:52:47 INFO    [awc] Amundsen finished.
2025-06-18 08:53:14 INFO    [awc] Amundsen started /task.
2025-06-18 08:53:15 INFO    [awc] Amundsen finished.
2025-06-18 19:44:14 INFO    [awc] Amundsen started /task.
2025-06-18 19:44:15 INFO    [awc] Time interval elapsed.
2025-06-18 19:44:15 INFO    [awc] Device profile read.
2025-06-18 19:44:15 INFO    [awc] Downloading AmundsHusky.
2025-06-18 19:44:16 INFO    [awc] AmundsAPI flag=acer/250613
2025-06-18 19:44:16 INFO    [awc] Query configuration successful.
2025-06-18 19:44:16 INFO    [awc] Amundsen finished.
2025-06-18 19:44:18 INFO    [awc] Amundsen started /task.
2025-06-18 19:44:18 INFO    [awc] Amundsen finished.
2025-06-19 08:57:54 INFO    [awc] Amundsen started /task.
2025-06-19 08:57:55 INFO    [awc] Amundsen finished.
2025-06-19 09:09:11 INFO    [awc] Amundsen started /task.
2025-06-19 09:09:21 INFO    [awc] Amundsen finished.
2025-06-19 11:28:35 INFO    [awc] Amundsen started /task.
2025-06-19 11:28:36 INFO    [awc] Amundsen finished.
2025-06-20 08:57:49 INFO    [awc] Amundsen started /task.
2025-06-20 08:57:50 INFO    [awc] Amundsen finished.
2025-06-20 08:58:05 INFO    [awc] Amundsen started /task.
2025-06-20 08:58:05 INFO    [awc] Amundsen finished.
2025-06-20 19:51:23 INFO    [awc] Amundsen started /task.
2025-06-20 21:13:31 INFO    [awc] Amundsen started /task.
2025-06-20 21:13:32 INFO    [awc] Amundsen finished.
2025-06-21 17:16:16 INFO    [awc] Amundsen started /task.
2025-06-21 17:16:17 INFO    [awc] Amundsen finished.
2025-06-21 17:16:20 INFO    [awc] Amundsen started /task.
2025-06-21 17:16:20 INFO    [awc] Amundsen finished.
2025-06-21 17:20:36 INFO    [awc] Amundsen started /task.
2025-06-21 17:20:37 INFO    [awc] Amundsen finished.
2025-06-22 11:10:35 INFO    [awc] Amundsen started /task.
2025-06-22 11:10:35 INFO    [awc] Amundsen finished.
2025-06-22 19:49:32 INFO    [awc] Amundsen started /task.
2025-06-22 19:49:33 INFO    [awc] Amundsen finished.
2025-06-22 19:49:33 INFO    [awc] Amundsen started /task.
2025-06-22 19:49:34 INFO    [awc] Amundsen finished.
2025-06-23 08:25:42 INFO    [awc] Amundsen started /task.
2025-06-23 08:25:42 INFO    [awc] Amundsen finished.
2025-06-23 08:25:46 INFO    [awc] Amundsen started /task.
2025-06-23 08:25:47 INFO    [awc] Amundsen finished.
2025-06-23 21:19:09 INFO    [awc] Amundsen started /task.
2025-06-23 21:19:10 INFO    [awc] Amundsen finished.
2025-06-24 08:52:20 INFO    [awc] Amundsen started /task.
2025-06-24 08:52:20 INFO    [awc] Amundsen finished.
2025-06-24 22:53:44 INFO    [awc] Amundsen started /task.
2025-06-24 22:53:45 INFO    [awc] Amundsen finished.
2025-06-24 22:53:46 INFO    [awc] Amundsen started /task.
2025-06-24 22:53:46 INFO    [awc] Amundsen finished.
2025-06-25 10:00:09 INFO    [awc] Amundsen started /task.
2025-06-25 10:00:09 INFO    [awc] Amundsen finished.
2025-06-25 10:00:14 INFO    [awc] Amundsen started /task.
2025-06-25 10:00:14 INFO    [awc] Amundsen finished.
2025-06-25 19:48:02 INFO    [awc] Amundsen started /task.
2025-06-25 19:48:03 INFO    [awc] Amundsen finished.
2025-06-25 19:48:08 INFO    [awc] Amundsen started /task.
2025-06-25 19:48:08 INFO    [awc] Amundsen finished.
2025-06-26 09:03:04 INFO    [awc] Amundsen started /task.
2025-06-26 09:03:08 INFO    [awc] Amundsen finished.
2025-06-26 17:43:23 INFO    [awc] Amundsen started /task.
2025-06-26 17:43:24 INFO    [awc] Amundsen finished.
2025-06-26 17:43:53 INFO    [awc] Amundsen started /task.
2025-06-26 17:43:57 INFO    [awc] Amundsen finished.
2025-06-26 17:44:05 INFO    [awc] Amundsen started /task.
2025-06-26 17:44:05 INFO    [awc] Amundsen finished.
2025-06-26 17:44:12 INFO    [awc] Amundsen started /task.
2025-06-26 17:44:13 INFO    [awc] Amundsen finished.
2025-06-26 20:22:44 INFO    [awc] Amundsen started /task.
2025-06-26 20:22:44 INFO    [awc] Amundsen finished.
2025-06-26 20:22:52 INFO    [awc] Amundsen started /task.
2025-06-26 20:22:52 INFO    [awc] Amundsen finished.
2025-06-26 20:22:55 INFO    [awc] Amundsen started /task.
2025-06-26 20:22:55 INFO    [awc] Amundsen finished.
2025-06-27 08:59:47 INFO    [awc] Amundsen started /task.
2025-06-27 08:59:58 INFO    [awc] Amundsen finished.
2025-06-28 08:58:58 INFO    [awc] Amundsen started /task.
2025-06-28 08:58:58 INFO    [awc] Amundsen finished.
2025-06-28 08:58:59 INFO    [awc] Amundsen started /task.
2025-06-28 08:58:59 INFO    [awc] Amundsen finished.
2025-06-28 08:59:00 INFO    [awc] Amundsen started /task.
2025-06-28 08:59:00 INFO    [awc] Amundsen finished.
2025-06-28 13:36:42 INFO    [awc] Amundsen started /task.
2025-06-28 13:36:43 INFO    [awc] Amundsen finished.
2025-06-28 13:36:44 INFO    [awc] Amundsen started /task.
2025-06-28 13:36:44 INFO    [awc] Amundsen finished.
2025-06-28 13:36:45 INFO    [awc] Amundsen started /task.
2025-06-28 13:36:45 INFO    [awc] Amundsen finished.
2025-06-28 21:29:12 INFO    [awc] Amundsen started /task.
2025-06-28 21:29:13 INFO    [awc] Time interval elapsed.
2025-06-28 21:29:13 INFO    [awc] Device profile read.
2025-06-28 21:29:13 INFO    [awc] Downloading AmundsHusky.
2025-06-28 21:29:14 INFO    [awc] AmundsAPI flag=acer/250613
2025-06-28 21:29:14 INFO    [awc] Query configuration successful.
2025-06-28 21:29:14 INFO    [awc] Amundsen finished.
2025-06-28 21:29:15 INFO    [awc] Amundsen started /task.
2025-06-28 21:29:16 INFO    [awc] Amundsen finished.
2025-06-29 14:16:14 INFO    [awc] Amundsen started /task.
2025-06-29 14:16:15 INFO    [awc] Amundsen finished.
2025-06-29 14:16:16 INFO    [awc] Amundsen started /task.
2025-06-29 14:16:17 INFO    [awc] Amundsen finished.
2025-06-29 14:16:18 INFO    [awc] Amundsen started /task.
2025-06-29 14:16:18 INFO    [awc] Amundsen finished.
2025-06-30 19:27:53 INFO    [awc] Amundsen started /task.
2025-06-30 19:27:54 INFO    [awc] Amundsen finished.
2025-06-30 19:27:57 INFO    [awc] Amundsen started /task.
2025-06-30 19:27:57 INFO    [awc] Amundsen finished.
2025-06-30 19:28:13 INFO    [awc] Amundsen started /task.
2025-06-30 19:28:14 INFO    [awc] Amundsen finished.
2025-06-30 19:28:15 INFO    [awc] Amundsen started /task.
2025-06-30 19:28:16 INFO    [awc] Amundsen finished.
2025-06-30 19:28:18 INFO    [awc] Amundsen started /task.
2025-06-30 19:28:19 INFO    [awc] Amundsen finished.
2025-06-30 20:14:14 INFO    [awc] Amundsen started /task.
2025-06-30 20:14:15 INFO    [awc] Amundsen finished.
2025-07-01 08:45:09 INFO    [awc] Amundsen started /task.
2025-07-01 08:58:52 INFO    [awc] Amundsen started /task.
2025-07-01 08:58:53 INFO    [awc] Amundsen finished.
2025-07-01 21:06:22 INFO    [awc] Amundsen started /task.
2025-07-01 21:06:23 INFO    [awc] Amundsen finished.
2025-07-01 21:07:23 INFO    [awc] Amundsen started /task.
2025-07-01 21:07:24 INFO    [awc] Amundsen finished.
2025-07-02 09:50:35 INFO    [awc] Amundsen started /task.
2025-07-02 09:50:36 INFO    [awc] Amundsen finished.
2025-07-03 07:51:43 INFO    [awc] Amundsen started /task.
2025-07-03 07:51:43 INFO    [awc] Amundsen finished.
2025-07-04 09:42:53 INFO    [awc] Amundsen started /task.
2025-07-04 09:42:54 INFO    [awc] Amundsen finished.
2025-07-04 09:44:00 INFO    [awc] Amundsen started /task.
2025-07-04 09:44:00 INFO    [awc] Amundsen finished.
2025-07-05 02:36:42 INFO    [awc] Amundsen started /task.
2025-07-05 02:36:43 INFO    [awc] Amundsen finished.
2025-07-05 02:37:43 INFO    [awc] Amundsen started /task.
2025-07-05 02:37:44 INFO    [awc] Amundsen finished.
2025-07-05 02:38:00 INFO    [awc] Amundsen started /task.
2025-07-05 02:38:01 INFO    [awc] Amundsen finished.
2025-07-05 02:38:08 INFO    [awc] Amundsen started /task.
2025-07-05 02:38:08 INFO    [awc] Amundsen finished.
2025-07-05 02:59:03 INFO    [awc] Amundsen started /task.
2025-07-05 02:59:04 INFO    [awc] Amundsen finished.
2025-07-05 12:11:00 INFO    [awc] Amundsen started /task.
2025-07-05 12:11:01 INFO    [awc] Amundsen finished.
2025-07-05 12:11:04 INFO    [awc] Amundsen started /task.
2025-07-05 12:11:04 INFO    [awc] Amundsen finished.
2025-07-05 12:13:41 INFO    [awc] Amundsen started /task.
2025-07-05 12:13:41 INFO    [awc] Amundsen finished.
2025-07-05 22:31:00 INFO    [awc] Amundsen started /task.
2025-07-05 22:35:02 INFO    [awc] Amundsen started /task.
2025-07-05 22:35:02 INFO    [awc] Amundsen finished.
2025-07-05 22:35:06 INFO    [awc] Amundsen started /task.
2025-07-05 22:35:07 INFO    [awc] Amundsen finished.
2025-07-05 22:35:35 INFO    [awc] Amundsen started /task.
2025-07-05 22:35:36 INFO    [awc] Amundsen finished.
2025-07-06 11:51:30 INFO    [awc] Amundsen started /task.
2025-07-06 11:51:30 INFO    [awc] Amundsen finished.
2025-07-06 11:51:32 INFO    [awc] Amundsen started /task.
2025-07-06 11:51:32 INFO    [awc] Amundsen finished.
2025-07-06 11:51:54 INFO    [awc] Amundsen started /task.
2025-07-06 11:51:55 INFO    [awc] Amundsen finished.
2025-07-06 12:18:54 INFO    [awc] Amundsen started /task.
2025-07-06 12:18:54 INFO    [awc] Amundsen finished.
2025-07-06 12:18:55 INFO    [awc] Amundsen started /task.
2025-07-06 12:18:55 INFO    [awc] Amundsen finished.
2025-07-06 12:18:58 INFO    [awc] Amundsen started /task.
2025-07-06 12:18:58 INFO    [awc] Amundsen finished.
2025-07-06 13:22:51 INFO    [awc] Amundsen started /task.
2025-07-06 13:22:51 INFO    [awc] Amundsen finished.
2025-07-06 13:22:54 INFO    [awc] Amundsen started /task.
2025-07-06 13:22:54 INFO    [awc] Amundsen finished.
2025-07-06 14:10:19 INFO    [awc] Amundsen started /task.
2025-07-06 14:10:19 INFO    [awc] Amundsen finished.
2025-07-06 14:10:34 INFO    [awc] Amundsen started /task.
2025-07-06 14:10:34 INFO    [awc] Amundsen finished.
2025-07-06 14:10:58 INFO    [awc] Amundsen started /task.
2025-07-06 14:10:59 INFO    [awc] Amundsen finished.
2025-07-07 08:52:22 INFO    [awc] Amundsen started /task.
2025-07-07 08:52:26 INFO    [awc] Amundsen started /task.
2025-07-07 09:03:41 INFO    [awc] Amundsen started /task.
2025-07-07 09:03:42 INFO    [awc] Amundsen finished.
2025-07-07 22:00:17 INFO    [awc] Amundsen started /task.
2025-07-07 22:00:18 INFO    [awc] Amundsen finished.
2025-07-07 22:00:19 INFO    [awc] Amundsen started /task.
2025-07-07 22:00:20 INFO    [awc] Amundsen finished.
2025-07-07 22:00:24 INFO    [awc] Amundsen started /task.
2025-07-07 22:00:24 INFO    [awc] Amundsen finished.
2025-07-08 09:03:15 INFO    [awc] Amundsen started /task.
2025-07-08 09:03:16 INFO    [awc] Amundsen finished.
2025-07-08 09:03:17 INFO    [awc] Amundsen started /task.
2025-07-08 09:03:17 INFO    [awc] Amundsen finished.
2025-07-08 09:03:20 INFO    [awc] Amundsen started /task.
2025-07-08 09:03:21 INFO    [awc] Amundsen finished.
2025-07-08 09:07:43 INFO    [awc] Amundsen started /task.
2025-07-08 09:07:44 INFO    [awc] Amundsen finished.
2025-07-09 11:41:37 INFO    [awc] Amundsen started /task.
2025-07-09 11:41:47 INFO    [awc] Time interval elapsed.
2025-07-09 11:41:48 INFO    [awc] Device profile read.
2025-07-09 11:41:48 INFO    [awc] Downloading AmundsHusky.
2025-07-09 11:41:51 INFO    [awc] AmundsAPI flag=acer/250702
2025-07-09 11:41:51 INFO    [awc] Query configuration successful.
2025-07-09 11:41:51 INFO    [awc] Processing 4c550004-25070200 700
2025-07-09 11:41:51 INFO    [awc] Downloading config.zip.
2025-07-09 11:41:52 INFO    [awc] State=2010-0, CD=5
2025-07-09 11:41:53 INFO    [awc] State=2020-0, CD=3
2025-07-09 11:41:53 INFO    [awc] Downloading source.zip.
2025-07-09 11:41:55 INFO    [awc] State=2030-0, CD=5
2025-07-09 11:41:59 INFO    [awc] Amundsen started /uninstall.
2025-07-09 11:42:00 INFO    [awc] CA uninstall.
2025-07-09 11:42:02 INFO    [awc] Amundsen started /install.
2025-07-09 11:42:02 INFO    [awc] CA install.
2025-07-09 11:42:12 INFO    [awc] Amundsen started /firstrun.
2025-07-09 11:42:13 INFO    [awc] Amundsen scheduled task created.
2025-07-09 11:42:13 INFO    [awc] Amundsen first-run task deleted.
2025-07-09 11:42:15 INFO    [awc] Amundsen finished.
2025-07-10 13:06:12 INFO    [awc] Amundsen started /task.
2025-07-10 13:06:13 INFO    [awc] Amundsen finished.
2025-07-10 13:06:25 INFO    [awc] Amundsen started /task.
2025-07-10 13:06:25 INFO    [awc] Amundsen finished.
2025-07-10 13:06:28 INFO    [awc] Amundsen started /task.
2025-07-10 13:06:28 INFO    [awc] Amundsen finished.
2025-07-10 13:08:30 INFO    [awc] Amundsen started /task.
2025-07-10 13:08:31 INFO    [awc] Amundsen finished.
2025-07-10 15:16:38 INFO    [awc] Amundsen started /task.
2025-07-10 15:16:39 INFO    [awc] Amundsen finished.
2025-07-10 15:16:42 INFO    [awc] Amundsen started /task.
2025-07-10 15:16:42 INFO    [awc] Amundsen finished.
2025-07-10 17:40:56 INFO    [awc] Amundsen started /task.
2025-07-10 17:40:56 INFO    [awc] Amundsen finished.
2025-07-10 17:41:00 INFO    [awc] Amundsen started /task.
2025-07-10 17:41:00 INFO    [awc] Amundsen finished.
2025-07-10 20:34:02 INFO    [awc] Amundsen started /task.
2025-07-10 20:34:02 INFO    [awc] Amundsen finished.
2025-07-10 20:34:08 INFO    [awc] Amundsen started /task.
2025-07-10 20:34:08 INFO    [awc] Amundsen finished.
2025-07-11 09:07:17 INFO    [awc] Amundsen started /task.
2025-07-11 09:07:18 INFO    [awc] Amundsen finished.
2025-07-11 09:07:21 INFO    [awc] Amundsen started /task.
2025-07-11 09:07:21 INFO    [awc] Amundsen finished.
2025-07-11 19:32:04 INFO    [awc] Amundsen started /task.
2025-07-11 19:32:04 INFO    [awc] Amundsen finished.
2025-07-11 21:39:58 INFO    [awc] Amundsen started /task.
2025-07-11 21:39:58 INFO    [awc] Amundsen finished.
2025-07-12 16:52:55 INFO    [awc] Amundsen started /task.
2025-07-12 16:52:59 INFO    [awc] Amundsen finished.
2025-07-13 13:04:30 INFO    [awc] Amundsen started /task.
2025-07-13 13:04:30 INFO    [awc] Amundsen finished.
2025-07-13 13:04:32 INFO    [awc] Amundsen started /task.
2025-07-13 13:04:32 INFO    [awc] Amundsen finished.
2025-07-14 08:27:40 INFO    [awc] Amundsen started /task.
2025-07-14 10:23:37 INFO    [awc] Amundsen started /task.
2025-07-14 10:23:38 INFO    [awc] Amundsen finished.
2025-07-14 10:23:43 INFO    [awc] Amundsen started /task.
2025-07-14 10:23:44 INFO    [awc] Amundsen finished.
2025-07-14 19:43:45 INFO    [awc] Amundsen started /task.
2025-07-14 19:43:46 INFO    [awc] Amundsen finished.
2025-07-14 19:43:49 INFO    [awc] Amundsen started /task.
2025-07-14 19:43:49 INFO    [awc] Amundsen finished.
2025-07-15 08:50:07 INFO    [awc] Amundsen started /task.
2025-07-15 08:54:08 INFO    [awc] Amundsen started /task.
2025-07-15 08:54:12 INFO    [awc] Amundsen started /task.
2025-07-15 09:01:02 INFO    [awc] Amundsen started /task.
2025-07-15 09:01:02 INFO    [awc] Amundsen finished.
2025-07-15 20:31:22 INFO    [awc] Amundsen started /task.
2025-07-15 20:31:25 INFO    [awc] Amundsen started /task.
2025-07-15 20:36:56 INFO    [awc] Amundsen started /task.
2025-07-15 20:36:56 INFO    [awc] Amundsen finished.
2025-07-16 09:52:58 INFO    [awc] Amundsen started /task.
2025-07-16 09:52:58 INFO    [awc] Amundsen finished.
2025-07-16 09:53:00 INFO    [awc] Amundsen started /task.
2025-07-16 09:53:00 INFO    [awc] Amundsen finished.
2025-07-16 09:53:10 INFO    [awc] Amundsen started /task.
2025-07-16 09:53:10 INFO    [awc] Amundsen finished.
2025-07-16 18:36:31 INFO    [awc] Amundsen started /task.
2025-07-16 18:36:34 INFO    [awc] Amundsen started /task.
2025-07-16 20:42:04 INFO    [awc] Amundsen started /task.
2025-07-16 20:42:04 INFO    [awc] Amundsen finished.
2025-07-16 22:17:52 INFO    [awc] Amundsen started /task.
2025-07-16 22:17:53 INFO    [awc] Amundsen finished.
2025-07-16 22:17:54 INFO    [awc] Amundsen started /task.
2025-07-16 22:17:54 INFO    [awc] Amundsen finished.
2025-07-16 22:54:32 INFO    [awc] Amundsen started /task.
2025-07-16 22:54:32 INFO    [awc] Amundsen finished.
2025-07-16 22:54:35 INFO    [awc] Amundsen started /task.
2025-07-16 22:54:35 INFO    [awc] Amundsen finished.
2025-07-17 14:20:17 INFO    [awc] Amundsen started /task.
2025-07-17 14:20:17 INFO    [awc] Amundsen finished.
2025-07-17 14:20:19 INFO    [awc] Amundsen started /task.
2025-07-17 14:20:19 INFO    [awc] Amundsen finished.
2025-07-17 14:20:20 INFO    [awc] Amundsen started /task.
2025-07-17 14:20:20 INFO    [awc] Amundsen finished.
2025-07-17 14:20:21 INFO    [awc] Amundsen started /task.
2025-07-17 14:20:21 INFO    [awc] Amundsen finished.
2025-07-17 15:37:30 INFO    [awc] Amundsen started /task.
2025-07-17 15:37:31 INFO    [awc] Amundsen finished.
2025-07-17 15:37:32 INFO    [awc] Amundsen started /task.
2025-07-17 15:37:33 INFO    [awc] Amundsen finished.
2025-07-18 08:51:13 INFO    [awc] Amundsen started /task.
2025-07-18 08:51:13 INFO    [awc] Amundsen finished.
2025-07-18 08:51:15 INFO    [awc] Amundsen started /task.
2025-07-18 08:51:16 INFO    [awc] Amundsen finished.
2025-07-18 08:54:11 INFO    [awc] Amundsen started /task.
2025-07-18 08:54:12 INFO    [awc] Amundsen finished.
2025-07-19 20:51:55 INFO    [awc] Amundsen started /task.
2025-07-19 20:51:56 INFO    [awc] Amundsen started /task.
2025-07-19 20:57:15 INFO    [awc] Amundsen started /task.
2025-07-19 20:57:15 INFO    [awc] Time interval elapsed.
2025-07-19 20:57:17 INFO    [awc] Device profile created.
2025-07-19 20:57:17 INFO    [awc] Downloading AmundsHusky.
2025-07-19 20:57:22 INFO    [awc] AmundsAPI flag=acer/250702
2025-07-19 20:57:22 INFO    [awc] Query configuration successful.
2025-07-19 20:57:22 INFO    [awc] Processing 4c550004-25070200 700
2025-07-19 20:57:23 INFO    [awc] State=2040-0, CD=3
2025-07-19 20:57:23 INFO    [awc] State=2050-111, CD=4
2025-07-19 20:57:23 INFO    [awc] States: {"4c550004-25070200":"2050-111"}
2025-07-19 20:57:23 INFO    [awc] Amundsen finished.
2025-07-20 10:10:50 INFO    [awc] Amundsen started /task.
2025-07-20 10:10:50 INFO    [awc] Amundsen finished.
2025-07-20 10:10:52 INFO    [awc] Amundsen started /task.
2025-07-20 10:10:52 INFO    [awc] Amundsen finished.
2025-07-20 10:13:17 INFO    [awc] Amundsen started /task.
2025-07-20 10:13:17 INFO    [awc] Amundsen finished.
2025-07-20 10:13:18 INFO    [awc] Amundsen started /task.
2025-07-20 10:13:18 INFO    [awc] Amundsen finished.
2025-07-20 12:03:29 INFO    [awc] Amundsen started /task.
2025-07-20 12:03:30 INFO    [awc] Amundsen finished.
2025-07-20 12:04:10 INFO    [awc] Amundsen started /task.
2025-07-20 12:04:10 INFO    [awc] Amundsen finished.
2025-07-20 12:04:12 INFO    [awc] Amundsen started /task.
2025-07-20 12:04:12 INFO    [awc] Amundsen finished.
2025-07-20 12:06:45 INFO    [awc] Amundsen started /task.
2025-07-20 12:06:45 INFO    [awc] Amundsen finished.
2025-07-20 21:21:43 INFO    [awc] Amundsen started /task.
2025-07-20 21:21:43 INFO    [awc] Amundsen finished.
2025-07-20 21:21:46 INFO    [awc] Amundsen started /task.
2025-07-20 21:21:46 INFO    [awc] Amundsen finished.
2025-07-20 21:21:53 INFO    [awc] Amundsen started /task.
2025-07-20 21:21:53 INFO    [awc] Amundsen finished.
2025-07-20 22:45:08 INFO    [awc] Amundsen started /task.
2025-07-20 22:45:09 INFO    [awc] Amundsen finished.
2025-07-20 22:45:11 INFO    [awc] Amundsen started /task.
2025-07-20 22:45:12 INFO    [awc] Amundsen finished.
2025-07-21 10:38:51 INFO    [awc] Amundsen started /task.
2025-07-21 10:38:51 INFO    [awc] Amundsen finished.
2025-07-21 10:38:53 INFO    [awc] Amundsen started /task.
2025-07-21 10:38:53 INFO    [awc] Amundsen finished.
2025-07-21 10:41:09 INFO    [awc] Amundsen started /task.
2025-07-21 10:41:10 INFO    [awc] Amundsen finished.
2025-07-21 10:41:12 INFO    [awc] Amundsen started /task.
2025-07-21 10:41:12 INFO    [awc] Amundsen finished.
2025-07-21 11:37:11 INFO    [awc] Amundsen started /task.
2025-07-21 11:37:11 INFO    [awc] Amundsen finished.
2025-07-21 12:04:53 INFO    [awc] Amundsen started /task.
2025-07-21 12:04:54 INFO    [awc] Amundsen finished.
2025-07-21 12:04:57 INFO    [awc] Amundsen started /task.
2025-07-21 12:04:57 INFO    [awc] Amundsen finished.
2025-07-21 13:32:17 INFO    [awc] Amundsen started /task.
2025-07-21 13:32:18 INFO    [awc] Amundsen finished.
2025-07-21 13:32:30 INFO    [awc] Amundsen started /task.
2025-07-21 13:32:30 INFO    [awc] Amundsen finished.
2025-07-21 13:33:03 INFO    [awc] Amundsen started /task.
2025-07-21 13:33:03 INFO    [awc] Amundsen finished.
2025-07-21 13:33:04 INFO    [awc] Amundsen started /task.
2025-07-21 13:33:04 INFO    [awc] Amundsen finished.
2025-07-21 13:34:20 INFO    [awc] Amundsen started /task.
2025-07-21 13:34:20 INFO    [awc] Amundsen finished.
2025-07-21 13:34:22 INFO    [awc] Amundsen started /task.
2025-07-21 13:34:22 INFO    [awc] Amundsen finished.
2025-07-21 21:27:38 INFO    [awc] Amundsen started /task.
2025-07-21 21:27:38 INFO    [awc] Amundsen finished.
2025-07-21 21:27:41 INFO    [awc] Amundsen started /task.
2025-07-21 21:27:41 INFO    [awc] Amundsen finished.
2025-07-21 21:28:45 INFO    [awc] Amundsen started /task.
2025-07-21 21:28:46 INFO    [awc] Amundsen finished.
2025-07-21 21:28:47 INFO    [awc] Amundsen started /task.
2025-07-21 21:28:47 INFO    [awc] Amundsen finished.
2025-07-22 08:35:59 INFO    [awc] Amundsen started /task.
2025-07-22 08:35:59 INFO    [awc] Amundsen finished.
2025-07-22 08:36:02 INFO    [awc] Amundsen started /task.
2025-07-22 08:36:02 INFO    [awc] Amundsen finished.
2025-07-22 08:36:38 INFO    [awc] Amundsen started /task.
2025-07-22 08:36:38 INFO    [awc] Amundsen finished.
2025-07-22 08:36:40 INFO    [awc] Amundsen started /task.
2025-07-22 08:36:40 INFO    [awc] Amundsen finished.
2025-07-22 10:32:52 INFO    [awc] Amundsen started /task.
2025-07-22 10:32:53 INFO    [awc] Amundsen finished.
2025-07-22 13:31:08 INFO    [awc] Amundsen started /task.
2025-07-22 13:31:09 INFO    [awc] Amundsen finished.
2025-07-22 13:31:12 INFO    [awc] Amundsen started /task.
2025-07-22 13:31:12 INFO    [awc] Amundsen finished.
2025-07-22 13:31:14 INFO    [awc] Amundsen started /task.
2025-07-22 13:31:14 INFO    [awc] Amundsen finished.
2025-07-22 13:31:20 INFO    [awc] Amundsen started /task.
2025-07-22 13:31:20 INFO    [awc] Amundsen finished.
2025-07-22 14:03:37 INFO    [awc] Amundsen started /task.
2025-07-22 14:03:37 INFO    [awc] Amundsen finished.
2025-07-22 14:03:41 INFO    [awc] Amundsen started /task.
2025-07-22 14:03:41 INFO    [awc] Amundsen finished.
2025-07-22 18:29:13 INFO    [awc] Amundsen started /task.
2025-07-22 18:29:14 INFO    [awc] Amundsen finished.
2025-07-22 18:29:30 INFO    [awc] Amundsen started /task.
2025-07-22 18:29:30 INFO    [awc] Amundsen finished.
2025-07-22 19:48:53 INFO    [awc] Amundsen started /task.
2025-07-22 19:48:53 INFO    [awc] Amundsen finished.
2025-07-22 19:48:55 INFO    [awc] Amundsen started /task.
2025-07-22 19:48:55 INFO    [awc] Amundsen finished.
2025-07-23 09:00:59 INFO    [awc] Amundsen started /task.
2025-07-23 09:00:59 INFO    [awc] Amundsen finished.
2025-07-23 09:03:14 INFO    [awc] Amundsen started /task.
2025-07-23 09:03:14 INFO    [awc] Amundsen finished.
2025-07-23 09:03:18 INFO    [awc] Amundsen started /task.
2025-07-23 09:03:18 INFO    [awc] Amundsen finished.
2025-07-23 13:23:04 INFO    [awc] Amundsen started /task.
2025-07-23 13:23:05 INFO    [awc] Amundsen finished.
2025-07-23 13:23:07 INFO    [awc] Amundsen started /task.
2025-07-23 13:23:07 INFO    [awc] Amundsen finished.
2025-07-23 13:23:08 INFO    [awc] Amundsen started /task.
2025-07-23 13:23:08 INFO    [awc] Amundsen finished.
2025-07-23 13:23:09 INFO    [awc] Amundsen started /task.
2025-07-23 13:23:09 INFO    [awc] Amundsen finished.
2025-07-23 17:35:55 INFO    [awc] Amundsen started /task.
2025-07-23 17:35:55 INFO    [awc] Amundsen finished.
2025-07-23 17:36:02 INFO    [awc] Amundsen started /task.
2025-07-23 17:36:02 INFO    [awc] Amundsen finished.
2025-07-23 17:36:52 INFO    [awc] Amundsen started /task.
2025-07-23 17:36:52 INFO    [awc] Amundsen finished.
2025-07-23 17:36:54 INFO    [awc] Amundsen started /task.
2025-07-23 17:36:54 INFO    [awc] Amundsen finished.
2025-07-23 17:38:03 INFO    [awc] Amundsen started /task.
2025-07-23 17:38:03 INFO    [awc] Amundsen finished.
2025-07-23 18:52:46 INFO    [awc] Amundsen started /task.
2025-07-23 18:52:47 INFO    [awc] Amundsen finished.
2025-07-23 18:52:52 INFO    [awc] Amundsen started /task.
2025-07-23 18:52:53 INFO    [awc] Amundsen finished.
2025-07-23 18:53:27 INFO    [awc] Amundsen started /task.
2025-07-23 18:53:27 INFO    [awc] Amundsen finished.
2025-07-23 18:54:55 INFO    [awc] Amundsen started /task.
2025-07-23 18:54:56 INFO    [awc] Amundsen finished.
2025-07-23 19:39:00 INFO    [awc] Amundsen started /task.
2025-07-23 19:39:00 INFO    [awc] Amundsen finished.
2025-07-23 19:39:06 INFO    [awc] Amundsen started /task.
2025-07-23 19:39:06 INFO    [awc] Amundsen finished.
2025-07-23 19:39:13 INFO    [awc] Amundsen started /task.
2025-07-23 19:39:13 INFO    [awc] Amundsen finished.
2025-07-24 06:50:20 INFO    [awc] Amundsen started /task.
2025-07-24 06:50:20 INFO    [awc] Amundsen finished.
2025-07-24 06:50:25 INFO    [awc] Amundsen started /task.
2025-07-24 06:50:25 INFO    [awc] Amundsen finished.
2025-07-28 13:46:55 INFO    [awc] Amundsen started /task.
2025-07-28 13:46:55 INFO    [awc] Amundsen finished.
2025-07-28 13:47:01 INFO    [awc] Amundsen started /task.
2025-07-28 13:47:01 INFO    [awc] Amundsen finished.
2025-07-28 13:53:07 INFO    [awc] Amundsen started /task.
2025-07-28 13:53:07 INFO    [awc] Amundsen finished.
2025-07-28 13:53:09 INFO    [awc] Amundsen started /task.
2025-07-28 13:53:09 INFO    [awc] Amundsen finished.
2025-07-28 14:43:01 INFO    [awc] Amundsen started /task.
2025-07-28 14:43:02 INFO    [awc] Amundsen finished.
2025-07-28 19:36:42 INFO    [awc] Amundsen started /task.
2025-07-28 19:36:56 INFO    [awc] Amundsen finished.
2025-07-28 19:40:46 INFO    [awc] Amundsen started /task.
2025-07-28 19:40:47 INFO    [awc] Amundsen finished.
2025-07-28 19:40:49 INFO    [awc] Amundsen started /task.
2025-07-28 19:40:49 INFO    [awc] Amundsen finished.
2025-07-28 22:23:28 INFO    [awc] Amundsen started /task.
2025-07-28 22:23:29 INFO    [awc] Amundsen finished.
2025-07-30 07:48:33 INFO    [awc] Amundsen started /task.
2025-07-30 07:48:33 INFO    [awc] Time interval elapsed.
2025-07-30 07:48:33 INFO    [awc] Device profile read.
2025-07-30 07:48:33 INFO    [awc] Downloading AmundsHusky.
2025-07-30 07:48:35 INFO    [awc] AmundsAPI flag=acer/250702
2025-07-30 07:48:35 INFO    [awc] Query configuration successful.
2025-07-30 07:48:35 INFO    [awc] Processing 4c550004-25070200 700
2025-07-30 07:48:35 INFO    [awc] State=2050-111, CD=3
2025-07-30 07:48:35 INFO    [awc] Amundsen finished.
2025-07-30 07:48:39 INFO    [awc] Amundsen started /task.
2025-07-30 07:48:39 INFO    [awc] Amundsen finished.
2025-07-30 12:34:24 INFO    [awc] Amundsen started /task.
2025-07-30 12:34:24 INFO    [awc] Amundsen finished.
2025-07-30 12:35:07 INFO    [awc] Amundsen started /task.
2025-07-30 12:35:07 INFO    [awc] Amundsen finished.
2025-07-30 13:01:47 INFO    [awc] Amundsen started /task.
2025-07-30 13:01:47 INFO    [awc] Amundsen finished.
2025-07-30 13:01:53 INFO    [awc] Amundsen started /task.
2025-07-30 13:01:53 INFO    [awc] Amundsen finished.
2025-07-30 14:13:45 INFO    [awc] Amundsen started /task.
2025-07-30 14:13:45 INFO    [awc] Amundsen finished.
2025-07-30 14:13:46 INFO    [awc] Amundsen started /task.
2025-07-30 14:13:46 INFO    [awc] Amundsen finished.
2025-07-30 14:14:34 INFO    [awc] Amundsen started /task.
2025-07-30 14:14:34 INFO    [awc] Amundsen finished.
2025-07-30 14:14:39 INFO    [awc] Amundsen started /task.
2025-07-30 14:14:39 INFO    [awc] Amundsen finished.
2025-07-30 14:14:42 INFO    [awc] Amundsen started /task.
2025-07-30 14:14:43 INFO    [awc] Amundsen finished.
2025-08-02 12:39:52 INFO    [awc] Amundsen started /task.
2025-08-02 12:39:52 INFO    [awc] Amundsen finished.
2025-08-02 12:40:15 INFO    [awc] Amundsen started /task.
2025-08-02 12:40:15 INFO    [awc] Amundsen finished.
2025-08-03 20:29:29 INFO    [awc] Amundsen started /task.
2025-08-03 20:29:29 INFO    [awc] Amundsen finished.
2025-08-03 20:30:03 INFO    [awc] Amundsen started /task.
2025-08-03 20:30:03 INFO    [awc] Amundsen finished.
2025-08-03 22:13:50 INFO    [awc] Amundsen started /task.
2025-08-03 22:13:51 INFO    [awc] Amundsen finished.
2025-08-03 23:07:40 INFO    [awc] Amundsen started /task.
2025-08-03 23:07:40 INFO    [awc] Amundsen finished.
2025-08-03 23:07:41 INFO    [awc] Amundsen started /task.
2025-08-03 23:07:41 INFO    [awc] Amundsen finished.
2025-08-04 19:55:13 INFO    [awc] Amundsen started /task.
2025-08-04 20:01:22 INFO    [awc] Amundsen started /task.
2025-08-04 20:01:22 INFO    [awc] Amundsen finished.
2025-08-04 20:01:26 INFO    [awc] Amundsen started /task.
2025-08-04 20:01:26 INFO    [awc] Amundsen finished.
2025-08-04 20:01:35 INFO    [awc] Amundsen started /task.
2025-08-04 20:01:35 INFO    [awc] Amundsen finished.
2025-08-04 20:19:02 INFO    [awc] Amundsen started /task.
2025-08-04 20:19:02 INFO    [awc] Amundsen finished.
2025-08-04 20:19:08 INFO    [awc] Amundsen started /task.
2025-08-04 20:19:08 INFO    [awc] Amundsen finished.
2025-08-04 20:19:20 INFO    [awc] Amundsen started /task.
2025-08-04 20:19:20 INFO    [awc] Amundsen finished.
2025-08-04 20:19:35 INFO    [awc] Amundsen started /task.
2025-08-04 20:19:35 INFO    [awc] Amundsen finished.
2025-08-05 21:50:15 INFO    [awc] Amundsen started /task.
2025-08-05 21:50:16 INFO    [awc] Amundsen finished.
2025-08-05 21:50:19 INFO    [awc] Amundsen started /task.
2025-08-05 21:50:19 INFO    [awc] Amundsen finished.
2025-08-05 21:50:34 INFO    [awc] Amundsen started /task.
2025-08-05 21:50:34 INFO    [awc] Amundsen finished.
2025-08-05 21:50:36 INFO    [awc] Amundsen started /task.
2025-08-05 21:50:37 INFO    [awc] Amundsen finished.
2025-08-07 08:36:14 INFO    [awc] Amundsen started /task.
2025-08-07 08:36:14 INFO    [awc] Amundsen finished.
2025-08-07 08:36:16 INFO    [awc] Amundsen started /task.
2025-08-07 08:36:16 INFO    [awc] Amundsen finished.
2025-08-07 08:37:17 INFO    [awc] Amundsen started /task.
2025-08-07 08:37:17 INFO    [awc] Amundsen finished.
2025-08-08 08:32:28 INFO    [awc] Amundsen started /task.
2025-08-08 08:32:28 INFO    [awc] Amundsen finished.
2025-08-08 08:32:30 INFO    [awc] Amundsen started /task.
2025-08-08 08:32:30 INFO    [awc] Amundsen finished.
2025-08-08 08:33:09 INFO    [awc] Amundsen started /task.
2025-08-08 08:33:09 INFO    [awc] Amundsen finished.
2025-08-08 08:33:11 INFO    [awc] Amundsen started /task.
2025-08-08 08:33:11 INFO    [awc] Amundsen finished.
2025-08-08 08:46:43 INFO    [awc] Amundsen started /task.
2025-08-08 08:46:43 INFO    [awc] Amundsen finished.
2025-08-08 09:26:57 INFO    [awc] Amundsen started /task.
2025-08-08 09:30:59 INFO    [awc] Amundsen started /task.
2025-08-08 09:30:59 INFO    [awc] Amundsen finished.
2025-08-08 09:31:03 INFO    [awc] Amundsen started /task.
2025-08-08 09:31:03 INFO    [awc] Amundsen finished.
2025-08-08 14:16:40 INFO    [awc] Amundsen started /task.
2025-08-08 14:16:41 INFO    [awc] Amundsen finished.
2025-08-08 14:17:27 INFO    [awc] Amundsen started /task.
2025-08-08 14:17:27 INFO    [awc] Amundsen finished.
2025-08-08 14:18:16 INFO    [awc] Amundsen started /task.
2025-08-08 14:18:18 INFO    [awc] Amundsen finished.
2025-08-08 15:41:20 INFO    [awc] Amundsen started /task.
2025-08-08 15:41:21 INFO    [awc] Amundsen finished.
2025-08-08 15:41:24 INFO    [awc] Amundsen started /task.
2025-08-08 15:41:24 INFO    [awc] Amundsen finished.
2025-08-08 15:42:42 INFO    [awc] Amundsen started /task.
2025-08-08 15:42:42 INFO    [awc] Amundsen finished.
2025-08-08 16:03:09 INFO    [awc] Amundsen started /task.
2025-08-08 16:03:09 INFO    [awc] Amundsen finished.
2025-08-08 16:03:13 INFO    [awc] Amundsen started /task.
2025-08-08 16:03:13 INFO    [awc] Amundsen finished.
2025-08-08 17:09:24 INFO    [awc] Amundsen started /task.
2025-08-08 17:09:24 INFO    [awc] Amundsen finished.
2025-08-09 13:53:01 INFO    [awc] Amundsen started /task.
2025-08-09 13:57:02 INFO    [awc] Amundsen started /task.
2025-08-09 13:57:05 INFO    [awc] Amundsen started /task.
2025-08-09 14:01:29 INFO    [awc] Amundsen started /task.
2025-08-09 14:01:29 INFO    [awc] Time interval elapsed.
2025-08-09 14:01:29 INFO    [awc] Device profile read.
2025-08-09 14:01:29 INFO    [awc] Downloading AmundsHusky.
2025-08-09 14:01:30 INFO    [awc] AmundsAPI flag=acer/250702
2025-08-09 14:01:30 INFO    [awc] Query configuration successful.
2025-08-09 14:01:31 INFO    [awc] Processing 4c550004-25070200 700
2025-08-09 14:01:31 INFO    [awc] State=2050-111, CD=2
2025-08-09 14:01:31 INFO    [awc] Amundsen finished.
2025-08-09 23:07:24 INFO    [awc] Amundsen started /task.
2025-08-09 23:11:13 INFO    [awc] Amundsen started /task.
2025-08-09 23:11:16 INFO    [awc] Amundsen started /task.
2025-08-09 23:23:06 INFO    [awc] Amundsen started /task.
2025-08-09 23:23:06 INFO    [awc] Amundsen finished.
2025-08-09 23:23:10 INFO    [awc] Amundsen started /task.
2025-08-09 23:23:10 INFO    [awc] Amundsen finished.
2025-08-09 23:23:15 INFO    [awc] Amundsen started /task.
2025-08-09 23:23:15 INFO    [awc] Amundsen finished.
2025-08-09 23:23:18 INFO    [awc] Amundsen started /task.
2025-08-09 23:23:18 INFO    [awc] Amundsen finished.
2025-08-10 13:16:54 INFO    [awc] Amundsen started /task.
2025-08-10 13:16:55 INFO    [awc] Amundsen finished.
2025-08-10 13:16:57 INFO    [awc] Amundsen started /task.
2025-08-10 13:16:57 INFO    [awc] Amundsen finished.
2025-08-10 13:17:01 INFO    [awc] Amundsen started /task.
2025-08-10 13:17:01 INFO    [awc] Amundsen finished.
2025-08-11 20:23:08 INFO    [awc] Amundsen started /task.
2025-08-11 20:23:08 INFO    [awc] Amundsen finished.
2025-08-11 20:23:13 INFO    [awc] Amundsen started /task.
2025-08-11 20:23:13 INFO    [awc] Amundsen finished.
2025-08-11 20:23:27 INFO    [awc] Amundsen started /task.
2025-08-11 20:23:28 INFO    [awc] Amundsen finished.
2025-08-11 20:23:44 INFO    [awc] Amundsen started /task.
2025-08-11 20:23:44 INFO    [awc] Amundsen finished.
2025-08-12 12:22:57 INFO    [awc] Amundsen started /task.
2025-08-12 12:22:58 INFO    [awc] Amundsen finished.
2025-08-12 12:23:02 INFO    [awc] Amundsen started /task.
2025-08-12 12:23:02 INFO    [awc] Amundsen finished.
2025-08-12 12:23:05 INFO    [awc] Amundsen started /task.
2025-08-12 12:23:05 INFO    [awc] Amundsen finished.
2025-08-12 12:23:06 INFO    [awc] Amundsen started /task.
2025-08-12 12:23:06 INFO    [awc] Amundsen finished.
2025-08-12 13:35:26 INFO    [awc] Amundsen started /task.
2025-08-12 13:35:27 INFO    [awc] Amundsen finished.
2025-08-12 13:35:29 INFO    [awc] Amundsen started /task.
2025-08-12 13:35:30 INFO    [awc] Amundsen finished.
2025-08-12 19:22:02 INFO    [awc] Amundsen started /task.
2025-08-12 19:22:05 INFO    [awc] Amundsen started /task.
2025-08-12 19:26:58 INFO    [awc] Amundsen started /task.
2025-08-12 19:26:59 INFO    [awc] Amundsen finished.
2025-08-12 19:27:01 INFO    [awc] Amundsen started /task.
2025-08-12 19:27:01 INFO    [awc] Amundsen finished.
2025-08-12 19:27:11 INFO    [awc] Amundsen started /task.
2025-08-12 19:27:11 INFO    [awc] Amundsen finished.
2025-08-12 19:28:38 INFO    [awc] Amundsen started /task.
2025-08-12 19:28:39 INFO    [awc] Amundsen finished.
2025-08-12 19:28:42 INFO    [awc] Amundsen started /task.
2025-08-12 19:28:42 INFO    [awc] Amundsen finished.
2025-08-12 19:29:43 INFO    [awc] Amundsen started /task.
2025-08-12 19:29:43 INFO    [awc] Amundsen finished.
2025-08-12 19:29:48 INFO    [awc] Amundsen started /task.
2025-08-12 19:29:49 INFO    [awc] Amundsen finished.
2025-08-15 14:40:50 INFO    [awc] Amundsen started /task.
2025-08-15 14:40:51 INFO    [awc] Amundsen finished.
2025-08-15 14:40:52 INFO    [awc] Amundsen started /task.
2025-08-15 14:40:52 INFO    [awc] Amundsen finished.
2025-08-15 14:42:42 INFO    [awc] Amundsen started /task.
2025-08-15 14:42:42 INFO    [awc] Amundsen finished.
2025-08-15 14:42:43 INFO    [awc] Amundsen started /task.
2025-08-15 14:42:43 INFO    [awc] Amundsen finished.
2025-08-16 08:04:28 INFO    [awc] Amundsen started /task.
2025-08-16 08:04:29 INFO    [awc] Amundsen finished.
2025-08-16 08:04:30 INFO    [awc] Amundsen started /task.
2025-08-16 08:04:31 INFO    [awc] Amundsen finished.
2025-08-16 08:04:32 INFO    [awc] Amundsen started /task.
2025-08-16 08:04:32 INFO    [awc] Amundsen finished.
2025-08-16 08:04:45 INFO    [awc] Amundsen started /task.
2025-08-16 08:04:45 INFO    [awc] Amundsen finished.
2025-08-16 21:51:41 INFO    [awc] Amundsen started /task.
2025-08-16 21:51:42 INFO    [awc] Amundsen finished.
2025-08-16 22:06:33 INFO    [awc] Amundsen started /task.
2025-08-16 22:06:33 INFO    [awc] Amundsen finished.
2025-08-16 22:25:16 INFO    [awc] Amundsen started /task.
2025-08-16 22:25:16 INFO    [awc] Amundsen finished.
2025-08-17 22:04:32 INFO    [awc] Amundsen started /task.
2025-08-17 22:04:33 INFO    [awc] Amundsen finished.
2025-08-17 22:04:41 INFO    [awc] Amundsen started /task.
2025-08-17 22:04:41 INFO    [awc] Amundsen finished.
2025-08-17 22:04:50 INFO    [awc] Amundsen started /task.
2025-08-17 22:04:50 INFO    [awc] Amundsen finished.
2025-08-17 22:04:52 INFO    [awc] Amundsen started /task.
2025-08-17 22:04:52 INFO    [awc] Amundsen finished.
2025-08-19 08:28:10 INFO    [awc] Amundsen started /task.
2025-08-19 08:32:10 INFO    [awc] Amundsen started /task.
2025-08-19 08:32:11 INFO    [awc] Amundsen finished.
2025-08-19 08:32:15 INFO    [awc] Amundsen started /task.
2025-08-19 08:32:16 INFO    [awc] Amundsen finished.
2025-08-19 08:32:18 INFO    [awc] Amundsen started /task.
2025-08-19 08:32:18 INFO    [awc] Amundsen finished.
2025-08-19 08:32:34 INFO    [awc] Amundsen started /task.
2025-08-19 08:32:34 INFO    [awc] Amundsen finished.
2025-08-19 08:34:16 INFO    [awc] Amundsen started /task.
2025-08-19 08:34:16 INFO    [awc] Amundsen finished.
2025-08-19 13:26:52 INFO    [awc] Amundsen started /task.
2025-08-19 13:26:52 INFO    [awc] Amundsen finished.
2025-08-19 13:27:19 INFO    [awc] Amundsen started /task.
2025-08-19 13:27:19 INFO    [awc] Amundsen finished.
2025-08-19 13:27:27 INFO    [awc] Amundsen started /task.
2025-08-19 13:27:27 INFO    [awc] Amundsen finished.
2025-08-19 13:27:34 INFO    [awc] Amundsen started /task.
2025-08-19 13:27:34 INFO    [awc] Amundsen finished.
2025-08-19 13:31:44 INFO    [awc] Amundsen started /task.
2025-08-19 13:31:45 INFO    [awc] Amundsen finished.
2025-08-19 13:31:46 INFO    [awc] Amundsen started /task.
2025-08-19 13:31:47 INFO    [awc] Amundsen finished.
2025-08-19 20:55:58 INFO    [awc] Amundsen started /task.
2025-08-19 20:55:58 INFO    [awc] Time interval elapsed.
2025-08-19 20:55:58 INFO    [awc] Device profile read.
2025-08-19 20:55:58 INFO    [awc] Downloading AmundsHusky.
2025-08-19 20:56:00 INFO    [awc] AmundsAPI flag=acer/250702
2025-08-19 20:56:00 INFO    [awc] Query configuration successful.
2025-08-19 20:56:00 INFO    [awc] Processing 4c550004-25070200 700
2025-08-19 20:56:00 INFO    [awc] State=2050-111, CD=1
2025-08-19 20:56:00 INFO    [awc] Amundsen finished.
2025-08-19 20:56:05 INFO    [awc] Amundsen started /task.
2025-08-19 20:56:05 INFO    [awc] Amundsen finished.
2025-08-19 20:56:13 INFO    [awc] Amundsen started /task.
2025-08-19 20:56:13 INFO    [awc] Amundsen finished.
2025-08-19 20:56:22 INFO    [awc] Amundsen started /task.
2025-08-19 20:56:23 INFO    [awc] Amundsen finished.
2025-08-20 09:53:45 INFO    [awc] Amundsen started /task.
2025-08-20 09:53:46 INFO    [awc] Amundsen finished.
2025-08-20 09:53:48 INFO    [awc] Amundsen started /task.
2025-08-20 09:53:48 INFO    [awc] Amundsen finished.
2025-08-20 09:53:49 INFO    [awc] Amundsen started /task.
2025-08-20 09:53:49 INFO    [awc] Amundsen finished.
2025-08-20 09:53:51 INFO    [awc] Amundsen started /task.
2025-08-20 09:53:51 INFO    [awc] Amundsen finished.
2025-08-20 09:58:08 INFO    [awc] Amundsen started /task.
2025-08-20 09:58:09 INFO    [awc] Amundsen finished.
2025-08-20 09:58:11 INFO    [awc] Amundsen started /task.
2025-08-20 09:58:11 INFO    [awc] Amundsen finished.
2025-08-20 09:58:12 INFO    [awc] Amundsen started /task.
2025-08-20 09:58:12 INFO    [awc] Amundsen finished.
2025-08-20 09:58:37 INFO    [awc] Amundsen started /task.
2025-08-20 09:58:37 INFO    [awc] Amundsen finished.
2025-08-20 09:58:39 INFO    [awc] Amundsen started /task.
2025-08-20 09:58:39 INFO    [awc] Amundsen finished.
2025-08-20 15:16:42 INFO    [awc] Amundsen started /task.
2025-08-20 15:16:42 INFO    [awc] Amundsen finished.
2025-08-20 15:16:44 INFO    [awc] Amundsen started /task.
2025-08-20 15:16:44 INFO    [awc] Amundsen finished.
2025-08-20 15:16:49 INFO    [awc] Amundsen started /task.
2025-08-20 15:16:49 INFO    [awc] Amundsen finished.
2025-08-20 15:16:55 INFO    [awc] Amundsen started /task.
2025-08-20 15:16:55 INFO    [awc] Amundsen finished.
2025-08-20 18:32:16 INFO    [awc] Amundsen started /task.
2025-08-20 18:32:17 INFO    [awc] Amundsen finished.
2025-08-20 18:32:19 INFO    [awc] Amundsen started /task.
2025-08-20 18:32:20 INFO    [awc] Amundsen finished.
2025-08-20 18:32:23 INFO    [awc] Amundsen started /task.
2025-08-20 18:32:23 INFO    [awc] Amundsen finished.
2025-08-20 18:32:36 INFO    [awc] Amundsen started /task.
2025-08-20 18:32:36 INFO    [awc] Amundsen finished.
2025-08-21 08:34:58 INFO    [awc] Amundsen started /task.
2025-08-21 08:34:58 INFO    [awc] Amundsen finished.
2025-08-21 08:35:02 INFO    [awc] Amundsen started /task.
2025-08-21 08:35:02 INFO    [awc] Amundsen finished.
2025-08-21 08:35:06 INFO    [awc] Amundsen started /task.
2025-08-21 08:35:06 INFO    [awc] Amundsen finished.
2025-08-21 08:35:09 INFO    [awc] Amundsen started /task.
2025-08-21 08:35:10 INFO    [awc] Amundsen finished.
2025-08-21 10:42:28 INFO    [awc] Amundsen started /task.
2025-08-21 10:42:29 INFO    [awc] Amundsen finished.
2025-08-21 10:42:29 INFO    [awc] Amundsen started /task.
2025-08-21 10:42:29 INFO    [awc] Amundsen finished.
2025-08-21 10:42:31 INFO    [awc] Amundsen started /task.
2025-08-21 10:42:31 INFO    [awc] Amundsen finished.
2025-08-21 10:42:35 INFO    [awc] Amundsen started /task.
2025-08-21 10:42:35 INFO    [awc] Amundsen finished.
2025-08-22 14:04:50 INFO    [awc] Amundsen started /task.
2025-08-22 14:04:50 INFO    [awc] Amundsen finished.
2025-08-22 14:04:51 INFO    [awc] Amundsen started /task.
2025-08-22 14:04:51 INFO    [awc] Amundsen finished.
2025-08-22 14:04:59 INFO    [awc] Amundsen started /task.
2025-08-22 14:04:59 INFO    [awc] Amundsen finished.
2025-08-22 14:05:03 INFO    [awc] Amundsen started /task.
2025-08-22 14:05:03 INFO    [awc] Amundsen finished.
2025-08-22 23:13:56 INFO    [awc] Amundsen started /task.
2025-08-22 23:13:59 INFO    [awc] Amundsen started /task.
2025-08-22 23:28:15 INFO    [awc] Amundsen started /task.
2025-08-22 23:28:15 INFO    [awc] Amundsen finished.
2025-08-22 23:28:21 INFO    [awc] Amundsen started /task.
2025-08-22 23:28:21 INFO    [awc] Amundsen finished.
2025-08-22 23:28:22 INFO    [awc] Amundsen started /task.
2025-08-22 23:28:22 INFO    [awc] Amundsen finished.
2025-08-23 08:24:27 INFO    [awc] Amundsen started /task.
2025-08-23 08:24:27 INFO    [awc] Amundsen finished.
2025-08-23 08:24:28 INFO    [awc] Amundsen started /task.
2025-08-23 08:24:28 INFO    [awc] Amundsen finished.
2025-08-23 08:24:30 INFO    [awc] Amundsen started /task.
2025-08-23 08:24:30 INFO    [awc] Amundsen finished.
2025-08-23 08:32:19 INFO    [awc] Amundsen started /task.
2025-08-23 08:32:19 INFO    [awc] Amundsen finished.
2025-08-23 11:48:28 INFO    [awc] Amundsen started /task.
2025-08-23 11:48:28 INFO    [awc] Amundsen finished.
2025-08-23 11:48:33 INFO    [awc] Amundsen started /task.
2025-08-23 11:48:33 INFO    [awc] Amundsen finished.
2025-08-23 13:34:33 INFO    [awc] Amundsen started /task.
2025-08-23 13:34:40 INFO    [awc] Amundsen finished.
2025-08-23 13:34:51 INFO    [awc] Amundsen started /task.
2025-08-23 13:34:51 INFO    [awc] Amundsen finished.
2025-08-23 13:38:31 INFO    [awc] Amundsen started /task.
2025-08-23 13:38:31 INFO    [awc] Amundsen finished.
2025-08-23 13:38:36 INFO    [awc] Amundsen started /task.
2025-08-23 13:38:36 INFO    [awc] Amundsen finished.
2025-08-23 19:04:54 INFO    [awc] Amundsen started /task.
2025-08-23 19:04:55 INFO    [awc] Amundsen finished.
2025-08-23 19:04:58 INFO    [awc] Amundsen started /task.
2025-08-23 19:04:58 INFO    [awc] Amundsen finished.
2025-08-23 19:05:05 INFO    [awc] Amundsen started /task.
2025-08-23 19:05:05 INFO    [awc] Amundsen finished.
2025-08-24 16:02:49 INFO    [awc] Amundsen started /task.
2025-08-24 16:02:50 INFO    [awc] Amundsen finished.
2025-08-24 16:02:51 INFO    [awc] Amundsen started /task.
2025-08-24 16:02:51 INFO    [awc] Amundsen finished.
2025-08-24 16:02:56 INFO    [awc] Amundsen started /task.
2025-08-24 16:02:57 INFO    [awc] Amundsen finished.
2025-08-24 16:03:07 INFO    [awc] Amundsen started /task.
2025-08-24 16:03:07 INFO    [awc] Amundsen finished.
2025-08-24 22:41:12 INFO    [awc] Amundsen started /task.
2025-08-24 22:41:13 INFO    [awc] Amundsen finished.
2025-08-24 22:41:14 INFO    [awc] Amundsen started /task.
2025-08-24 22:41:14 INFO    [awc] Amundsen finished.
2025-08-24 22:41:19 INFO    [awc] Amundsen started /task.
2025-08-24 22:41:19 INFO    [awc] Amundsen finished.
2025-08-25 22:27:21 INFO    [awc] Amundsen started /task.
2025-08-25 22:27:21 INFO    [awc] Amundsen finished.
2025-08-25 22:27:23 INFO    [awc] Amundsen started /task.
2025-08-25 22:27:23 INFO    [awc] Amundsen finished.
2025-08-25 22:36:24 INFO    [awc] Amundsen started /task.
2025-08-25 22:36:24 INFO    [awc] Amundsen finished.
2025-08-26 08:32:42 INFO    [awc] Amundsen started /task.
2025-08-26 08:32:43 INFO    [awc] Amundsen finished.
2025-08-26 08:32:45 INFO    [awc] Amundsen started /task.
2025-08-26 08:32:45 INFO    [awc] Amundsen finished.
2025-08-26 08:33:08 INFO    [awc] Amundsen started /task.
2025-08-26 08:33:08 INFO    [awc] Amundsen finished.
2025-08-26 08:33:09 INFO    [awc] Amundsen started /task.
2025-08-26 08:33:09 INFO    [awc] Amundsen finished.
2025-08-26 11:21:28 INFO    [awc] Amundsen started /task.
2025-08-26 11:21:28 INFO    [awc] Amundsen finished.
2025-08-26 11:21:29 INFO    [awc] Amundsen started /task.
2025-08-26 11:21:29 INFO    [awc] Amundsen finished.
2025-08-26 17:24:13 INFO    [awc] Amundsen started /task.
2025-08-26 17:24:39 INFO    [awc] Amundsen finished.
2025-08-26 17:28:13 INFO    [awc] Amundsen started /task.
2025-08-26 17:28:13 INFO    [awc] Amundsen finished.
2025-08-26 17:28:16 INFO    [awc] Amundsen started /task.
2025-08-26 17:28:17 INFO    [awc] Amundsen finished.
2025-08-26 17:28:18 INFO    [awc] Amundsen started /task.
2025-08-26 17:28:18 INFO    [awc] Amundsen finished.
2025-08-26 17:28:31 INFO    [awc] Amundsen started /task.
2025-08-26 17:28:31 INFO    [awc] Amundsen finished.
2025-08-26 18:11:13 INFO    [awc] Amundsen started /task.
2025-08-26 18:11:13 INFO    [awc] Amundsen finished.
2025-08-26 18:11:16 INFO    [awc] Amundsen started /task.
2025-08-26 18:11:16 INFO    [awc] Amundsen finished.
2025-08-26 18:32:18 INFO    [awc] Amundsen started /task.
2025-08-26 18:32:18 INFO    [awc] Amundsen finished.
2025-08-26 18:32:22 INFO    [awc] Amundsen started /task.
2025-08-26 18:32:22 INFO    [awc] Amundsen finished.
2025-08-26 18:32:26 INFO    [awc] Amundsen started /task.
2025-08-26 18:32:26 INFO    [awc] Amundsen finished.
2025-08-26 19:51:30 INFO    [awc] Amundsen started /task.
2025-08-26 19:51:30 INFO    [awc] Amundsen finished.
2025-08-26 19:51:33 INFO    [awc] Amundsen started /task.
2025-08-26 19:51:33 INFO    [awc] Amundsen finished.
2025-08-26 19:51:42 INFO    [awc] Amundsen started /task.
2025-08-26 19:51:42 INFO    [awc] Amundsen finished.
2025-08-26 19:51:44 INFO    [awc] Amundsen started /task.
2025-08-26 19:51:44 INFO    [awc] Amundsen finished.
2025-08-26 19:51:45 INFO    [awc] Amundsen started /task.
2025-08-26 19:51:45 INFO    [awc] Amundsen finished.
2025-08-27 08:35:02 INFO    [awc] Amundsen started /task.
2025-08-27 08:35:02 INFO    [awc] Amundsen finished.
2025-08-27 08:35:05 INFO    [awc] Amundsen started /task.
2025-08-27 08:35:05 INFO    [awc] Amundsen finished.
2025-08-27 08:35:09 INFO    [awc] Amundsen started /task.
2025-08-27 08:35:09 INFO    [awc] Amundsen finished.
2025-08-27 08:35:13 INFO    [awc] Amundsen started /task.
2025-08-27 08:35:13 INFO    [awc] Amundsen finished.
2025-08-27 08:35:15 INFO    [awc] Amundsen started /task.
2025-08-27 08:35:15 INFO    [awc] Amundsen finished.
2025-08-27 12:27:35 INFO    [awc] Amundsen started /task.
2025-08-27 12:27:35 INFO    [awc] Amundsen finished.
2025-08-27 12:27:43 INFO    [awc] Amundsen started /task.
2025-08-27 12:27:44 INFO    [awc] Amundsen finished.
2025-08-27 12:27:49 INFO    [awc] Amundsen started /task.
2025-08-27 12:27:49 INFO    [awc] Amundsen finished.
2025-08-27 12:27:54 INFO    [awc] Amundsen started /task.
2025-08-27 12:27:54 INFO    [awc] Amundsen finished.
2025-08-27 12:30:31 INFO    [awc] Amundsen started /task.
2025-08-27 12:30:32 INFO    [awc] Amundsen finished.
2025-08-27 12:30:53 INFO    [awc] Amundsen started /task.
2025-08-27 12:30:53 INFO    [awc] Amundsen finished.
2025-08-27 12:30:55 INFO    [awc] Amundsen started /task.
2025-08-27 12:30:55 INFO    [awc] Amundsen finished.
2025-08-27 12:37:59 INFO    [awc] Amundsen started /task.
2025-08-27 12:42:57 INFO    [awc] Amundsen started /task.
2025-08-27 12:42:57 INFO    [awc] Amundsen finished.
2025-08-27 12:45:38 INFO    [awc] Amundsen started /task.
2025-08-27 12:45:38 INFO    [awc] Amundsen finished.
2025-08-27 12:45:39 INFO    [awc] Amundsen started /task.
2025-08-27 12:45:40 INFO    [awc] Amundsen finished.
2025-08-27 20:26:10 INFO    [awc] Amundsen started /task.
2025-08-27 20:26:10 INFO    [awc] Amundsen finished.
2025-08-27 20:26:12 INFO    [awc] Amundsen started /task.
2025-08-27 20:26:12 INFO    [awc] Amundsen finished.
2025-08-27 20:26:14 INFO    [awc] Amundsen started /task.
2025-08-27 20:26:14 INFO    [awc] Amundsen finished.
2025-08-27 20:26:30 INFO    [awc] Amundsen started /task.
2025-08-27 20:26:30 INFO    [awc] Amundsen finished.
2025-08-28 08:35:51 INFO    [awc] Amundsen started /task.
2025-08-28 08:35:51 INFO    [awc] Amundsen finished.
2025-08-28 08:35:56 INFO    [awc] Amundsen started /task.
2025-08-28 08:35:56 INFO    [awc] Amundsen finished.
2025-08-28 08:35:59 INFO    [awc] Amundsen started /task.
2025-08-28 08:36:00 INFO    [awc] Amundsen finished.
2025-08-28 10:40:33 INFO    [awc] Amundsen started /task.
2025-08-28 10:40:33 INFO    [awc] Amundsen finished.
2025-08-28 10:40:35 INFO    [awc] Amundsen started /task.
2025-08-28 10:40:35 INFO    [awc] Amundsen finished.
2025-08-28 13:18:29 INFO    [awc] Amundsen started /task.
2025-08-28 13:18:29 INFO    [awc] Amundsen finished.
2025-08-28 13:18:32 INFO    [awc] Amundsen started /task.
2025-08-28 13:18:32 INFO    [awc] Amundsen finished.
2025-08-28 13:19:13 INFO    [awc] Amundsen started /task.
2025-08-28 13:19:14 INFO    [awc] Amundsen finished.
2025-08-28 13:19:15 INFO    [awc] Amundsen started /task.
2025-08-28 13:19:15 INFO    [awc] Amundsen finished.
2025-08-28 15:53:32 INFO    [awc] Amundsen started /task.
2025-08-28 15:53:32 INFO    [awc] Amundsen finished.
2025-08-28 20:18:18 INFO    [awc] Amundsen started /task.
2025-08-28 20:22:10 INFO    [awc] Amundsen started /task.
2025-08-28 20:22:17 INFO    [awc] Amundsen finished.
2025-08-28 20:22:30 INFO    [awc] Amundsen started /task.
2025-08-28 20:22:30 INFO    [awc] Amundsen finished.
2025-08-28 20:26:11 INFO    [awc] Amundsen started /task.
2025-08-28 20:26:11 INFO    [awc] Amundsen finished.
2025-08-28 20:26:12 INFO    [awc] Amundsen started /task.
2025-08-28 20:26:12 INFO    [awc] Amundsen finished.
2025-08-28 20:26:14 INFO    [awc] Amundsen started /task.
2025-08-28 20:26:14 INFO    [awc] Amundsen finished.
2025-08-28 20:26:19 INFO    [awc] Amundsen started /task.
2025-08-28 20:26:19 INFO    [awc] Amundsen finished.
2025-08-28 22:55:45 INFO    [awc] Amundsen started /task.
2025-08-28 22:55:45 INFO    [awc] Amundsen finished.
2025-08-28 22:55:47 INFO    [awc] Amundsen started /task.
2025-08-28 22:55:47 INFO    [awc] Amundsen finished.
2025-08-29 13:11:33 INFO    [awc] Amundsen started /task.
2025-08-29 13:11:55 INFO    [awc] Amundsen finished.
2025-08-29 13:15:12 INFO    [awc] Amundsen started /task.
2025-08-29 13:15:13 INFO    [awc] Amundsen finished.
2025-08-29 13:15:15 INFO    [awc] Amundsen started /task.
2025-08-29 13:15:16 INFO    [awc] Amundsen finished.
2025-08-29 13:15:21 INFO    [awc] Amundsen started /task.
2025-08-29 13:15:26 INFO    [awc] Amundsen finished.
2025-08-29 13:33:57 INFO    [awc] Amundsen started /task.
2025-08-29 13:33:58 INFO    [awc] Amundsen finished.
2025-08-29 13:34:16 INFO    [awc] Amundsen started /task.
2025-08-29 13:34:17 INFO    [awc] Amundsen finished.
2025-08-29 13:41:21 INFO    [awc] Amundsen started /task.
2025-08-29 13:41:21 INFO    [awc] Amundsen finished.
2025-08-29 13:41:22 INFO    [awc] Amundsen started /task.
2025-08-29 13:41:22 INFO    [awc] Amundsen finished.
2025-08-29 15:47:13 INFO    [awc] Amundsen started /task.
2025-08-29 15:47:13 INFO    [awc] Amundsen finished.
2025-08-29 15:47:22 INFO    [awc] Amundsen started /task.
2025-08-29 15:47:22 INFO    [awc] Amundsen finished.
2025-08-29 15:48:40 INFO    [awc] Amundsen started /task.
2025-08-29 15:48:40 INFO    [awc] Amundsen finished.
2025-08-29 15:48:46 INFO    [awc] Amundsen started /task.
2025-08-29 15:48:46 INFO    [awc] Amundsen finished.
2025-08-29 15:49:04 INFO    [awc] Amundsen started /task.
2025-08-29 15:49:04 INFO    [awc] Amundsen finished.
2025-08-29 15:49:05 INFO    [awc] Amundsen started /task.
2025-08-29 15:49:05 INFO    [awc] Amundsen finished.
2025-08-29 20:17:15 INFO    [awc] Amundsen started /task.
2025-08-29 20:21:16 INFO    [awc] Amundsen started /task.
2025-08-29 20:21:16 INFO    [awc] Amundsen finished.
2025-08-29 20:21:19 INFO    [awc] Amundsen started /task.
2025-08-29 20:21:19 INFO    [awc] Amundsen finished.
2025-08-29 20:21:22 INFO    [awc] Amundsen started /task.
2025-08-29 20:21:23 INFO    [awc] Amundsen finished.
2025-08-29 20:21:36 INFO    [awc] Amundsen started /task.
2025-08-29 20:21:36 INFO    [awc] Amundsen finished.
2025-08-29 20:42:32 INFO    [awc] Amundsen started /task.
2025-08-29 20:42:32 INFO    [awc] Amundsen finished.
2025-08-29 20:42:38 INFO    [awc] Amundsen started /task.
2025-08-29 20:42:38 INFO    [awc] Amundsen finished.
2025-08-29 20:42:51 INFO    [awc] Amundsen started /task.
2025-08-29 20:42:51 INFO    [awc] Amundsen finished.
2025-08-29 20:43:06 INFO    [awc] Amundsen started /task.
2025-08-29 20:43:06 INFO    [awc] Amundsen finished.
2025-08-30 08:52:20 INFO    [awc] Amundsen started /task.
2025-08-30 08:56:20 INFO    [awc] Amundsen started /task.
2025-08-30 08:56:21 INFO    [awc] Time interval elapsed.
2025-08-30 08:56:21 INFO    [awc] Device profile read.
2025-08-30 08:56:21 INFO    [awc] Downloading AmundsHusky.
2025-08-30 08:56:22 INFO    [awc] AmundsAPI flag=acer/250702
2025-08-30 08:56:22 INFO    [awc] Query configuration successful.
2025-08-30 08:56:22 INFO    [awc] Processing 4c550004-25070200 700
2025-08-30 08:56:22 INFO    [awc] State=2050-211, CD=0
2025-08-30 08:56:22 INFO    [awc] States: {"4c550004-25070200":"2050-211"}
2025-08-30 08:56:22 INFO    [awc] Amundsen finished.
2025-08-30 08:56:24 INFO    [awc] Amundsen started /task.
2025-08-30 08:56:24 INFO    [awc] Amundsen finished.
2025-08-30 08:56:28 INFO    [awc] Amundsen started /task.
2025-08-30 08:56:28 INFO    [awc] Amundsen finished.
2025-08-30 08:56:37 INFO    [awc] Amundsen started /task.
2025-08-30 08:56:37 INFO    [awc] Amundsen finished.
2025-08-30 08:56:40 INFO    [awc] Amundsen started /task.
2025-08-30 08:56:40 INFO    [awc] Amundsen finished.
2025-08-30 09:05:01 INFO    [awc] Amundsen started /task.
2025-08-30 09:05:01 INFO    [awc] Amundsen finished.
2025-08-30 15:10:21 INFO    [awc] Amundsen started /task.
2025-08-30 15:10:21 INFO    [awc] Amundsen finished.
2025-08-30 21:48:48 INFO    [awc] Amundsen started /task.
2025-08-30 21:48:48 INFO    [awc] Amundsen finished.
2025-08-30 21:48:52 INFO    [awc] Amundsen started /task.
2025-08-30 21:48:52 INFO    [awc] Amundsen finished.
2025-08-30 21:49:01 INFO    [awc] Amundsen started /task.
2025-08-30 21:49:01 INFO    [awc] Amundsen finished.
2025-08-30 21:49:03 INFO    [awc] Amundsen started /task.
2025-08-30 21:49:04 INFO    [awc] Amundsen finished.
2025-08-31 14:09:24 INFO    [awc] Amundsen started /task.
2025-08-31 14:09:31 INFO    [awc] Amundsen finished.
2025-08-31 14:10:08 INFO    [awc] Amundsen started /task.
2025-08-31 14:10:08 INFO    [awc] Amundsen finished.
2025-08-31 14:10:13 INFO    [awc] Amundsen started /task.
2025-08-31 14:10:13 INFO    [awc] Amundsen finished.
2025-08-31 14:10:14 INFO    [awc] Amundsen started /task.
2025-08-31 14:10:14 INFO    [awc] Amundsen finished.
2025-08-31 16:50:13 INFO    [awc] Amundsen started /task.
2025-08-31 16:50:13 INFO    [awc] Amundsen finished.
2025-08-31 16:50:15 INFO    [awc] Amundsen started /task.
2025-08-31 16:50:15 INFO    [awc] Amundsen finished.
2025-08-31 16:50:41 INFO    [awc] Amundsen started /task.
2025-08-31 16:50:42 INFO    [awc] Amundsen finished.
2025-08-31 16:52:16 INFO    [awc] Amundsen started /task.
2025-08-31 16:52:16 INFO    [awc] Amundsen finished.
2025-08-31 16:52:17 INFO    [awc] Amundsen started /task.
2025-08-31 16:52:17 INFO    [awc] Amundsen finished.
2025-08-31 17:00:41 INFO    [awc] Amundsen started /task.
2025-08-31 17:00:42 INFO    [awc] Amundsen finished.
2025-08-31 17:00:42 INFO    [awc] Amundsen started /task.
2025-08-31 17:00:42 INFO    [awc] Amundsen finished.
2025-08-31 17:00:46 INFO    [awc] Amundsen started /task.
2025-08-31 17:00:47 INFO    [awc] Amundsen finished.
2025-08-31 17:01:11 INFO    [awc] Amundsen started /task.
2025-08-31 17:01:11 INFO    [awc] Amundsen finished.
2025-08-31 17:01:12 INFO    [awc] Amundsen started /task.
2025-08-31 17:01:12 INFO    [awc] Amundsen finished.
2025-08-31 17:01:15 INFO    [awc] Amundsen started /task.
2025-08-31 17:01:16 INFO    [awc] Amundsen finished.
2025-08-31 17:02:40 INFO    [awc] Amundsen started /task.
2025-08-31 17:02:40 INFO    [awc] Amundsen finished.
2025-08-31 20:22:33 INFO    [awc] Amundsen started /task.
2025-08-31 20:22:33 INFO    [awc] Amundsen finished.
2025-08-31 20:22:36 INFO    [awc] Amundsen started /task.
2025-08-31 20:22:36 INFO    [awc] Amundsen finished.
2025-08-31 20:22:37 INFO    [awc] Amundsen started /task.
2025-08-31 20:22:37 INFO    [awc] Amundsen finished.
2025-08-31 20:22:40 INFO    [awc] Amundsen started /task.
2025-08-31 20:22:40 INFO    [awc] Amundsen finished.
2025-08-31 20:22:47 INFO    [awc] Amundsen started /task.
2025-08-31 20:22:47 INFO    [awc] Amundsen finished.
2025-08-31 20:55:22 INFO    [awc] Amundsen started /task.
2025-08-31 20:55:23 INFO    [awc] Amundsen finished.
2025-08-31 20:55:38 INFO    [awc] Amundsen started /task.
2025-08-31 20:55:38 INFO    [awc] Amundsen finished.
2025-08-31 20:55:51 INFO    [awc] Amundsen started /task.
2025-08-31 20:55:51 INFO    [awc] Amundsen finished.
2025-08-31 20:55:54 INFO    [awc] Amundsen started /task.
2025-08-31 20:55:54 INFO    [awc] Amundsen finished.
2025-08-31 21:03:23 INFO    [awc] Amundsen started /task.
2025-08-31 21:03:23 INFO    [awc] Amundsen finished.
2025-08-31 21:03:30 INFO    [awc] Amundsen started /task.
2025-08-31 21:03:30 INFO    [awc] Amundsen finished.
2025-09-01 12:52:14 INFO    [awc] Amundsen started /task.
2025-09-01 12:52:14 INFO    [awc] Amundsen finished.
2025-09-01 12:52:17 INFO    [awc] Amundsen started /task.
2025-09-01 12:52:17 INFO    [awc] Amundsen finished.
2025-09-01 12:52:32 INFO    [awc] Amundsen started /task.
2025-09-01 12:52:32 INFO    [awc] Amundsen finished.
2025-09-01 12:52:41 INFO    [awc] Amundsen started /task.
2025-09-01 12:52:41 INFO    [awc] Amundsen finished.
2025-09-01 12:52:47 INFO    [awc] Amundsen started /task.
2025-09-01 12:52:47 INFO    [awc] Amundsen finished.
2025-09-01 12:54:02 INFO    [awc] Amundsen started /task.
2025-09-01 12:54:02 INFO    [awc] Amundsen finished.
2025-09-01 12:54:08 INFO    [awc] Amundsen started /task.
2025-09-01 12:54:08 INFO    [awc] Amundsen finished.
2025-09-01 12:54:09 INFO    [awc] Amundsen started /task.
2025-09-01 12:54:09 INFO    [awc] Amundsen finished.
2025-09-01 13:21:16 INFO    [awc] Amundsen started /task.
2025-09-01 13:29:10 INFO    [awc] Amundsen started /task.
2025-09-01 13:29:10 INFO    [awc] Amundsen finished.
2025-09-01 13:29:15 INFO    [awc] Amundsen started /task.
2025-09-01 13:29:15 INFO    [awc] Amundsen finished.
2025-09-01 13:29:46 INFO    [awc] Amundsen started /task.
2025-09-01 13:29:46 INFO    [awc] Amundsen finished.
2025-09-01 13:29:47 INFO    [awc] Amundsen started /task.
2025-09-01 13:29:47 INFO    [awc] Amundsen finished.
2025-09-01 13:35:12 INFO    [awc] Amundsen started /task.
2025-09-01 13:35:12 INFO    [awc] Amundsen finished.
2025-09-01 13:35:58 INFO    [awc] Amundsen started /task.
2025-09-01 13:35:58 INFO    [awc] Amundsen finished.
2025-09-01 14:32:08 INFO    [awc] Amundsen started /task.
2025-09-01 14:32:08 INFO    [awc] Amundsen finished.
2025-09-01 14:32:10 INFO    [awc] Amundsen started /task.
2025-09-01 14:32:10 INFO    [awc] Amundsen finished.
2025-09-01 15:01:13 INFO    [awc] Amundsen started /task.
2025-09-01 15:01:14 INFO    [awc] Amundsen finished.
2025-09-01 17:07:07 INFO    [awc] Amundsen started /task.
2025-09-01 17:07:07 INFO    [awc] Amundsen finished.
2025-09-01 17:07:11 INFO    [awc] Amundsen started /task.
2025-09-01 17:07:11 INFO    [awc] Amundsen finished.
2025-09-01 17:07:16 INFO    [awc] Amundsen started /task.
2025-09-01 17:07:16 INFO    [awc] Amundsen finished.
2025-09-01 17:08:22 INFO    [awc] Amundsen started /task.
2025-09-01 17:08:22 INFO    [awc] Amundsen finished.
2025-09-01 17:08:27 INFO    [awc] Amundsen started /task.
2025-09-01 17:08:27 INFO    [awc] Amundsen finished.
2025-09-01 17:09:01 INFO    [awc] Amundsen started /task.
2025-09-01 17:09:01 INFO    [awc] Amundsen finished.
2025-09-01 17:09:03 INFO    [awc] Amundsen started /task.
2025-09-01 17:09:03 INFO    [awc] Amundsen finished.
2025-09-01 17:10:06 INFO    [awc] Amundsen started /task.
2025-09-01 17:10:06 INFO    [awc] Amundsen finished.
2025-09-01 22:49:44 INFO    [awc] Amundsen started /task.
2025-09-01 22:49:45 INFO    [awc] Amundsen finished.
2025-09-01 22:49:49 INFO    [awc] Amundsen started /task.
2025-09-01 22:49:49 INFO    [awc] Amundsen finished.
2025-09-01 22:50:25 INFO    [awc] Amundsen started /task.
2025-09-01 22:50:25 INFO    [awc] Amundsen finished.
2025-09-01 22:50:27 INFO    [awc] Amundsen started /task.
2025-09-01 22:50:27 INFO    [awc] Amundsen finished.
2025-09-02 08:39:01 INFO    [awc] Amundsen started /task.
2025-09-02 08:39:01 INFO    [awc] Amundsen finished.
2025-09-02 08:39:04 INFO    [awc] Amundsen started /task.
2025-09-02 08:39:04 INFO    [awc] Amundsen finished.
2025-09-02 08:40:12 INFO    [awc] Amundsen started /task.
2025-09-02 08:40:12 INFO    [awc] Amundsen finished.
2025-09-02 08:40:14 INFO    [awc] Amundsen started /task.
2025-09-02 08:40:15 INFO    [awc] Amundsen finished.
2025-09-02 08:40:15 INFO    [awc] Amundsen started /task.
2025-09-02 08:40:16 INFO    [awc] Amundsen finished.
2025-09-02 10:24:52 INFO    [awc] Amundsen started /task.
2025-09-02 10:24:52 INFO    [awc] Amundsen finished.
2025-09-02 14:55:48 INFO    [awc] Amundsen started /task.
2025-09-02 14:55:48 INFO    [awc] Amundsen finished.
2025-09-02 14:55:58 INFO    [awc] Amundsen started /task.
2025-09-02 14:55:58 INFO    [awc] Amundsen finished.
2025-09-02 14:56:12 INFO    [awc] Amundsen started /task.
2025-09-02 14:56:12 INFO    [awc] Amundsen finished.
2025-09-02 14:56:14 INFO    [awc] Amundsen started /task.
2025-09-02 14:56:14 INFO    [awc] Amundsen finished.
2025-09-02 20:08:19 INFO    [awc] Amundsen started /task.
2025-09-02 20:08:19 INFO    [awc] Amundsen finished.
2025-09-02 20:08:26 INFO    [awc] Amundsen started /task.
2025-09-02 20:08:26 INFO    [awc] Amundsen finished.
2025-09-02 20:10:49 INFO    [awc] Amundsen started /task.
2025-09-02 20:10:49 INFO    [awc] Amundsen finished.
2025-09-02 20:10:50 INFO    [awc] Amundsen started /task.
2025-09-02 20:10:50 INFO    [awc] Amundsen finished.
2025-09-03 08:38:39 INFO    [awc] Amundsen started /task.
2025-09-03 08:38:39 INFO    [awc] Amundsen finished.
2025-09-03 08:38:46 INFO    [awc] Amundsen started /task.
2025-09-03 08:38:46 INFO    [awc] Amundsen finished.
2025-09-03 08:38:51 INFO    [awc] Amundsen started /task.
2025-09-03 08:38:51 INFO    [awc] Amundsen finished.
2025-09-03 08:38:58 INFO    [awc] Amundsen started /task.
2025-09-03 08:38:58 INFO    [awc] Amundsen finished.
2025-09-03 13:00:30 INFO    [awc] Amundsen started /task.
2025-09-03 13:00:31 INFO    [awc] Amundsen finished.
2025-09-03 13:00:34 INFO    [awc] Amundsen started /task.
2025-09-03 13:00:34 INFO    [awc] Amundsen finished.
2025-09-03 13:00:49 INFO    [awc] Amundsen started /task.
2025-09-03 13:00:49 INFO    [awc] Amundsen finished.
2025-09-03 13:00:50 INFO    [awc] Amundsen started /task.
2025-09-03 13:00:50 INFO    [awc] Amundsen finished.
2025-09-03 19:44:12 INFO    [awc] Amundsen started /task.
2025-09-03 19:44:12 INFO    [awc] Amundsen finished.
2025-09-03 19:44:15 INFO    [awc] Amundsen started /task.
2025-09-03 19:44:15 INFO    [awc] Amundsen finished.
2025-09-03 19:45:58 INFO    [awc] Amundsen started /task.
2025-09-03 19:45:58 INFO    [awc] Amundsen finished.
2025-09-03 19:46:01 INFO    [awc] Amundsen started /task.
2025-09-03 19:46:01 INFO    [awc] Amundsen finished.
2025-09-04 09:16:29 INFO    [awc] Amundsen started /task.
2025-09-04 09:16:30 INFO    [awc] Amundsen finished.
2025-09-04 09:16:33 INFO    [awc] Amundsen started /task.
2025-09-04 09:16:33 INFO    [awc] Amundsen finished.
2025-09-04 09:16:35 INFO    [awc] Amundsen started /task.
2025-09-04 09:16:35 INFO    [awc] Amundsen finished.
2025-09-04 09:16:42 INFO    [awc] Amundsen started /task.
2025-09-04 09:16:43 INFO    [awc] Amundsen finished.
2025-09-04 09:16:46 INFO    [awc] Amundsen started /task.
2025-09-04 09:16:46 INFO    [awc] Amundsen finished.
2025-09-04 11:18:23 INFO    [awc] Amundsen started /task.
2025-09-04 11:18:24 INFO    [awc] Amundsen finished.
2025-09-04 11:18:27 INFO    [awc] Amundsen started /task.
2025-09-04 11:18:27 INFO    [awc] Amundsen finished.
2025-09-04 11:18:31 INFO    [awc] Amundsen started /task.
2025-09-04 11:18:31 INFO    [awc] Amundsen finished.
2025-09-04 14:05:27 INFO    [awc] Amundsen started /task.
2025-09-04 14:05:27 INFO    [awc] Amundsen finished.
2025-09-04 14:05:29 INFO    [awc] Amundsen started /task.
2025-09-04 14:05:30 INFO    [awc] Amundsen finished.
2025-09-04 14:07:11 INFO    [awc] Amundsen started /task.
2025-09-04 14:07:12 INFO    [awc] Amundsen finished.
2025-09-04 14:07:18 INFO    [awc] Amundsen started /task.
2025-09-04 14:07:18 INFO    [awc] Amundsen finished.
2025-09-04 19:16:53 INFO    [awc] Amundsen started /task.
2025-09-04 19:16:54 INFO    [awc] Amundsen finished.
2025-09-04 19:16:55 INFO    [awc] Amundsen started /task.
2025-09-04 19:16:55 INFO    [awc] Amundsen finished.
2025-09-04 19:16:56 INFO    [awc] Amundsen started /task.
2025-09-04 19:16:56 INFO    [awc] Amundsen finished.
2025-09-05 13:03:46 INFO    [awc] Amundsen started /task.
2025-09-05 13:03:46 INFO    [awc] Amundsen finished.
2025-09-05 13:03:50 INFO    [awc] Amundsen started /task.
2025-09-05 13:03:50 INFO    [awc] Amundsen finished.
2025-09-05 13:03:54 INFO    [awc] Amundsen started /task.
2025-09-05 13:03:54 INFO    [awc] Amundsen finished.
2025-09-05 13:03:59 INFO    [awc] Amundsen started /task.
2025-09-05 13:03:59 INFO    [awc] Amundsen finished.
2025-09-05 13:04:02 INFO    [awc] Amundsen started /task.
2025-09-05 13:04:02 INFO    [awc] Amundsen finished.
2025-09-05 13:47:54 INFO    [awc] Amundsen started /task.
2025-09-05 13:47:54 INFO    [awc] Amundsen finished.
2025-09-05 13:47:56 INFO    [awc] Amundsen started /task.
2025-09-05 13:47:56 INFO    [awc] Amundsen finished.
2025-09-05 14:36:54 INFO    [awc] Amundsen started /task.
2025-09-05 14:36:54 INFO    [awc] Amundsen finished.
2025-09-05 14:36:57 INFO    [awc] Amundsen started /task.
2025-09-05 14:36:57 INFO    [awc] Amundsen finished.
2025-09-05 14:58:01 INFO    [awc] Amundsen started /task.
2025-09-05 14:58:01 INFO    [awc] Amundsen finished.
2025-09-05 14:58:06 INFO    [awc] Amundsen started /task.
2025-09-05 14:58:06 INFO    [awc] Amundsen finished.
2025-09-05 15:46:56 INFO    [awc] Amundsen started /task.
2025-09-05 15:50:59 INFO    [awc] Amundsen started /task.
2025-09-05 15:50:59 INFO    [awc] Amundsen finished.
2025-09-05 15:51:03 INFO    [awc] Amundsen started /task.
2025-09-05 15:51:03 INFO    [awc] Amundsen finished.
2025-09-05 19:12:32 INFO    [awc] Amundsen started /task.
2025-09-05 19:12:32 INFO    [awc] Amundsen finished.
2025-09-05 19:12:35 INFO    [awc] Amundsen started /task.
2025-09-05 19:12:35 INFO    [awc] Amundsen finished.
2025-09-05 19:12:38 INFO    [awc] Amundsen started /task.
2025-09-05 19:12:38 INFO    [awc] Amundsen finished.
2025-09-05 22:11:59 INFO    [awc] Amundsen started /task.
2025-09-05 22:11:59 INFO    [awc] Amundsen finished.
2025-09-05 22:12:02 INFO    [awc] Amundsen started /task.
2025-09-05 22:12:02 INFO    [awc] Amundsen finished.
2025-09-06 13:52:31 INFO    [awc] Amundsen started /task.
2025-09-06 13:52:32 INFO    [awc] Amundsen finished.
2025-09-06 13:52:35 INFO    [awc] Amundsen started /task.
2025-09-06 13:52:35 INFO    [awc] Amundsen finished.
2025-09-06 13:53:24 INFO    [awc] Amundsen started /task.
2025-09-06 13:53:24 INFO    [awc] Amundsen finished.
2025-09-06 13:53:29 INFO    [awc] Amundsen started /task.
2025-09-06 13:53:29 INFO    [awc] Amundsen finished.
2025-09-06 13:53:30 INFO    [awc] Amundsen started /task.
2025-09-06 13:53:30 INFO    [awc] Amundsen finished.
2025-09-06 15:22:21 INFO    [awc] Amundsen started /task.
2025-09-06 15:22:22 INFO    [awc] Amundsen finished.
2025-09-06 18:01:09 INFO    [awc] Amundsen started /task.
2025-09-06 18:01:09 INFO    [awc] Amundsen finished.
2025-09-06 18:01:11 INFO    [awc] Amundsen started /task.
2025-09-06 18:01:11 INFO    [awc] Amundsen finished.
2025-09-06 18:01:37 INFO    [awc] Amundsen started /task.
2025-09-06 18:01:37 INFO    [awc] Amundsen finished.
2025-09-06 18:01:41 INFO    [awc] Amundsen started /task.
2025-09-06 18:01:41 INFO    [awc] Amundsen finished.
2025-09-06 18:01:50 INFO    [awc] Amundsen started /task.
2025-09-06 18:01:50 INFO    [awc] Amundsen finished.
2025-09-06 18:02:56 INFO    [awc] Amundsen started /task.
2025-09-06 18:02:56 INFO    [awc] Amundsen finished.
2025-09-06 18:03:11 INFO    [awc] Amundsen started /task.
2025-09-06 18:03:11 INFO    [awc] Amundsen finished.
2025-09-06 22:11:50 INFO    [awc] Amundsen started /task.
2025-09-06 22:11:51 INFO    [awc] Amundsen finished.
2025-09-06 22:11:57 INFO    [awc] Amundsen started /task.
2025-09-06 22:11:58 INFO    [awc] Amundsen finished.
2025-09-08 13:35:56 INFO    [awc] Amundsen started /task.
2025-09-08 13:35:56 INFO    [awc] Amundsen finished.
2025-09-09 13:18:39 INFO    [awc] Amundsen started /task.
2025-09-09 13:18:39 INFO    [awc] Time interval elapsed.
2025-09-09 13:18:39 INFO    [awc] Device profile read.
2025-09-09 13:18:39 INFO    [awc] Downloading AmundsHusky.
2025-09-09 13:18:41 INFO    [awc] AmundsAPI flag=acer/250702
2025-09-09 13:18:41 INFO    [awc] Query configuration successful.
2025-09-09 13:18:41 INFO    [awc] Amundsen finished.
2025-09-09 13:18:41 INFO    [awc] Amundsen started /task.
2025-09-09 13:18:41 INFO    [awc] Amundsen finished.
2025-09-09 13:18:55 INFO    [awc] Amundsen started /task.
2025-09-09 13:18:55 INFO    [awc] Amundsen finished.
2025-09-09 13:18:57 INFO    [awc] Amundsen started /task.
2025-09-09 13:18:57 INFO    [awc] Amundsen finished.
2025-09-09 16:29:46 INFO    [awc] Amundsen started /task.
2025-09-09 16:29:47 INFO    [awc] Amundsen finished.
2025-09-09 21:01:05 INFO    [awc] Amundsen started /task.
2025-09-09 21:01:05 INFO    [awc] Amundsen finished.
2025-09-09 21:01:07 INFO    [awc] Amundsen started /task.
2025-09-09 21:01:07 INFO    [awc] Amundsen finished.
2025-09-10 00:24:47 INFO    [awc] Amundsen started /task.
2025-09-10 00:24:47 INFO    [awc] Amundsen finished.
2025-09-10 22:44:29 INFO    [awc] Amundsen started /task.
2025-09-10 22:44:35 INFO    [awc] Amundsen started /task.
2025-09-10 22:51:07 INFO    [awc] Amundsen started /task.
2025-09-10 22:51:07 INFO    [awc] Amundsen finished.
2025-09-10 22:51:12 INFO    [awc] Amundsen started /task.
2025-09-10 22:51:12 INFO    [awc] Amundsen finished.
2025-09-11 12:56:52 INFO    [awc] Amundsen started /task.
2025-09-11 12:56:53 INFO    [awc] Amundsen finished.
2025-09-11 12:56:56 INFO    [awc] Amundsen started /task.
2025-09-11 12:56:56 INFO    [awc] Amundsen finished.
2025-09-11 12:57:02 INFO    [awc] Amundsen started /task.
2025-09-11 12:57:03 INFO    [awc] Amundsen finished.
2025-09-11 12:57:11 INFO    [awc] Amundsen started /task.
2025-09-11 12:57:11 INFO    [awc] Amundsen finished.
2025-09-11 12:59:05 INFO    [awc] Amundsen started /task.
2025-09-11 12:59:05 INFO    [awc] Amundsen finished.
2025-09-11 14:00:27 INFO    [awc] Amundsen started /task.
2025-09-11 14:00:27 INFO    [awc] Amundsen finished.
2025-09-11 14:00:31 INFO    [awc] Amundsen started /task.
2025-09-11 14:00:31 INFO    [awc] Amundsen finished.
2025-09-11 20:43:35 INFO    [awc] Amundsen started /task.
2025-09-11 20:43:35 INFO    [awc] Amundsen finished.
2025-09-12 03:42:14 INFO    [awc] Amundsen started /task.
2025-09-12 03:42:14 INFO    [awc] Amundsen finished.
2025-09-12 15:11:07 INFO    [awc] Amundsen started /task.
2025-09-12 15:11:07 INFO    [awc] Amundsen finished.
2025-09-12 15:13:56 INFO    [awc] Amundsen started /task.
2025-09-12 15:13:57 INFO    [awc] Amundsen finished.
2025-09-12 15:14:00 INFO    [awc] Amundsen started /task.
2025-09-12 15:14:00 INFO    [awc] Amundsen finished.
2025-09-13 13:22:34 INFO    [awc] Amundsen started /task.
2025-09-13 13:22:35 INFO    [awc] Amundsen finished.
2025-09-13 13:22:44 INFO    [awc] Amundsen started /task.
2025-09-13 13:22:44 INFO    [awc] Amundsen finished.
2025-09-13 13:22:59 INFO    [awc] Amundsen started /task.
2025-09-13 13:22:59 INFO    [awc] Amundsen finished.
2025-09-13 13:25:02 INFO    [awc] Amundsen started /task.
2025-09-13 13:25:02 INFO    [awc] Amundsen finished.
2025-09-13 20:47:10 INFO    [awc] Amundsen started /task.
2025-09-13 20:47:10 INFO    [awc] Amundsen finished.
2025-09-13 20:47:13 INFO    [awc] Amundsen started /task.
2025-09-13 20:47:13 INFO    [awc] Amundsen finished.
2025-09-14 21:12:16 INFO    [awc] Amundsen started /task.
2025-09-14 21:12:16 INFO    [awc] Amundsen finished.
2025-09-14 21:12:18 INFO    [awc] Amundsen started /task.
2025-09-14 21:12:18 INFO    [awc] Amundsen finished.
2025-09-14 21:12:21 INFO    [awc] Amundsen started /task.
2025-09-14 21:12:21 INFO    [awc] Amundsen finished.
2025-09-14 21:12:36 INFO    [awc] Amundsen started /task.
2025-09-14 21:12:36 INFO    [awc] Amundsen finished.
2025-09-15 22:11:07 INFO    [awc] Amundsen started /task.
2025-09-15 22:11:07 INFO    [awc] Amundsen finished.
2025-09-15 22:11:10 INFO    [awc] Amundsen started /task.
2025-09-15 22:11:11 INFO    [awc] Amundsen finished.
2025-09-15 22:11:16 INFO    [awc] Amundsen started /task.
2025-09-15 22:11:16 INFO    [awc] Amundsen finished.
2025-09-16 10:51:49 INFO    [awc] Amundsen started /task.
2025-09-16 10:51:50 INFO    [awc] Amundsen finished.
2025-09-16 10:55:45 INFO    [awc] Amundsen started /task.
2025-09-16 10:55:45 INFO    [awc] Amundsen finished.
2025-09-16 10:55:47 INFO    [awc] Amundsen started /task.
2025-09-16 10:55:47 INFO    [awc] Amundsen finished.
2025-09-16 10:55:49 INFO    [awc] Amundsen started /task.
2025-09-16 10:55:50 INFO    [awc] Amundsen finished.
2025-09-16 10:55:54 INFO    [awc] Amundsen started /task.
2025-09-16 10:55:54 INFO    [awc] Amundsen finished.
2025-09-16 13:13:21 INFO    [awc] Amundsen started /task.
2025-09-16 13:13:22 INFO    [awc] Amundsen finished.
2025-09-16 13:13:24 INFO    [awc] Amundsen started /task.
2025-09-16 13:13:25 INFO    [awc] Amundsen finished.
2025-09-16 13:13:56 INFO    [awc] Amundsen started /task.
2025-09-16 13:13:56 INFO    [awc] Amundsen finished.
2025-09-16 13:13:57 INFO    [awc] Amundsen started /task.
2025-09-16 13:13:57 INFO    [awc] Amundsen finished.
2025-09-17 00:06:33 INFO    [awc] Amundsen started /task.
2025-09-17 00:06:33 INFO    [awc] Amundsen finished.
2025-09-17 00:06:37 INFO    [awc] Amundsen started /task.
2025-09-17 00:06:38 INFO    [awc] Amundsen finished.
2025-09-17 00:06:41 INFO    [awc] Amundsen started /task.
2025-09-17 00:06:41 INFO    [awc] Amundsen finished.
2025-09-17 00:06:46 INFO    [awc] Amundsen started /task.
2025-09-17 00:06:46 INFO    [awc] Amundsen finished.
2025-09-17 09:02:29 INFO    [awc] Amundsen started /task.
2025-09-17 09:02:29 INFO    [awc] Amundsen finished.
2025-09-17 09:02:30 INFO    [awc] Amundsen started /task.
2025-09-17 09:02:30 INFO    [awc] Amundsen finished.
2025-09-17 09:02:45 INFO    [awc] Amundsen started /task.
2025-09-17 09:02:45 INFO    [awc] Amundsen finished.
2025-09-17 09:02:50 INFO    [awc] Amundsen started /task.
2025-09-17 09:02:50 INFO    [awc] Amundsen finished.
2025-09-17 09:02:51 INFO    [awc] Amundsen started /task.
2025-09-17 09:02:51 INFO    [awc] Amundsen finished.
2025-09-17 20:33:28 INFO    [awc] Amundsen started /task.
2025-09-17 20:33:29 INFO    [awc] Amundsen finished.
2025-09-17 20:33:32 INFO    [awc] Amundsen started /task.
2025-09-17 20:33:32 INFO    [awc] Amundsen finished.
2025-09-17 20:33:33 INFO    [awc] Amundsen started /task.
2025-09-17 20:33:34 INFO    [awc] Amundsen finished.
2025-09-17 20:33:36 INFO    [awc] Amundsen started /task.
2025-09-17 20:33:36 INFO    [awc] Amundsen finished.
2025-09-18 08:57:20 INFO    [awc] Amundsen started /task.
2025-09-18 08:57:20 INFO    [awc] Amundsen finished.
2025-09-18 08:57:23 INFO    [awc] Amundsen started /task.
2025-09-18 08:57:23 INFO    [awc] Amundsen finished.
2025-09-18 08:57:30 INFO    [awc] Amundsen started /task.
2025-09-18 08:57:30 INFO    [awc] Amundsen finished.
2025-09-18 08:57:39 INFO    [awc] Amundsen started /task.
2025-09-18 08:57:39 INFO    [awc] Amundsen finished.
2025-09-18 10:36:59 INFO    [awc] Amundsen started /task.
2025-09-18 10:37:00 INFO    [awc] Amundsen finished.
2025-09-18 10:37:01 INFO    [awc] Amundsen started /task.
2025-09-18 10:37:02 INFO    [awc] Amundsen finished.
2025-09-18 12:10:29 INFO    [awc] Amundsen started /task.
2025-09-18 12:10:34 INFO    [awc] Amundsen finished.
2025-09-18 12:10:48 INFO    [awc] Amundsen started /task.
2025-09-18 12:10:49 INFO    [awc] Amundsen finished.
2025-09-18 12:10:53 INFO    [awc] Amundsen started /task.
2025-09-18 12:10:55 INFO    [awc] Amundsen finished.
2025-09-20 16:07:57 INFO    [awc] Amundsen started /task.
2025-09-20 16:07:57 INFO    [awc] Time interval elapsed.
2025-09-20 16:07:57 INFO    [awc] Device profile read.
2025-09-20 16:07:57 INFO    [awc] Downloading AmundsHusky.
2025-09-20 16:07:59 INFO    [awc] AmundsAPI flag=acer/250920
2025-09-20 16:07:59 INFO    [awc] Query configuration successful.
2025-09-20 16:07:59 INFO    [awc] Processing 5876707b-25092000 700
2025-09-20 16:07:59 INFO    [awc] Downloading config.zip.
2025-09-20 16:07:59 INFO    [awc] State=2010-0, CD=5
2025-09-20 16:08:01 INFO    [awc] State=2020-0, CD=3
2025-09-20 16:08:01 INFO    [awc] Downloading source.zip.
2025-09-20 16:08:03 INFO    [awc] State=2030-0, CD=5
2025-09-20 16:08:12 INFO    [awc] State=2040-0, CD=3
2025-09-20 16:08:13 INFO    [awc] State=2050-111, CD=4
2025-09-20 16:08:13 INFO    [awc] States: {"5876707b-25092000":"2050-111"}
2025-09-20 16:08:13 INFO    [awc] Amundsen finished.
2025-09-20 21:23:40 INFO    [awc] Amundsen started /task.
2025-09-20 21:23:40 INFO    [awc] Amundsen finished.
2025-09-20 21:23:43 INFO    [awc] Amundsen started /task.
2025-09-20 21:23:43 INFO    [awc] Amundsen finished.
2025-09-20 21:23:47 INFO    [awc] Amundsen started /task.
2025-09-20 21:23:47 INFO    [awc] Amundsen finished.
2025-09-23 11:08:21 INFO    [awc] Amundsen started /task.
2025-09-23 11:08:21 INFO    [awc] Amundsen finished.
2025-09-23 11:08:23 INFO    [awc] Amundsen started /task.
2025-09-23 11:08:23 INFO    [awc] Amundsen finished.
2025-09-23 11:08:39 INFO    [awc] Amundsen started /task.
2025-09-23 11:08:39 INFO    [awc] Amundsen finished.
2025-09-23 11:08:41 INFO    [awc] Amundsen started /task.
2025-09-23 11:08:41 INFO    [awc] Amundsen finished.
2025-09-23 19:35:09 INFO    [awc] Amundsen started /task.
2025-09-23 19:35:09 INFO    [awc] Amundsen finished.
2025-09-23 19:35:12 INFO    [awc] Amundsen started /task.
2025-09-23 19:35:12 INFO    [awc] Amundsen finished.
2025-09-23 19:36:37 INFO    [awc] Amundsen started /task.
2025-09-23 19:36:37 INFO    [awc] Amundsen finished.
2025-09-23 19:36:38 INFO    [awc] Amundsen started /task.
2025-09-23 19:36:38 INFO    [awc] Amundsen finished.
2025-09-24 08:31:19 INFO    [awc] Amundsen started /task.
2025-09-24 08:31:20 INFO    [awc] Amundsen finished.
2025-09-24 08:31:22 INFO    [awc] Amundsen started /task.
2025-09-24 08:31:22 INFO    [awc] Amundsen finished.
2025-09-24 08:31:30 INFO    [awc] Amundsen started /task.
2025-09-24 08:31:30 INFO    [awc] Amundsen finished.
2025-09-24 11:45:35 INFO    [awc] Amundsen started /task.
2025-09-24 11:45:36 INFO    [awc] Amundsen finished.
2025-09-24 15:30:32 INFO    [awc] Amundsen started /task.
2025-09-24 15:30:33 INFO    [awc] Amundsen finished.
2025-09-24 15:30:38 INFO    [awc] Amundsen started /task.
2025-09-24 15:30:38 INFO    [awc] Amundsen finished.
2025-09-24 17:55:59 INFO    [awc] Amundsen started /task.
2025-09-24 17:55:59 INFO    [awc] Amundsen finished.
2025-09-24 17:56:17 INFO    [awc] Amundsen started /task.
2025-09-24 17:56:18 INFO    [awc] Amundsen finished.
2025-09-24 17:56:21 INFO    [awc] Amundsen started /task.
2025-09-24 17:56:21 INFO    [awc] Amundsen finished.
2025-09-24 17:56:30 INFO    [awc] Amundsen started /task.
2025-09-24 17:56:30 INFO    [awc] Amundsen finished.
2025-09-25 09:16:20 INFO    [awc] Amundsen started /task.
2025-09-25 09:16:21 INFO    [awc] Amundsen finished.
2025-09-25 09:16:23 INFO    [awc] Amundsen started /task.
2025-09-25 09:16:23 INFO    [awc] Amundsen finished.
2025-09-25 12:57:06 INFO    [awc] Amundsen started /task.
2025-09-25 12:57:06 INFO    [awc] Amundsen finished.
2025-09-25 12:57:09 INFO    [awc] Amundsen started /task.
2025-09-25 12:57:09 INFO    [awc] Amundsen finished.
2025-09-25 12:57:13 INFO    [awc] Amundsen started /task.
2025-09-25 12:57:13 INFO    [awc] Amundsen finished.
2025-09-25 12:57:15 INFO    [awc] Amundsen started /task.
2025-09-25 12:57:15 INFO    [awc] Amundsen finished.
2025-09-25 15:10:00 INFO    [awc] Amundsen started /task.
2025-09-25 15:10:00 INFO    [awc] Amundsen finished.
2025-09-25 15:10:03 INFO    [awc] Amundsen started /task.
2025-09-25 15:10:03 INFO    [awc] Amundsen finished.
2025-09-26 14:32:48 INFO    [awc] Amundsen started /task.
2025-09-26 14:36:48 INFO    [awc] Amundsen started /task.
2025-09-26 14:36:48 INFO    [awc] Amundsen finished.
2025-09-26 14:36:52 INFO    [awc] Amundsen started /task.
2025-09-26 14:36:52 INFO    [awc] Amundsen finished.
2025-09-26 14:36:56 INFO    [awc] Amundsen started /task.
2025-09-26 14:36:56 INFO    [awc] Amundsen finished.
2025-09-26 14:38:17 INFO    [awc] Amundsen started /task.
2025-09-26 14:38:17 INFO    [awc] Amundsen finished.
2025-09-26 14:38:18 INFO    [awc] Amundsen started /task.
2025-09-26 14:38:18 INFO    [awc] Amundsen finished.
2025-09-26 17:13:42 INFO    [awc] Amundsen started /task.
2025-09-26 17:13:42 INFO    [awc] Amundsen finished.
2025-09-26 17:13:45 INFO    [awc] Amundsen started /task.
2025-09-26 17:13:45 INFO    [awc] Amundsen finished.
2025-09-26 17:14:21 INFO    [awc] Amundsen started /task.
2025-09-26 17:14:21 INFO    [awc] Amundsen finished.
2025-09-26 17:14:26 INFO    [awc] Amundsen started /task.
2025-09-26 17:14:26 INFO    [awc] Amundsen finished.
2025-09-26 18:05:26 INFO    [awc] Amundsen started /task.
2025-09-26 18:05:26 INFO    [awc] Amundsen finished.
2025-09-26 18:05:40 INFO    [awc] Amundsen started /task.
2025-09-26 18:05:40 INFO    [awc] Amundsen finished.
2025-09-26 18:05:41 INFO    [awc] Amundsen started /task.
2025-09-26 18:05:41 INFO    [awc] Amundsen finished.
2025-09-27 10:29:39 INFO    [awc] Amundsen started /task.
2025-09-27 10:29:39 INFO    [awc] Amundsen finished.
2025-09-27 10:29:42 INFO    [awc] Amundsen started /task.
2025-09-27 10:29:42 INFO    [awc] Amundsen finished.
2025-09-27 10:29:47 INFO    [awc] Amundsen started /task.
2025-09-27 10:29:47 INFO    [awc] Amundsen finished.
2025-09-27 10:29:52 INFO    [awc] Amundsen started /task.
2025-09-27 10:29:52 INFO    [awc] Amundsen finished.
2025-09-27 21:42:38 INFO    [awc] Amundsen started /task.
2025-09-27 21:42:39 INFO    [awc] Amundsen finished.
2025-09-27 21:42:43 INFO    [awc] Amundsen started /task.
2025-09-27 21:42:43 INFO    [awc] Amundsen finished.
2025-09-27 21:42:58 INFO    [awc] Amundsen started /task.
2025-09-27 21:42:58 INFO    [awc] Amundsen finished.
2025-09-27 21:43:48 INFO    [awc] Amundsen started /task.
2025-09-27 21:43:49 INFO    [awc] Amundsen finished.
2025-09-28 10:36:10 INFO    [awc] Amundsen started /task.
2025-09-28 10:36:10 INFO    [awc] Amundsen finished.
2025-09-28 10:36:13 INFO    [awc] Amundsen started /task.
2025-09-28 10:36:13 INFO    [awc] Amundsen finished.
2025-09-29 10:08:21 INFO    [awc] Amundsen started /task.
2025-09-29 10:08:22 INFO    [awc] Amundsen finished.
2025-09-29 10:08:26 INFO    [awc] Amundsen started /task.
2025-09-29 10:08:26 INFO    [awc] Amundsen finished.
2025-09-29 10:08:29 INFO    [awc] Amundsen started /task.
2025-09-29 10:08:30 INFO    [awc] Amundsen finished.
2025-09-29 10:08:40 INFO    [awc] Amundsen started /task.
2025-09-29 10:08:40 INFO    [awc] Amundsen finished.
2025-09-29 13:27:56 INFO    [awc] Amundsen started /task.
2025-09-29 13:27:56 INFO    [awc] Amundsen finished.
2025-09-29 13:27:58 INFO    [awc] Amundsen started /task.
2025-09-29 13:27:58 INFO    [awc] Amundsen finished.
2025-09-29 13:27:59 INFO    [awc] Amundsen started /task.
2025-09-29 13:27:59 INFO    [awc] Amundsen finished.
2025-09-30 11:00:19 INFO    [awc] Amundsen started /task.
2025-09-30 11:00:20 INFO    [awc] Amundsen finished.
2025-09-30 11:00:22 INFO    [awc] Amundsen started /task.
2025-09-30 11:00:22 INFO    [awc] Amundsen finished.
2025-09-30 11:00:26 INFO    [awc] Amundsen started /task.
2025-09-30 11:00:26 INFO    [awc] Amundsen finished.
2025-09-30 11:00:35 INFO    [awc] Amundsen started /task.
2025-09-30 11:00:35 INFO    [awc] Amundsen finished.
2025-09-30 21:55:08 INFO    [awc] Amundsen started /task.
2025-09-30 21:55:08 INFO    [awc] Time interval elapsed.
2025-09-30 21:55:09 INFO    [awc] Device profile read.
2025-09-30 21:55:09 INFO    [awc] Downloading AmundsHusky.
2025-09-30 21:55:10 INFO    [awc] AmundsAPI flag=acer/250920
2025-09-30 21:55:10 INFO    [awc] Query configuration successful.
2025-09-30 21:55:10 INFO    [awc] Processing 5876707b-25092000 700
2025-09-30 21:55:10 INFO    [awc] State=2050-111, CD=3
2025-09-30 21:55:10 INFO    [awc] Amundsen finished.
2025-09-30 21:55:11 INFO    [awc] Amundsen started /task.
2025-09-30 21:55:11 INFO    [awc] Amundsen finished.
2025-09-30 21:55:15 INFO    [awc] Amundsen started /task.
2025-09-30 21:55:15 INFO    [awc] Amundsen finished.
2025-09-30 21:55:26 INFO    [awc] Amundsen started /task.
2025-09-30 21:55:26 INFO    [awc] Amundsen finished.
2025-10-01 08:34:07 INFO    [awc] Amundsen started /task.
2025-10-01 08:34:08 INFO    [awc] Amundsen finished.
2025-10-01 08:34:11 INFO    [awc] Amundsen started /task.
2025-10-01 08:34:11 INFO    [awc] Amundsen finished.
2025-10-01 08:34:14 INFO    [awc] Amundsen started /task.
2025-10-01 08:34:15 INFO    [awc] Amundsen finished.
2025-10-01 08:34:18 INFO    [awc] Amundsen started /task.
2025-10-01 08:34:18 INFO    [awc] Amundsen finished.
2025-10-01 13:03:50 INFO    [awc] Amundsen started /task.
2025-10-01 13:03:51 INFO    [awc] Amundsen finished.
2025-10-01 13:03:54 INFO    [awc] Amundsen started /task.
2025-10-01 13:03:54 INFO    [awc] Amundsen finished.
2025-10-01 13:04:00 INFO    [awc] Amundsen started /task.
2025-10-01 13:04:00 INFO    [awc] Amundsen finished.
2025-10-01 13:04:10 INFO    [awc] Amundsen started /task.
2025-10-01 13:04:10 INFO    [awc] Amundsen finished.
2025-10-01 13:12:45 INFO    [awc] Amundsen started /task.
2025-10-01 13:12:45 INFO    [awc] Amundsen finished.
2025-10-01 13:12:49 INFO    [awc] Amundsen started /task.
2025-10-01 13:12:49 INFO    [awc] Amundsen finished.
2025-10-01 13:13:21 INFO    [awc] Amundsen started /task.
2025-10-01 13:13:21 INFO    [awc] Amundsen finished.
2025-10-01 13:13:28 INFO    [awc] Amundsen started /task.
2025-10-01 13:13:28 INFO    [awc] Amundsen finished.
2025-10-01 13:13:33 INFO    [awc] Amundsen started /task.
2025-10-01 13:13:33 INFO    [awc] Amundsen finished.
2025-10-01 13:13:35 INFO    [awc] Amundsen started /task.
2025-10-01 13:13:35 INFO    [awc] Amundsen finished.
2025-10-01 13:35:03 INFO    [awc] Amundsen started /task.
2025-10-01 13:35:03 INFO    [awc] Amundsen finished.
2025-10-01 13:35:06 INFO    [awc] Amundsen started /task.
2025-10-01 13:35:07 INFO    [awc] Amundsen finished.
2025-10-01 13:58:15 INFO    [awc] Amundsen started /task.
2025-10-01 13:58:16 INFO    [awc] Amundsen finished.
2025-10-01 13:58:41 INFO    [awc] Amundsen started /task.
2025-10-01 13:58:41 INFO    [awc] Amundsen finished.
2025-10-01 15:12:08 INFO    [awc] Amundsen started /task.
2025-10-01 15:12:08 INFO    [awc] Amundsen finished.
2025-10-01 15:12:11 INFO    [awc] Amundsen started /task.
2025-10-01 15:12:12 INFO    [awc] Amundsen finished.
2025-10-01 15:12:13 INFO    [awc] Amundsen started /task.
2025-10-01 15:12:14 INFO    [awc] Amundsen finished.
2025-10-01 15:12:21 INFO    [awc] Amundsen started /task.
2025-10-01 15:12:22 INFO    [awc] Amundsen finished.
2025-10-01 15:27:15 INFO    [awc] Amundsen started /task.
2025-10-01 15:27:16 INFO    [awc] Amundsen finished.
2025-10-01 15:27:16 INFO    [awc] Amundsen started /task.
2025-10-01 15:27:17 INFO    [awc] Amundsen finished.
2025-10-01 15:27:19 INFO    [awc] Amundsen started /task.
2025-10-01 15:27:19 INFO    [awc] Amundsen finished.
2025-10-01 15:27:23 INFO    [awc] Amundsen started /task.
2025-10-01 15:27:23 INFO    [awc] Amundsen finished.
2025-10-01 17:50:24 INFO    [awc] Amundsen started /task.
2025-10-01 17:50:24 INFO    [awc] Amundsen finished.
2025-10-01 17:50:26 INFO    [awc] Amundsen started /task.
2025-10-01 17:50:26 INFO    [awc] Amundsen finished.
2025-10-01 17:50:30 INFO    [awc] Amundsen started /task.
2025-10-01 17:50:30 INFO    [awc] Amundsen finished.
2025-10-01 17:50:32 INFO    [awc] Amundsen started /task.
2025-10-01 17:50:32 INFO    [awc] Amundsen finished.
2025-10-01 22:25:22 INFO    [awc] Amundsen started /task.
2025-10-01 22:25:22 INFO    [awc] Amundsen finished.
2025-10-01 22:25:25 INFO    [awc] Amundsen started /task.
2025-10-01 22:25:25 INFO    [awc] Amundsen finished.
2025-10-01 22:25:29 INFO    [awc] Amundsen started /task.
2025-10-01 22:25:29 INFO    [awc] Amundsen finished.
2025-10-01 22:25:40 INFO    [awc] Amundsen started /task.
2025-10-01 22:25:40 INFO    [awc] Amundsen finished.
2025-10-02 11:56:10 INFO    [awc] Amundsen started /task.
2025-10-02 11:56:11 INFO    [awc] Amundsen finished.
2025-10-02 11:56:14 INFO    [awc] Amundsen started /task.
2025-10-02 11:56:14 INFO    [awc] Amundsen finished.
2025-10-02 11:56:32 INFO    [awc] Amundsen started /task.
2025-10-02 11:56:33 INFO    [awc] Amundsen finished.
2025-10-02 11:56:34 INFO    [awc] Amundsen started /task.
2025-10-02 11:56:34 INFO    [awc] Amundsen finished.
2025-10-02 12:38:45 INFO    [awc] Amundsen started /task.
2025-10-02 12:38:45 INFO    [awc] Amundsen finished.
2025-10-02 12:38:48 INFO    [awc] Amundsen started /task.
2025-10-02 12:38:48 INFO    [awc] Amundsen finished.
2025-10-02 12:39:08 INFO    [awc] Amundsen started /task.
2025-10-02 12:39:08 INFO    [awc] Amundsen finished.
2025-10-02 12:43:57 INFO    [awc] Amundsen started /task.
2025-10-02 12:43:57 INFO    [awc] Amundsen finished.
2025-10-02 12:44:24 INFO    [awc] Amundsen started /task.
2025-10-02 12:44:24 INFO    [awc] Amundsen finished.
2025-10-02 14:39:32 INFO    [awc] Amundsen started /task.
2025-10-02 14:39:32 INFO    [awc] Amundsen finished.
2025-10-02 14:39:36 INFO    [awc] Amundsen started /task.
2025-10-02 14:39:36 INFO    [awc] Amundsen finished.
2025-10-02 14:39:37 INFO    [awc] Amundsen started /task.
2025-10-02 14:39:37 INFO    [awc] Amundsen finished.
2025-10-02 14:39:42 INFO    [awc] Amundsen started /task.
2025-10-02 14:39:43 INFO    [awc] Amundsen finished.
2025-10-02 14:39:45 INFO    [awc] Amundsen started /task.
2025-10-02 14:39:46 INFO    [awc] Amundsen finished.
2025-10-02 17:38:10 INFO    [awc] Amundsen started /task.
2025-10-02 17:38:11 INFO    [awc] Amundsen finished.
2025-10-02 17:38:13 INFO    [awc] Amundsen started /task.
2025-10-02 17:38:13 INFO    [awc] Amundsen finished.
2025-10-02 21:24:38 INFO    [awc] Amundsen started /task.
2025-10-02 21:24:39 INFO    [awc] Amundsen finished.
2025-10-02 21:24:41 INFO    [awc] Amundsen started /task.
2025-10-02 21:24:41 INFO    [awc] Amundsen finished.
2025-10-02 21:24:49 INFO    [awc] Amundsen started /task.
2025-10-02 21:24:50 INFO    [awc] Amundsen finished.
2025-10-03 11:55:44 INFO    [awc] Amundsen started /task.
2025-10-03 11:55:44 INFO    [awc] Amundsen finished.
2025-10-03 11:55:46 INFO    [awc] Amundsen started /task.
2025-10-03 11:55:46 INFO    [awc] Amundsen finished.
2025-10-03 11:56:03 INFO    [awc] Amundsen started /task.
2025-10-03 11:56:03 INFO    [awc] Amundsen finished.
2025-10-03 11:56:05 INFO    [awc] Amundsen started /task.
2025-10-03 11:56:05 INFO    [awc] Amundsen finished.
2025-10-03 13:52:05 INFO    [awc] Amundsen started /task.
2025-10-03 13:52:07 INFO    [awc] Amundsen finished.
2025-10-03 13:52:07 INFO    [awc] Amundsen started /task.
2025-10-03 13:52:08 INFO    [awc] Amundsen finished.
2025-10-03 13:52:35 INFO    [awc] Amundsen started /task.
2025-10-03 13:52:36 INFO    [awc] Amundsen finished.
2025-10-03 13:52:37 INFO    [awc] Amundsen started /task.
2025-10-03 13:52:37 INFO    [awc] Amundsen finished.
2025-10-03 14:04:18 INFO    [awc] Amundsen started /task.
2025-10-03 14:04:19 INFO    [awc] Amundsen finished.
2025-10-03 16:53:37 INFO    [awc] Amundsen started /task.
2025-10-03 16:53:38 INFO    [awc] Amundsen finished.
2025-10-03 16:53:48 INFO    [awc] Amundsen started /task.
2025-10-03 16:53:48 INFO    [awc] Amundsen finished.
2025-10-04 11:24:37 INFO    [awc] Amundsen started /task.
2025-10-04 11:24:39 INFO    [awc] Amundsen finished.
2025-10-04 18:22:42 INFO    [awc] Amundsen started /task.
2025-10-04 18:22:43 INFO    [awc] Amundsen finished.
2025-10-04 18:22:44 INFO    [awc] Amundsen started /task.
2025-10-04 18:22:44 INFO    [awc] Amundsen finished.
2025-10-04 18:22:45 INFO    [awc] Amundsen started /task.
2025-10-04 18:22:45 INFO    [awc] Amundsen finished.
2025-10-04 18:57:36 INFO    [awc] Amundsen started /task.
2025-10-04 18:57:37 INFO    [awc] Amundsen finished.
2025-10-04 18:57:51 INFO    [awc] Amundsen started /task.
2025-10-04 18:57:51 INFO    [awc] Amundsen finished.
2025-10-04 18:57:52 INFO    [awc] Amundsen started /task.
2025-10-04 18:57:52 INFO    [awc] Amundsen finished.
2025-10-04 18:57:55 INFO    [awc] Amundsen started /task.
2025-10-04 18:57:55 INFO    [awc] Amundsen finished.
2025-10-04 19:11:13 INFO    [awc] Amundsen started /task.
2025-10-04 19:11:13 INFO    [awc] Amundsen finished.
2025-10-04 19:11:18 INFO    [awc] Amundsen started /task.
2025-10-04 19:11:18 INFO    [awc] Amundsen finished.
2025-10-04 22:15:50 INFO    [awc] Amundsen started /task.
2025-10-04 22:15:50 INFO    [awc] Amundsen finished.
2025-10-04 22:17:05 INFO    [awc] Amundsen started /task.
2025-10-04 22:17:05 INFO    [awc] Amundsen finished.
2025-10-05 15:13:45 INFO    [awc] Amundsen started /task.
2025-10-05 15:13:53 INFO    [awc] Amundsen finished.
2025-10-05 15:13:57 INFO    [awc] Amundsen started /task.
2025-10-05 15:13:57 INFO    [awc] Amundsen finished.
2025-10-05 15:14:31 INFO    [awc] Amundsen started /task.
2025-10-05 15:14:32 INFO    [awc] Amundsen finished.
2025-10-05 15:14:34 INFO    [awc] Amundsen started /task.
2025-10-05 15:14:34 INFO    [awc] Amundsen finished.
2025-10-05 16:27:29 INFO    [awc] Amundsen started /task.
2025-10-05 16:27:29 INFO    [awc] Amundsen finished.
2025-10-05 17:03:22 INFO    [awc] Amundsen started /task.
2025-10-05 17:03:23 INFO    [awc] Amundsen finished.
2025-10-05 17:54:41 INFO    [awc] Amundsen started /task.
2025-10-05 17:54:41 INFO    [awc] Amundsen finished.
2025-10-05 17:54:43 INFO    [awc] Amundsen started /task.
2025-10-05 17:54:43 INFO    [awc] Amundsen finished.
2025-10-05 20:03:32 INFO    [awc] Amundsen started /task.
2025-10-05 20:03:32 INFO    [awc] Amundsen finished.
2025-10-05 20:03:36 INFO    [awc] Amundsen started /task.
2025-10-05 20:03:36 INFO    [awc] Amundsen finished.
2025-10-05 20:03:57 INFO    [awc] Amundsen started /task.
2025-10-05 20:03:57 INFO    [awc] Amundsen finished.
2025-10-05 20:04:00 INFO    [awc] Amundsen started /task.
2025-10-05 20:04:00 INFO    [awc] Amundsen finished.
2025-10-05 23:20:37 INFO    [awc] Amundsen started /task.
2025-10-05 23:20:37 INFO    [awc] Amundsen finished.
2025-10-05 23:20:40 INFO    [awc] Amundsen started /task.
2025-10-05 23:20:40 INFO    [awc] Amundsen finished.
2025-10-06 19:29:29 INFO    [awc] Amundsen started /task.
2025-10-06 19:29:48 INFO    [awc] Amundsen finished.
2025-10-06 19:44:03 INFO    [awc] Amundsen started /task.
2025-10-06 19:44:03 INFO    [awc] Amundsen finished.
2025-10-06 19:48:03 INFO    [awc] Amundsen started /task.
2025-10-06 19:48:04 INFO    [awc] Amundsen finished.
2025-10-06 19:48:10 INFO    [awc] Amundsen started /task.
2025-10-06 19:48:10 INFO    [awc] Amundsen finished.
2025-10-06 20:23:37 INFO    [awc] Amundsen started /task.
2025-10-06 20:23:38 INFO    [awc] Amundsen finished.
2025-10-06 20:23:38 INFO    [awc] Amundsen started /task.
2025-10-06 20:23:39 INFO    [awc] Amundsen finished.
2025-10-06 21:25:09 INFO    [awc] Amundsen started /task.
2025-10-06 21:25:09 INFO    [awc] Amundsen finished.
2025-10-06 21:25:14 INFO    [awc] Amundsen started /task.
2025-10-06 21:25:14 INFO    [awc] Amundsen finished.
2025-10-06 22:19:18 INFO    [awc] Amundsen started /task.
2025-10-06 22:19:19 INFO    [awc] Amundsen finished.
2025-10-06 22:19:19 INFO    [awc] Amundsen started /task.
2025-10-06 22:19:19 INFO    [awc] Amundsen finished.
2025-10-06 22:19:23 INFO    [awc] Amundsen started /task.
2025-10-06 22:19:23 INFO    [awc] Amundsen finished.
2025-10-06 23:50:05 INFO    [awc] Amundsen started /task.
2025-10-06 23:50:06 INFO    [awc] Amundsen finished.
2025-10-06 23:50:10 INFO    [awc] Amundsen started /task.
2025-10-06 23:50:10 INFO    [awc] Amundsen finished.
2025-10-07 11:03:27 INFO    [awc] Amundsen started /task.
2025-10-07 11:03:28 INFO    [awc] Amundsen finished.
2025-10-07 11:03:57 INFO    [awc] Amundsen started /task.
2025-10-07 11:03:58 INFO    [awc] Amundsen finished.
2025-10-07 11:04:00 INFO    [awc] Amundsen started /task.
2025-10-07 11:04:00 INFO    [awc] Amundsen finished.
2025-10-07 13:32:14 INFO    [awc] Amundsen started /task.
2025-10-07 13:32:15 INFO    [awc] Amundsen finished.
2025-10-07 13:32:25 INFO    [awc] Amundsen started /task.
2025-10-07 13:32:25 INFO    [awc] Amundsen finished.
2025-10-07 15:32:23 INFO    [awc] Amundsen started /task.
2025-10-07 17:51:10 INFO    [awc] Amundsen started /task.
2025-10-07 17:55:14 INFO    [awc] Amundsen started /task.
2025-10-07 17:55:15 INFO    [awc] Amundsen finished.
2025-10-07 17:56:44 INFO    [awc] Amundsen started /task.
2025-10-07 17:56:44 INFO    [awc] Amundsen finished.
2025-10-07 17:56:45 INFO    [awc] Amundsen started /task.
2025-10-07 17:56:45 INFO    [awc] Amundsen finished.
2025-10-07 17:56:53 INFO    [awc] Amundsen started /task.
2025-10-07 17:56:53 INFO    [awc] Amundsen finished.
2025-10-07 19:18:51 INFO    [awc] Amundsen started /task.
2025-10-07 19:18:51 INFO    [awc] Amundsen finished.
2025-10-07 19:18:52 INFO    [awc] Amundsen started /task.
2025-10-07 19:18:52 INFO    [awc] Amundsen finished.
2025-10-07 23:48:04 INFO    [awc] Amundsen started /task.
2025-10-07 23:48:05 INFO    [awc] Amundsen finished.
2025-10-07 23:48:11 INFO    [awc] Amundsen started /task.
2025-10-07 23:48:12 INFO    [awc] Amundsen finished.
2025-10-08 17:56:46 INFO    [awc] Amundsen started /task.
2025-10-08 17:56:46 INFO    [awc] Amundsen finished.
2025-10-08 17:56:50 INFO    [awc] Amundsen started /task.
2025-10-08 17:56:50 INFO    [awc] Amundsen finished.
2025-10-08 17:56:53 INFO    [awc] Amundsen started /task.
2025-10-08 17:56:53 INFO    [awc] Amundsen finished.
2025-10-08 18:38:03 INFO    [awc] Amundsen started /task.
2025-10-08 18:38:19 INFO    [awc] Amundsen finished.
2025-10-08 18:42:08 INFO    [awc] Amundsen started /task.
2025-10-08 18:42:08 INFO    [awc] Amundsen finished.
2025-10-08 18:42:09 INFO    [awc] Amundsen started /task.
2025-10-08 18:42:09 INFO    [awc] Amundsen finished.
2025-10-08 19:22:32 INFO    [awc] Amundsen started /task.
2025-10-08 19:22:32 INFO    [awc] Amundsen finished.
2025-10-08 19:22:33 INFO    [awc] Amundsen started /task.
2025-10-08 19:22:34 INFO    [awc] Amundsen finished.
2025-10-08 20:22:42 INFO    [awc] Amundsen started /task.
2025-10-08 22:07:51 INFO    [awc] Amundsen started /task.
2025-10-08 22:07:51 INFO    [awc] Amundsen finished.
2025-10-08 22:08:06 INFO    [awc] Amundsen started /task.
2025-10-08 22:08:07 INFO    [awc] Amundsen finished.
2025-10-08 22:08:08 INFO    [awc] Amundsen started /task.
2025-10-08 22:08:08 INFO    [awc] Amundsen finished.
2025-10-09 09:02:03 INFO    [awc] Amundsen started /task.
2025-10-09 09:02:04 INFO    [awc] Amundsen finished.
2025-10-09 09:02:08 INFO    [awc] Amundsen started /task.
2025-10-09 09:02:08 INFO    [awc] Amundsen finished.
2025-10-09 10:30:22 INFO    [awc] Amundsen started /task.
2025-10-09 10:30:23 INFO    [awc] Amundsen finished.
2025-10-09 10:30:31 INFO    [awc] Amundsen started /task.
2025-10-09 10:30:31 INFO    [awc] Amundsen finished.
2025-10-09 10:30:37 INFO    [awc] Amundsen started /task.
2025-10-09 10:30:37 INFO    [awc] Amundsen finished.
2025-10-09 11:37:33 INFO    [awc] Amundsen started /task.
2025-10-09 11:37:33 INFO    [awc] Amundsen finished.
2025-10-09 11:39:19 INFO    [awc] Amundsen started /task.
2025-10-09 11:39:20 INFO    [awc] Amundsen finished.
2025-10-09 19:41:27 INFO    [awc] Amundsen started /task.
2025-10-09 19:41:29 INFO    [awc] Amundsen started /task.
2025-10-09 19:42:25 INFO    [awc] Amundsen started /task.
2025-10-09 19:42:29 INFO    [awc] Amundsen started /task.
2025-10-09 19:46:35 INFO    [awc] Amundsen started /task.
2025-10-09 19:46:36 INFO    [awc] Amundsen finished.
2025-10-09 21:26:22 INFO    [awc] Amundsen started /task.
2025-10-09 21:26:37 INFO    [awc] Amundsen finished.
2025-10-09 21:30:29 INFO    [awc] Amundsen started /task.
2025-10-09 21:30:29 INFO    [awc] Amundsen finished.
2025-10-09 21:30:45 INFO    [awc] Amundsen started /task.
2025-10-09 21:30:46 INFO    [awc] Amundsen finished.
2025-10-10 09:48:57 INFO    [awc] Amundsen started /task.
2025-10-10 09:48:58 INFO    [awc] Amundsen finished.
2025-10-10 09:49:00 INFO    [awc] Amundsen started /task.
2025-10-10 09:49:00 INFO    [awc] Amundsen finished.
2025-10-10 13:33:30 INFO    [awc] Amundsen started /task.
2025-10-10 13:59:24 INFO    [awc] Amundsen started /task.
2025-10-10 13:59:40 INFO    [awc] Amundsen finished.
2025-10-10 14:03:29 INFO    [awc] Amundsen started /task.
2025-10-10 14:03:29 INFO    [awc] Amundsen finished.
2025-10-10 14:03:30 INFO    [awc] Amundsen started /task.
2025-10-10 14:03:30 INFO    [awc] Amundsen finished.
2025-10-10 14:53:38 INFO    [awc] Amundsen started /task.
2025-10-10 14:53:38 INFO    [awc] Amundsen finished.
2025-10-10 14:53:40 INFO    [awc] Amundsen started /task.
2025-10-10 14:53:40 INFO    [awc] Amundsen finished.
2025-10-10 16:02:59 INFO    [awc] Amundsen started /task.
2025-10-10 16:03:00 INFO    [awc] Amundsen finished.
2025-10-10 23:08:43 INFO    [awc] Amundsen started /task.
2025-10-10 23:08:44 INFO    [awc] Time interval elapsed.
2025-10-10 23:08:45 INFO    [awc] Device profile read.
2025-10-10 23:08:45 INFO    [awc] Downloading AmundsHusky.
2025-10-10 23:08:47 INFO    [awc] AmundsAPI flag=acer/250920
2025-10-10 23:08:47 INFO    [awc] Query configuration successful.
2025-10-10 23:08:47 INFO    [awc] Processing 5876707b-25092000 700
2025-10-10 23:08:49 INFO    [awc] State=2050-111, CD=2
2025-10-10 23:08:49 INFO    [awc] Amundsen finished.
2025-10-10 23:12:37 INFO    [awc] Amundsen started /task.
2025-10-10 23:12:37 INFO    [awc] Amundsen finished.
2025-10-10 23:12:40 INFO    [awc] Amundsen started /task.
2025-10-10 23:12:40 INFO    [awc] Amundsen finished.
2025-10-11 08:23:52 INFO    [awc] Amundsen started /task.
2025-10-11 08:23:53 INFO    [awc] Amundsen finished.
2025-10-11 08:24:03 INFO    [awc] Amundsen started /task.
2025-10-11 08:24:03 INFO    [awc] Amundsen finished.
2025-10-11 08:25:26 INFO    [awc] Amundsen started /task.
2025-10-11 08:25:26 INFO    [awc] Amundsen finished.
2025-10-11 08:25:33 INFO    [awc] Amundsen started /task.
2025-10-11 08:25:33 INFO    [awc] Amundsen finished.
2025-10-11 08:32:01 INFO    [awc] Amundsen started /task.
2025-10-11 08:32:01 INFO    [awc] Amundsen finished.
2025-10-11 08:44:03 INFO    [awc] Amundsen started /task.
2025-10-11 08:44:04 INFO    [awc] Amundsen finished.
2025-10-11 08:44:09 INFO    [awc] Amundsen started /task.
2025-10-11 08:44:09 INFO    [awc] Amundsen finished.
2025-10-11 09:02:51 INFO    [awc] Amundsen started /task.
2025-10-11 09:02:52 INFO    [awc] Amundsen finished.
2025-10-11 09:02:52 INFO    [awc] Amundsen started /task.
2025-10-11 09:02:52 INFO    [awc] Amundsen finished.
2025-10-11 09:03:02 INFO    [awc] Amundsen started /task.
2025-10-11 09:03:03 INFO    [awc] Amundsen finished.
2025-10-11 09:32:09 INFO    [awc] Amundsen started /task.
2025-10-11 09:32:10 INFO    [awc] Amundsen finished.
2025-10-11 09:32:11 INFO    [awc] Amundsen started /task.
2025-10-11 09:32:11 INFO    [awc] Amundsen finished.
2025-10-12 23:24:50 INFO    [awc] Amundsen started /task.
2025-10-12 23:26:03 INFO    [awc] Amundsen finished.
2025-10-12 23:27:44 INFO    [awc] Amundsen started /task.
2025-10-12 23:27:45 INFO    [awc] Amundsen finished.
2025-10-12 23:27:51 INFO    [awc] Amundsen started /task.
2025-10-12 23:27:51 INFO    [awc] Amundsen finished.
2025-10-12 23:27:54 INFO    [awc] Amundsen started /task.
2025-10-12 23:27:55 INFO    [awc] Amundsen finished.
2025-10-12 23:28:00 INFO    [awc] Amundsen started /task.
2025-10-12 23:28:00 INFO    [awc] Amundsen finished.
2025-10-12 23:28:05 INFO    [awc] Amundsen started /task.
2025-10-12 23:28:05 INFO    [awc] Amundsen finished.
2025-10-13 09:50:19 INFO    [awc] Amundsen started /task.
2025-10-13 09:50:20 INFO    [awc] Amundsen finished.
2025-10-13 09:50:24 INFO    [awc] Amundsen started /task.
2025-10-13 09:50:24 INFO    [awc] Amundsen finished.
2025-10-13 17:32:14 INFO    [awc] Amundsen started /task.
2025-10-13 17:32:27 INFO    [awc] Amundsen started /task.
2025-10-13 17:32:30 INFO    [awc] Amundsen started /task.
2025-10-13 17:36:56 INFO    [awc] Amundsen started /task.
2025-10-13 17:36:57 INFO    [awc] Amundsen finished.
2025-10-13 17:37:10 INFO    [awc] Amundsen started /task.
2025-10-13 17:37:10 INFO    [awc] Amundsen finished.
2025-10-13 19:48:27 INFO    [awc] Amundsen started /task.
2025-10-13 19:48:28 INFO    [awc] Amundsen finished.
2025-10-13 19:48:31 INFO    [awc] Amundsen started /task.
2025-10-13 19:48:31 INFO    [awc] Amundsen finished.
2025-10-13 19:53:30 INFO    [awc] Amundsen started /task.
2025-10-13 19:53:30 INFO    [awc] Amundsen finished.
2025-10-13 19:53:39 INFO    [awc] Amundsen started /task.
2025-10-13 19:53:39 INFO    [awc] Amundsen finished.
2025-10-13 19:53:46 INFO    [awc] Amundsen started /task.
2025-10-13 19:53:46 INFO    [awc] Amundsen finished.
2025-10-13 19:55:42 INFO    [awc] Amundsen started /task.
2025-10-13 19:55:42 INFO    [awc] Amundsen finished.
2025-10-14 11:07:01 INFO    [awc] Amundsen started /task.
2025-10-14 11:07:01 INFO    [awc] Amundsen finished.
2025-10-14 11:07:18 INFO    [awc] Amundsen started /task.
2025-10-14 11:07:18 INFO    [awc] Amundsen finished.
2025-10-14 11:07:21 INFO    [awc] Amundsen started /task.
2025-10-14 11:07:21 INFO    [awc] Amundsen finished.
2025-10-14 11:07:22 INFO    [awc] Amundsen started /task.
2025-10-14 11:07:22 INFO    [awc] Amundsen finished.
2025-10-14 11:07:24 INFO    [awc] Amundsen started /task.
2025-10-14 11:07:24 INFO    [awc] Amundsen finished.
2025-10-14 13:23:53 INFO    [awc] Amundsen started /task.
2025-10-14 13:23:57 INFO    [awc] Amundsen started /task.
2025-10-14 13:24:08 INFO    [awc] Amundsen started /task.
2025-10-14 13:24:09 INFO    [awc] Amundsen finished.
2025-10-14 13:24:10 INFO    [awc] Amundsen started /task.
2025-10-14 13:24:11 INFO    [awc] Amundsen finished.
2025-10-14 14:55:52 INFO    [awc] Amundsen started /task.
2025-10-14 14:55:52 INFO    [awc] Amundsen finished.
2025-10-14 20:03:21 INFO    [awc] Amundsen started /task.
2025-10-14 20:03:22 INFO    [awc] Amundsen finished.
2025-10-14 20:03:25 INFO    [awc] Amundsen started /task.
2025-10-14 20:03:25 INFO    [awc] Amundsen finished.
2025-10-14 20:50:52 INFO    [awc] Amundsen started /task.
2025-10-14 20:50:53 INFO    [awc] Amundsen finished.
2025-10-14 20:50:53 INFO    [awc] Amundsen started /task.
2025-10-14 20:50:53 INFO    [awc] Amundsen finished.
2025-10-14 20:50:56 INFO    [awc] Amundsen started /task.
2025-10-14 20:50:57 INFO    [awc] Amundsen finished.
2025-10-15 08:32:02 INFO    [awc] Amundsen started /task.
2025-10-15 08:32:02 INFO    [awc] Amundsen finished.
2025-10-15 08:32:09 INFO    [awc] Amundsen started /task.
2025-10-15 08:32:09 INFO    [awc] Amundsen finished.
2025-10-15 08:33:43 INFO    [awc] Amundsen started /task.
2025-10-15 08:33:43 INFO    [awc] Amundsen finished.
2025-10-15 08:33:47 INFO    [awc] Amundsen started /task.
2025-10-15 08:33:48 INFO    [awc] Amundsen finished.
2025-10-15 12:33:17 INFO    [awc] Amundsen started /task.
2025-10-15 12:33:17 INFO    [awc] Amundsen finished.
2025-10-15 12:33:35 INFO    [awc] Amundsen started /task.
2025-10-15 12:33:36 INFO    [awc] Amundsen finished.
2025-10-15 12:33:39 INFO    [awc] Amundsen started /task.
2025-10-15 12:33:39 INFO    [awc] Amundsen finished.
2025-10-15 12:35:42 INFO    [awc] Amundsen started /task.
2025-10-15 12:35:42 INFO    [awc] Amundsen finished.
2025-10-15 20:57:38 INFO    [awc] Amundsen started /task.
2025-10-15 20:57:38 INFO    [awc] Amundsen finished.
2025-10-15 20:57:44 INFO    [awc] Amundsen started /task.
2025-10-15 20:57:44 INFO    [awc] Amundsen finished.
2025-10-15 20:58:13 INFO    [awc] Amundsen started /task.
2025-10-15 20:58:13 INFO    [awc] Amundsen finished.
2025-10-15 20:58:19 INFO    [awc] Amundsen started /task.
2025-10-15 20:58:20 INFO    [awc] Amundsen finished.
2025-10-15 20:58:22 INFO    [awc] Amundsen started /task.
2025-10-15 20:58:22 INFO    [awc] Amundsen finished.
2025-10-15 21:21:26 INFO    [awc] Amundsen started /task.
2025-10-15 21:21:26 INFO    [awc] Amundsen finished.
2025-10-15 21:21:28 INFO    [awc] Amundsen started /task.
2025-10-15 21:21:28 INFO    [awc] Amundsen finished.
2025-10-16 10:56:38 INFO    [awc] Amundsen started /task.
2025-10-16 11:00:26 INFO    [awc] Amundsen started /task.
2025-10-16 11:00:27 INFO    [awc] Amundsen finished.
2025-10-16 11:00:31 INFO    [awc] Amundsen started /task.
2025-10-16 11:00:31 INFO    [awc] Amundsen finished.
2025-10-16 11:00:58 INFO    [awc] Amundsen started /task.
2025-10-16 11:00:59 INFO    [awc] Amundsen finished.
2025-10-16 11:01:01 INFO    [awc] Amundsen started /task.
2025-10-16 11:01:02 INFO    [awc] Amundsen finished.
2025-10-16 12:46:30 INFO    [awc] Amundsen started /task.
2025-10-16 12:46:31 INFO    [awc] Amundsen finished.
2025-10-16 12:46:35 INFO    [awc] Amundsen started /task.
2025-10-16 12:46:35 INFO    [awc] Amundsen finished.
2025-10-16 12:46:37 INFO    [awc] Amundsen started /task.
2025-10-16 12:46:38 INFO    [awc] Amundsen finished.
2025-10-17 12:57:01 INFO    [awc] Amundsen started /task.
2025-10-17 12:57:01 INFO    [awc] Amundsen finished.
2025-10-17 12:57:06 INFO    [awc] Amundsen started /task.
2025-10-17 12:57:07 INFO    [awc] Amundsen finished.
2025-10-17 12:57:14 INFO    [awc] Amundsen started /task.
2025-10-17 12:57:14 INFO    [awc] Amundsen finished.
2025-10-17 12:57:16 INFO    [awc] Amundsen started /task.
2025-10-17 12:57:16 INFO    [awc] Amundsen finished.
2025-10-17 23:21:39 INFO    [awc] Amundsen started /task.
2025-10-17 23:21:44 INFO    [awc] Amundsen finished.
2025-10-17 23:28:39 INFO    [awc] Amundsen started /task.
2025-10-17 23:28:42 INFO    [awc] Amundsen finished.
2025-10-17 23:28:53 INFO    [awc] Amundsen started /task.
2025-10-17 23:28:53 INFO    [awc] Amundsen finished.
2025-10-17 23:30:39 INFO    [awc] Amundsen started /task.
2025-10-17 23:30:40 INFO    [awc] Amundsen finished.
2025-10-18 15:32:27 INFO    [awc] Amundsen started /task.
2025-10-18 15:32:28 INFO    [awc] Amundsen finished.
2025-10-18 15:32:29 INFO    [awc] Amundsen started /task.
2025-10-18 15:32:30 INFO    [awc] Amundsen finished.
2025-10-18 15:32:38 INFO    [awc] Amundsen started /task.
2025-10-18 15:32:38 INFO    [awc] Amundsen finished.
2025-10-18 15:32:40 INFO    [awc] Amundsen started /task.
2025-10-18 15:32:40 INFO    [awc] Amundsen finished.
2025-10-19 19:41:26 INFO    [awc] Amundsen started /task.
2025-10-19 19:41:27 INFO    [awc] Amundsen finished.
2025-10-19 19:41:28 INFO    [awc] Amundsen started /task.
2025-10-19 19:41:28 INFO    [awc] Amundsen finished.
2025-10-19 19:41:35 INFO    [awc] Amundsen started /task.
2025-10-19 19:41:35 INFO    [awc] Amundsen finished.
2025-10-19 19:41:39 INFO    [awc] Amundsen started /task.
2025-10-19 19:41:39 INFO    [awc] Amundsen finished.
2025-10-19 19:45:13 INFO    [awc] Amundsen started /task.
2025-10-19 19:45:13 INFO    [awc] Amundsen finished.
2025-10-19 19:45:16 INFO    [awc] Amundsen started /task.
2025-10-19 19:45:16 INFO    [awc] Amundsen finished.
2025-10-19 19:45:20 INFO    [awc] Amundsen started /task.
2025-10-19 19:45:21 INFO    [awc] Amundsen finished.
2025-10-19 19:46:25 INFO    [awc] Amundsen started /task.
2025-10-19 19:46:25 INFO    [awc] Amundsen finished.
2025-10-19 19:46:29 INFO    [awc] Amundsen started /task.
2025-10-19 19:46:29 INFO    [awc] Amundsen finished.
2025-10-19 19:46:33 INFO    [awc] Amundsen started /task.
2025-10-19 19:46:33 INFO    [awc] Amundsen finished.
2025-10-19 19:46:36 INFO    [awc] Amundsen started /task.
2025-10-19 19:46:36 INFO    [awc] Amundsen finished.
2025-10-19 22:03:29 INFO    [awc] Amundsen started /task.
2025-10-19 22:03:30 INFO    [awc] Amundsen finished.
2025-10-19 22:03:32 INFO    [awc] Amundsen started /task.
2025-10-19 22:03:33 INFO    [awc] Amundsen finished.
2025-10-19 22:03:37 INFO    [awc] Amundsen started /task.
2025-10-19 22:03:38 INFO    [awc] Amundsen finished.
2025-10-19 22:03:39 INFO    [awc] Amundsen started /task.
2025-10-19 22:03:39 INFO    [awc] Amundsen finished.
2025-10-20 14:54:09 INFO    [awc] Amundsen started /task.
2025-10-20 14:54:09 INFO    [awc] Amundsen finished.
2025-10-20 14:54:11 INFO    [awc] Amundsen started /task.
2025-10-20 14:54:12 INFO    [awc] Amundsen finished.
2025-10-20 14:54:20 INFO    [awc] Amundsen started /task.
2025-10-20 14:54:21 INFO    [awc] Amundsen finished.
2025-10-20 14:54:28 INFO    [awc] Amundsen started /task.
2025-10-20 14:54:29 INFO    [awc] Amundsen finished.
2025-10-20 17:58:13 INFO    [awc] Amundsen started /task.
2025-10-20 17:58:13 INFO    [awc] Amundsen finished.
2025-10-20 17:58:15 INFO    [awc] Amundsen started /task.
2025-10-20 17:58:15 INFO    [awc] Amundsen finished.
2025-10-20 17:58:20 INFO    [awc] Amundsen started /task.
2025-10-20 17:58:20 INFO    [awc] Amundsen finished.
2025-10-20 17:59:13 INFO    [awc] Amundsen started /task.
2025-10-20 17:59:13 INFO    [awc] Amundsen finished.
2025-10-20 17:59:15 INFO    [awc] Amundsen started /task.
2025-10-20 17:59:15 INFO    [awc] Amundsen finished.
2025-10-20 17:59:17 INFO    [awc] Amundsen started /task.
2025-10-20 17:59:17 INFO    [awc] Amundsen finished.
2025-10-20 17:59:21 INFO    [awc] Amundsen started /task.
2025-10-20 17:59:21 INFO    [awc] Amundsen finished.
2025-10-20 19:30:38 INFO    [awc] Amundsen started /task.
2025-10-20 19:30:38 INFO    [awc] Amundsen finished.
2025-10-20 19:30:41 INFO    [awc] Amundsen started /task.
2025-10-20 19:30:42 INFO    [awc] Amundsen finished.
2025-10-20 19:30:43 INFO    [awc] Amundsen started /task.
2025-10-20 19:30:44 INFO    [awc] Amundsen finished.
2025-10-20 19:30:47 INFO    [awc] Amundsen started /task.
2025-10-20 19:30:47 INFO    [awc] Amundsen finished.
2025-10-20 19:30:49 INFO    [awc] Amundsen started /task.
2025-10-20 19:30:49 INFO    [awc] Amundsen finished.
2025-10-21 16:46:00 INFO    [awc] Amundsen started /task.
2025-10-21 16:46:01 INFO    [awc] Time interval elapsed.
2025-10-21 16:46:01 INFO    [awc] Device profile read.
2025-10-21 16:46:01 INFO    [awc] Downloading AmundsHusky.
2025-10-21 16:46:02 INFO    [awc] AmundsAPI flag=acer/251015
2025-10-21 16:46:02 INFO    [awc] Query configuration successful.
2025-10-21 16:46:02 INFO    [awc] Processing 5876707b-25092000 700
2025-10-21 16:46:03 INFO    [awc] State=2050-111, CD=1
2025-10-21 16:46:03 INFO    [awc] Amundsen finished.
2025-10-21 16:46:06 INFO    [awc] Amundsen started /task.
2025-10-21 16:46:06 INFO    [awc] Amundsen finished.
2025-10-21 16:46:16 INFO    [awc] Amundsen started /task.
2025-10-21 16:46:17 INFO    [awc] Amundsen finished.
2025-10-21 20:00:43 INFO    [awc] Amundsen started /task.
2025-10-21 20:00:45 INFO    [awc] Amundsen finished.
2025-10-21 20:00:45 INFO    [awc] Amundsen started /task.
2025-10-21 20:00:46 INFO    [awc] Amundsen finished.
2025-10-21 20:00:47 INFO    [awc] Amundsen started /task.
2025-10-21 20:00:47 INFO    [awc] Amundsen finished.
2025-10-21 20:00:57 INFO    [awc] Amundsen started /task.
2025-10-21 20:00:58 INFO    [awc] Amundsen finished.
2025-10-22 19:16:08 INFO    [awc] Amundsen started /task.
2025-10-22 19:16:09 INFO    [awc] Amundsen finished.
2025-10-22 19:16:11 INFO    [awc] Amundsen started /task.
2025-10-22 19:16:12 INFO    [awc] Amundsen finished.
2025-10-22 19:16:17 INFO    [awc] Amundsen started /task.
2025-10-22 19:16:17 INFO    [awc] Amundsen finished.
2025-10-23 12:35:55 INFO    [awc] Amundsen started /task.
2025-10-23 12:35:56 INFO    [awc] Amundsen finished.
2025-10-23 12:35:58 INFO    [awc] Amundsen started /task.
2025-10-23 12:35:58 INFO    [awc] Amundsen finished.
2025-10-23 12:36:00 INFO    [awc] Amundsen started /task.
2025-10-23 12:36:01 INFO    [awc] Amundsen finished.
2025-10-23 23:03:03 INFO    [awc] Amundsen started /task.
2025-10-23 23:03:04 INFO    [awc] Amundsen finished.
2025-10-23 23:03:06 INFO    [awc] Amundsen started /task.
2025-10-23 23:03:07 INFO    [awc] Amundsen finished.
2025-10-23 23:03:11 INFO    [awc] Amundsen started /task.
2025-10-23 23:03:11 INFO    [awc] Amundsen finished.
2025-10-24 16:15:02 INFO    [awc] Amundsen started /task.
2025-10-24 16:15:02 INFO    [awc] Amundsen finished.
2025-10-24 16:15:06 INFO    [awc] Amundsen started /task.
2025-10-24 16:15:06 INFO    [awc] Amundsen finished.
2025-10-24 16:15:13 INFO    [awc] Amundsen started /task.
2025-10-24 16:15:14 INFO    [awc] Amundsen finished.
2025-10-24 16:20:51 INFO    [awc] Amundsen started /task.
2025-10-24 16:20:54 INFO    [awc] Amundsen finished.
2025-10-24 16:20:55 INFO    [awc] Amundsen started /task.
2025-10-24 16:20:55 INFO    [awc] Amundsen finished.
2025-10-24 16:20:58 INFO    [awc] Amundsen started /task.
2025-10-24 16:20:59 INFO    [awc] Amundsen finished.
2025-10-24 16:21:12 INFO    [awc] Amundsen started /task.
2025-10-24 16:21:13 INFO    [awc] Amundsen finished.
2025-10-24 19:07:23 INFO    [awc] Amundsen started /task.
2025-10-24 19:07:24 INFO    [awc] Amundsen finished.
2025-10-24 19:07:27 INFO    [awc] Amundsen started /task.
2025-10-24 19:07:27 INFO    [awc] Amundsen finished.
2025-10-24 19:10:38 INFO    [awc] Amundsen started /task.
2025-10-24 19:10:38 INFO    [awc] Amundsen finished.
2025-10-24 19:10:39 INFO    [awc] Amundsen started /task.
2025-10-24 19:10:39 INFO    [awc] Amundsen finished.
2025-10-24 21:52:07 INFO    [awc] Amundsen started /task.
2025-10-24 21:52:08 INFO    [awc] Amundsen finished.
2025-10-24 21:52:11 INFO    [awc] Amundsen started /task.
2025-10-24 21:52:11 INFO    [awc] Amundsen finished.
2025-10-24 21:52:15 INFO    [awc] Amundsen started /task.
2025-10-24 21:52:15 INFO    [awc] Amundsen finished.
2025-10-24 22:57:49 INFO    [awc] Amundsen started /task.
2025-10-24 22:57:50 INFO    [awc] Amundsen finished.
2025-10-24 22:57:52 INFO    [awc] Amundsen started /task.
2025-10-24 22:57:53 INFO    [awc] Amundsen finished.
2025-10-24 22:57:57 INFO    [awc] Amundsen started /task.
2025-10-24 22:57:57 INFO    [awc] Amundsen finished.
2025-10-24 22:58:05 INFO    [awc] Amundsen started /task.
2025-10-24 22:58:06 INFO    [awc] Amundsen finished.
2025-10-25 13:59:15 INFO    [awc] Amundsen started /task.
2025-10-25 13:59:15 INFO    [awc] Amundsen finished.
2025-10-25 13:59:18 INFO    [awc] Amundsen started /task.
2025-10-25 13:59:19 INFO    [awc] Amundsen finished.
2025-10-25 13:59:21 INFO    [awc] Amundsen started /task.
2025-10-25 13:59:22 INFO    [awc] Amundsen finished.
2025-10-25 22:14:50 INFO    [awc] Amundsen started /task.
2025-10-25 22:14:51 INFO    [awc] Amundsen finished.
2025-10-25 22:14:53 INFO    [awc] Amundsen started /task.
2025-10-25 22:14:53 INFO    [awc] Amundsen finished.
2025-10-25 22:15:00 INFO    [awc] Amundsen started /task.
2025-10-25 22:15:00 INFO    [awc] Amundsen finished.
2025-10-26 21:44:56 INFO    [awc] Amundsen started /task.
2025-10-26 21:44:57 INFO    [awc] Amundsen finished.
2025-10-26 21:44:58 INFO    [awc] Amundsen started /task.
2025-10-26 21:44:59 INFO    [awc] Amundsen finished.
2025-10-26 21:44:59 INFO    [awc] Amundsen started /task.
2025-10-26 21:45:00 INFO    [awc] Amundsen finished.
2025-10-27 17:06:01 INFO    [awc] Amundsen started /task.
2025-10-27 17:06:02 INFO    [awc] Amundsen finished.
2025-10-27 17:06:03 INFO    [awc] Amundsen started /task.
2025-10-27 17:06:03 INFO    [awc] Amundsen finished.
2025-10-27 17:06:07 INFO    [awc] Amundsen started /task.
2025-10-27 17:06:07 INFO    [awc] Amundsen finished.
2025-10-28 18:46:44 INFO    [awc] Amundsen started /task.
2025-10-28 18:46:45 INFO    [awc] Amundsen finished.
2025-10-28 18:46:46 INFO    [awc] Amundsen started /task.
2025-10-28 18:46:46 INFO    [awc] Amundsen finished.
2025-10-28 18:46:54 INFO    [awc] Amundsen started /task.
2025-10-28 18:46:54 INFO    [awc] Amundsen finished.
2025-10-28 18:47:04 INFO    [awc] Amundsen started /task.
2025-10-28 18:47:04 INFO    [awc] Amundsen finished.
2025-10-29 08:36:24 INFO    [awc] Amundsen started /task.
2025-10-29 08:36:27 INFO    [awc] Amundsen started /task.
2025-10-29 08:46:54 INFO    [awc] Amundsen started /task.
2025-10-29 08:46:55 INFO    [awc] Amundsen finished.
2025-10-29 09:08:20 INFO    [awc] Amundsen started /task.
2025-10-29 09:08:21 INFO    [awc] Amundsen finished.
2025-10-29 09:08:23 INFO    [awc] Amundsen started /task.
2025-10-29 09:08:24 INFO    [awc] Amundsen finished.
2025-10-29 09:09:29 INFO    [awc] Amundsen started /task.
2025-10-29 09:09:30 INFO    [awc] Amundsen finished.
2025-10-29 09:09:30 INFO    [awc] Amundsen started /task.
2025-10-29 09:09:31 INFO    [awc] Amundsen finished.
2025-10-29 09:14:14 INFO    [awc] Amundsen started /task.
2025-10-29 09:14:15 INFO    [awc] Amundsen finished.
2025-10-29 10:03:25 INFO    [awc] Amundsen started /task.
2025-10-29 10:03:26 INFO    [awc] Amundsen finished.
2025-10-29 10:03:27 INFO    [awc] Amundsen started /task.
2025-10-29 10:03:28 INFO    [awc] Amundsen finished.
2025-10-29 15:16:46 INFO    [awc] Amundsen started /task.
2025-10-29 15:16:46 INFO    [awc] Amundsen finished.
2025-10-29 15:16:48 INFO    [awc] Amundsen started /task.
2025-10-29 15:16:49 INFO    [awc] Amundsen finished.
2025-10-29 15:17:20 INFO    [awc] Amundsen started /task.
2025-10-29 15:17:21 INFO    [awc] Amundsen finished.
2025-10-29 15:17:21 INFO    [awc] Amundsen started /task.
2025-10-29 15:17:22 INFO    [awc] Amundsen finished.
2025-10-29 15:17:22 INFO    [awc] Amundsen started /task.
2025-10-29 15:17:23 INFO    [awc] Amundsen finished.
2025-10-30 10:13:39 INFO    [awc] Amundsen started /task.
2025-10-30 10:13:39 INFO    [awc] Amundsen finished.
2025-10-30 10:13:43 INFO    [awc] Amundsen started /task.
2025-10-30 10:13:43 INFO    [awc] Amundsen finished.
2025-10-30 10:13:49 INFO    [awc] Amundsen started /task.
2025-10-30 10:13:49 INFO    [awc] Amundsen finished.
2025-10-30 11:20:11 INFO    [awc] Amundsen started /task.
2025-10-30 11:20:12 INFO    [awc] Amundsen finished.
2025-10-30 11:20:14 INFO    [awc] Amundsen started /task.
2025-10-30 11:20:15 INFO    [awc] Amundsen finished.
2025-10-30 13:27:07 INFO    [awc] Amundsen started /task.
2025-10-30 13:27:07 INFO    [awc] Amundsen finished.
2025-10-30 13:27:10 INFO    [awc] Amundsen started /task.
2025-10-30 13:27:10 INFO    [awc] Amundsen finished.
2025-10-30 13:27:15 INFO    [awc] Amundsen started /task.
2025-10-30 13:27:15 INFO    [awc] Amundsen finished.
2025-10-30 13:27:27 INFO    [awc] Amundsen started /task.
2025-10-30 13:27:27 INFO    [awc] Amundsen finished.
2025-10-30 21:10:18 INFO    [awc] Amundsen started /task.
2025-10-30 21:10:19 INFO    [awc] Amundsen finished.
2025-10-30 21:10:20 INFO    [awc] Amundsen started /task.
2025-10-30 21:10:21 INFO    [awc] Amundsen finished.
2025-10-30 21:10:24 INFO    [awc] Amundsen started /task.
2025-10-30 21:10:25 INFO    [awc] Amundsen finished.
2025-10-30 21:10:32 INFO    [awc] Amundsen started /task.
2025-10-30 21:10:33 INFO    [awc] Amundsen finished.
2025-10-31 17:15:44 INFO    [awc] Amundsen started /task.
2025-10-31 17:15:45 INFO    [awc] Time interval elapsed.
2025-10-31 17:15:45 INFO    [awc] Device profile read.
2025-10-31 17:15:45 INFO    [awc] Downloading AmundsHusky.
2025-10-31 17:15:47 INFO    [awc] AmundsAPI flag=acer/251015
2025-10-31 17:15:47 INFO    [awc] Query configuration successful.
2025-10-31 17:15:47 INFO    [awc] Processing 5876707b-25092000 700
2025-10-31 17:15:47 INFO    [awc] State=2050-211, CD=0
2025-10-31 17:15:47 INFO    [awc] States: {"5876707b-25092000":"2050-211"}
2025-10-31 17:15:47 INFO    [awc] Amundsen finished.
2025-10-31 17:15:51 INFO    [awc] Amundsen started /task.
2025-10-31 17:15:51 INFO    [awc] Amundsen finished.
2025-10-31 17:16:02 INFO    [awc] Amundsen started /task.
2025-10-31 17:16:02 INFO    [awc] Amundsen finished.
2025-10-31 17:18:59 INFO    [awc] Amundsen started /task.
2025-10-31 17:18:59 INFO    [awc] Amundsen finished.
2025-10-31 17:19:00 INFO    [awc] Amundsen started /task.
2025-10-31 17:19:01 INFO    [awc] Amundsen finished.
2025-10-31 17:19:14 INFO    [awc] Amundsen started /task.
2025-10-31 17:19:14 INFO    [awc] Amundsen finished.
2025-10-31 17:19:15 INFO    [awc] Amundsen started /task.
2025-10-31 17:19:15 INFO    [awc] Amundsen finished.
2025-10-31 17:20:10 INFO    [awc] Amundsen started /task.
2025-10-31 17:20:10 INFO    [awc] Amundsen finished.
2025-10-31 17:20:32 INFO    [awc] Amundsen started /task.
2025-10-31 17:20:33 INFO    [awc] Amundsen finished.
2025-11-01 00:51:25 INFO    [awc] Amundsen started /task.
2025-11-01 00:51:26 INFO    [awc] Amundsen finished.
2025-11-01 00:51:27 INFO    [awc] Amundsen started /task.
2025-11-01 00:51:28 INFO    [awc] Amundsen finished.
2025-11-01 00:51:57 INFO    [awc] Amundsen started /task.
2025-11-01 00:51:57 INFO    [awc] Amundsen finished.
2025-11-01 00:51:58 INFO    [awc] Amundsen started /task.
2025-11-01 00:51:59 INFO    [awc] Amundsen finished.
2025-11-01 11:35:24 INFO    [awc] Amundsen started /task.
2025-11-01 11:35:25 INFO    [awc] Amundsen finished.
2025-11-01 11:36:16 INFO    [awc] Amundsen started /task.
2025-11-01 11:36:16 INFO    [awc] Amundsen finished.
2025-11-01 14:31:10 INFO    [awc] Amundsen started /task.
2025-11-01 14:31:11 INFO    [awc] Amundsen finished.
2025-11-01 14:46:13 INFO    [awc] Amundsen started /task.
2025-11-01 14:50:20 INFO    [awc] Amundsen started /task.
2025-11-01 14:50:21 INFO    [awc] Amundsen finished.
2025-11-01 14:50:32 INFO    [awc] Amundsen started /task.
2025-11-01 14:50:32 INFO    [awc] Amundsen finished.
2025-11-01 18:57:57 INFO    [awc] Amundsen started /task.
2025-11-01 18:58:09 INFO    [awc] Amundsen started /task.
2025-11-01 19:03:49 INFO    [awc] Amundsen started /task.
2025-11-01 19:03:50 INFO    [awc] Amundsen finished.
2025-11-01 19:03:52 INFO    [awc] Amundsen started /task.
2025-11-01 19:03:52 INFO    [awc] Amundsen finished.
2025-11-02 01:47:30 INFO    [awc] Amundsen started /task.
2025-11-02 01:47:44 INFO    [awc] Amundsen started /task.
2025-11-02 01:56:26 INFO    [awc] Amundsen started /task.
2025-11-02 01:56:32 INFO    [awc] Amundsen finished.
2025-11-03 00:03:34 INFO    [awc] Amundsen started /task.
2025-11-03 00:03:35 INFO    [awc] Amundsen finished.
2025-11-03 00:03:36 INFO    [awc] Amundsen started /task.
2025-11-03 00:03:37 INFO    [awc] Amundsen finished.
2025-11-03 00:03:41 INFO    [awc] Amundsen started /task.
2025-11-03 00:03:41 INFO    [awc] Amundsen finished.
2025-11-03 00:03:48 INFO    [awc] Amundsen started /task.
2025-11-03 00:03:49 INFO    [awc] Amundsen finished.
2025-11-03 11:16:02 INFO    [awc] Amundsen started /task.
2025-11-03 11:16:03 INFO    [awc] Amundsen finished.
2025-11-03 11:16:05 INFO    [awc] Amundsen started /task.
2025-11-03 11:16:05 INFO    [awc] Amundsen finished.
2025-11-03 11:16:08 INFO    [awc] Amundsen started /task.
2025-11-03 11:16:08 INFO    [awc] Amundsen finished.
2025-11-03 11:16:18 INFO    [awc] Amundsen started /task.
2025-11-03 11:16:18 INFO    [awc] Amundsen finished.
2025-11-03 14:37:49 INFO    [awc] Amundsen started /task.
2025-11-03 14:37:50 INFO    [awc] Amundsen finished.
2025-11-03 14:37:54 INFO    [awc] Amundsen started /task.
2025-11-03 14:37:55 INFO    [awc] Amundsen finished.
2025-11-03 14:38:08 INFO    [awc] Amundsen started /task.
2025-11-03 14:38:08 INFO    [awc] Amundsen finished.
2025-11-03 17:09:44 INFO    [awc] Amundsen started /task.
2025-11-03 17:09:45 INFO    [awc] Amundsen finished.
2025-11-03 17:09:49 INFO    [awc] Amundsen started /task.
2025-11-03 17:09:49 INFO    [awc] Amundsen finished.
2025-11-03 17:09:51 INFO    [awc] Amundsen started /task.
2025-11-03 17:09:52 INFO    [awc] Amundsen finished.
2025-11-03 17:39:24 INFO    [awc] Amundsen started /task.
2025-11-03 17:39:25 INFO    [awc] Amundsen finished.
2025-11-03 17:39:29 INFO    [awc] Amundsen started /task.
2025-11-03 17:39:29 INFO    [awc] Amundsen finished.
2025-11-03 17:39:32 INFO    [awc] Amundsen started /task.
2025-11-03 17:39:33 INFO    [awc] Amundsen finished.
2025-11-03 17:39:35 INFO    [awc] Amundsen started /task.
2025-11-03 17:39:36 INFO    [awc] Amundsen finished.
2025-11-03 20:53:08 INFO    [awc] Amundsen started /task.
2025-11-03 20:53:09 INFO    [awc] Amundsen finished.
2025-11-03 20:53:12 INFO    [awc] Amundsen started /task.
2025-11-03 20:53:12 INFO    [awc] Amundsen finished.
2025-11-03 20:53:23 INFO    [awc] Amundsen started /task.
2025-11-03 20:53:24 INFO    [awc] Amundsen finished.
2025-11-04 08:42:03 INFO    [awc] Amundsen started /task.
2025-11-04 08:42:03 INFO    [awc] Amundsen finished.
2025-11-04 08:42:06 INFO    [awc] Amundsen started /task.
2025-11-04 08:42:06 INFO    [awc] Amundsen finished.
2025-11-04 08:42:28 INFO    [awc] Amundsen started /task.
2025-11-04 08:42:29 INFO    [awc] Amundsen finished.
2025-11-04 08:42:30 INFO    [awc] Amundsen started /task.
2025-11-04 08:42:31 INFO    [awc] Amundsen finished.
2025-11-04 14:50:09 INFO    [awc] Amundsen started /task.
2025-11-04 14:50:10 INFO    [awc] Amundsen finished.
2025-11-04 14:50:13 INFO    [awc] Amundsen started /task.
2025-11-04 14:50:13 INFO    [awc] Amundsen finished.
2025-11-04 14:53:08 INFO    [awc] Amundsen started /task.
2025-11-04 14:53:09 INFO    [awc] Amundsen finished.
2025-11-04 14:53:11 INFO    [awc] Amundsen started /task.
2025-11-04 14:53:11 INFO    [awc] Amundsen finished.
2025-11-04 16:39:13 INFO    [awc] Amundsen started /task.
2025-11-04 16:39:13 INFO    [awc] Amundsen finished.
2025-11-04 16:39:16 INFO    [awc] Amundsen started /task.
2025-11-04 16:39:16 INFO    [awc] Amundsen finished.
2025-11-04 16:39:20 INFO    [awc] Amundsen started /task.
2025-11-04 16:39:21 INFO    [awc] Amundsen finished.
2025-11-04 16:39:29 INFO    [awc] Amundsen started /task.
2025-11-04 16:39:30 INFO    [awc] Amundsen finished.
2025-11-04 17:46:43 INFO    [awc] Amundsen started /task.
2025-11-04 17:46:44 INFO    [awc] Amundsen finished.
2025-11-04 21:27:07 INFO    [awc] Amundsen started /task.
2025-11-04 21:27:08 INFO    [awc] Amundsen finished.
2025-11-04 21:27:12 INFO    [awc] Amundsen started /task.
2025-11-04 21:27:12 INFO    [awc] Amundsen finished.
2025-11-04 21:27:17 INFO    [awc] Amundsen started /task.
2025-11-04 21:27:17 INFO    [awc] Amundsen finished.
2025-11-04 21:27:21 INFO    [awc] Amundsen started /task.
2025-11-04 21:27:22 INFO    [awc] Amundsen finished.
2025-11-04 21:27:23 INFO    [awc] Amundsen started /task.
2025-11-04 21:27:23 INFO    [awc] Amundsen finished.
2025-11-04 21:27:48 INFO    [awc] Amundsen started /task.
2025-11-04 21:27:48 INFO    [awc] Amundsen finished.
2025-11-05 08:48:21 INFO    [awc] Amundsen started /task.
2025-11-05 08:48:23 INFO    [awc] Amundsen finished.
2025-11-05 08:48:44 INFO    [awc] Amundsen started /task.
2025-11-05 08:48:44 INFO    [awc] Amundsen finished.
2025-11-05 08:48:45 INFO    [awc] Amundsen started /task.
2025-11-05 08:48:45 INFO    [awc] Amundsen finished.
2025-11-05 08:48:49 INFO    [awc] Amundsen started /task.
2025-11-05 08:48:49 INFO    [awc] Amundsen finished.
2025-11-05 15:48:13 INFO    [awc] Amundsen started /task.
2025-11-05 15:48:14 INFO    [awc] Amundsen finished.
2025-11-05 15:48:23 INFO    [awc] Amundsen started /task.
2025-11-05 15:48:23 INFO    [awc] Amundsen finished.
2025-11-05 15:48:29 INFO    [awc] Amundsen started /task.
2025-11-05 15:48:29 INFO    [awc] Amundsen finished.
2025-11-05 15:48:32 INFO    [awc] Amundsen started /task.
2025-11-05 15:48:33 INFO    [awc] Amundsen finished.
2025-11-05 18:01:29 INFO    [awc] Amundsen started /task.
2025-11-05 18:01:30 INFO    [awc] Amundsen finished.
2025-11-05 18:01:48 INFO    [awc] Amundsen started /task.
2025-11-05 18:01:48 INFO    [awc] Amundsen finished.
2025-11-06 08:48:39 INFO    [awc] Amundsen started /task.
2025-11-06 08:48:40 INFO    [awc] Amundsen finished.
2025-11-06 08:48:56 INFO    [awc] Amundsen started /task.
2025-11-06 08:48:57 INFO    [awc] Amundsen finished.
2025-11-06 08:48:59 INFO    [awc] Amundsen started /task.
2025-11-06 08:49:00 INFO    [awc] Amundsen finished.
2025-11-06 13:25:43 INFO    [awc] Amundsen started /task.
2025-11-06 13:25:44 INFO    [awc] Amundsen finished.
2025-11-06 13:25:59 INFO    [awc] Amundsen started /task.
2025-11-06 13:26:00 INFO    [awc] Amundsen finished.
2025-11-06 13:26:03 INFO    [awc] Amundsen started /task.
2025-11-06 13:26:04 INFO    [awc] Amundsen finished.
2025-11-06 13:59:31 INFO    [awc] Amundsen started /task.
2025-11-06 13:59:31 INFO    [awc] Amundsen finished.
2025-11-06 13:59:38 INFO    [awc] Amundsen started /task.
2025-11-06 13:59:39 INFO    [awc] Amundsen finished.
2025-11-06 19:37:49 INFO    [awc] Amundsen started /task.
2025-11-06 19:37:50 INFO    [awc] Amundsen finished.
2025-11-06 19:37:54 INFO    [awc] Amundsen started /task.
2025-11-06 19:37:54 INFO    [awc] Amundsen finished.
2025-11-06 19:38:03 INFO    [awc] Amundsen started /task.
2025-11-06 19:38:04 INFO    [awc] Amundsen finished.
2025-11-06 19:38:06 INFO    [awc] Amundsen started /task.
2025-11-06 19:38:06 INFO    [awc] Amundsen finished.
2025-11-07 12:55:57 INFO    [awc] Amundsen started /task.
2025-11-07 12:55:57 INFO    [awc] Amundsen finished.
2025-11-07 12:56:11 INFO    [awc] Amundsen started /task.
2025-11-07 12:56:11 INFO    [awc] Amundsen finished.
2025-11-07 12:56:14 INFO    [awc] Amundsen started /task.
2025-11-07 12:56:14 INFO    [awc] Amundsen finished.
2025-11-07 17:08:18 INFO    [awc] Amundsen started /task.
2025-11-07 17:08:19 INFO    [awc] Amundsen finished.
2025-11-07 17:08:23 INFO    [awc] Amundsen started /task.
2025-11-07 17:08:23 INFO    [awc] Amundsen finished.
2025-11-07 19:18:38 INFO    [awc] Amundsen started /task.
2025-11-07 19:18:38 INFO    [awc] Amundsen finished.
2025-11-07 19:18:49 INFO    [awc] Amundsen started /task.
2025-11-07 19:18:50 INFO    [awc] Amundsen finished.
2025-11-07 19:19:11 INFO    [awc] Amundsen started /task.
2025-11-07 19:19:12 INFO    [awc] Amundsen finished.
2025-11-07 19:20:51 INFO    [awc] Amundsen started /task.
2025-11-07 19:20:53 INFO    [awc] Amundsen finished.
2025-11-07 20:37:59 INFO    [awc] Amundsen started /task.
2025-11-07 20:37:59 INFO    [awc] Amundsen finished.
2025-11-07 20:38:02 INFO    [awc] Amundsen started /task.
2025-11-07 20:38:02 INFO    [awc] Amundsen finished.
2025-11-07 20:38:59 INFO    [awc] Amundsen started /task.
2025-11-07 20:38:59 INFO    [awc] Amundsen finished.
2025-11-07 20:39:06 INFO    [awc] Amundsen started /task.
2025-11-07 20:39:06 INFO    [awc] Amundsen finished.
2025-11-07 20:40:02 INFO    [awc] Amundsen started /task.
2025-11-07 20:40:02 INFO    [awc] Amundsen finished.
2025-11-07 20:44:04 INFO    [awc] Amundsen started /task.
2025-11-07 20:44:05 INFO    [awc] Amundsen finished.
2025-11-07 22:41:45 INFO    [awc] Amundsen started /task.
2025-11-07 22:41:45 INFO    [awc] Amundsen finished.
2025-11-07 22:41:59 INFO    [awc] Amundsen started /task.
2025-11-07 22:41:59 INFO    [awc] Amundsen finished.
2025-11-07 22:44:01 INFO    [awc] Amundsen started /task.
2025-11-07 22:44:01 INFO    [awc] Amundsen finished.
2025-11-07 22:46:27 INFO    [awc] Amundsen started /task.
2025-11-07 22:46:28 INFO    [awc] Amundsen finished.
2025-11-07 22:48:28 INFO    [awc] Amundsen started /task.
2025-11-07 22:48:28 INFO    [awc] Amundsen finished.
2025-11-07 22:52:30 INFO    [awc] Amundsen started /task.
2025-11-07 22:52:30 INFO    [awc] Amundsen finished.
2025-11-08 01:04:12 INFO    [awc] Amundsen started /task.
2025-11-08 01:04:12 INFO    [awc] Amundsen finished.
2025-11-08 01:04:24 INFO    [awc] Amundsen started /task.
2025-11-08 01:04:25 INFO    [awc] Amundsen finished.
2025-11-08 01:04:25 INFO    [awc] Amundsen started /task.
2025-11-08 01:04:26 INFO    [awc] Amundsen finished.
2025-11-08 01:06:14 INFO    [awc] Amundsen started /task.
2025-11-08 01:06:14 INFO    [awc] Amundsen finished.
2025-11-08 01:49:02 INFO    [awc] Amundsen started /task.
2025-11-08 01:49:03 INFO    [awc] Amundsen finished.
2025-11-08 01:49:05 INFO    [awc] Amundsen started /task.
2025-11-08 01:49:05 INFO    [awc] Amundsen finished.
2025-11-08 01:49:10 INFO    [awc] Amundsen started /task.
2025-11-08 01:49:10 INFO    [awc] Amundsen finished.
2025-11-08 01:49:28 INFO    [awc] Amundsen started /task.
2025-11-08 01:49:29 INFO    [awc] Amundsen finished.
2025-11-08 15:59:35 INFO    [awc] Amundsen started /task.
2025-11-08 15:59:38 INFO    [awc] Amundsen finished.
2025-11-08 15:59:48 INFO    [awc] Amundsen started /task.
2025-11-08 15:59:49 INFO    [awc] Amundsen finished.
2025-11-09 18:07:40 INFO    [awc] Amundsen started /task.
2025-11-09 18:07:40 INFO    [awc] Amundsen finished.
2025-11-09 18:07:42 INFO    [awc] Amundsen started /task.
2025-11-09 18:07:43 INFO    [awc] Amundsen finished.
2025-11-09 18:07:43 INFO    [awc] Amundsen started /task.
2025-11-09 18:07:44 INFO    [awc] Amundsen finished.
2025-11-09 18:07:53 INFO    [awc] Amundsen started /task.
2025-11-09 18:07:53 INFO    [awc] Amundsen finished.
2025-11-10 12:00:20 INFO    [awc] Amundsen started /task.
2025-11-10 12:00:21 INFO    [awc] Amundsen finished.
2025-11-10 12:00:22 INFO    [awc] Amundsen started /task.
2025-11-10 12:00:23 INFO    [awc] Amundsen finished.
2025-11-10 12:00:24 INFO    [awc] Amundsen started /task.
2025-11-10 12:00:25 INFO    [awc] Amundsen finished.
2025-11-10 15:07:57 INFO    [awc] Amundsen started /task.
2025-11-10 15:07:58 INFO    [awc] Amundsen finished.
2025-11-10 15:08:00 INFO    [awc] Amundsen started /task.
2025-11-10 15:08:00 INFO    [awc] Amundsen finished.
2025-11-10 15:08:02 INFO    [awc] Amundsen started /task.
2025-11-10 15:08:02 INFO    [awc] Amundsen finished.
2025-11-11 13:35:08 INFO    [awc] Amundsen started /task.
2025-11-11 13:35:08 INFO    [awc] Time interval elapsed.
2025-11-11 13:35:08 INFO    [awc] Device profile read.
2025-11-11 13:35:08 INFO    [awc] Downloading AmundsHusky.
2025-11-11 13:35:09 INFO    [awc] AmundsAPI flag=acer/251109
2025-11-11 13:35:09 INFO    [awc] Query configuration successful.
2025-11-11 13:35:10 INFO    [awc] Amundsen finished.
2025-11-11 13:35:11 INFO    [awc] Amundsen started /task.
2025-11-11 13:35:11 INFO    [awc] Amundsen finished.
2025-11-11 13:35:18 INFO    [awc] Amundsen started /task.
2025-11-11 13:35:19 INFO    [awc] Amundsen finished.
2025-11-11 13:35:24 INFO    [awc] Amundsen started /task.
2025-11-11 13:35:24 INFO    [awc] Amundsen finished.
2025-11-11 21:18:05 INFO    [awc] Amundsen started /task.
2025-11-11 21:18:06 INFO    [awc] Amundsen finished.
2025-11-11 21:18:59 INFO    [awc] Amundsen started /task.
2025-11-11 21:18:59 INFO    [awc] Amundsen finished.
2025-11-11 21:19:00 INFO    [awc] Amundsen started /task.
2025-11-11 21:19:00 INFO    [awc] Amundsen finished.
2025-11-11 21:19:04 INFO    [awc] Amundsen started /task.
2025-11-11 21:19:04 INFO    [awc] Amundsen finished.
2025-11-12 08:49:28 INFO    [awc] Amundsen started /task.
2025-11-12 08:49:28 INFO    [awc] Amundsen finished.
2025-11-12 08:49:31 INFO    [awc] Amundsen started /task.
2025-11-12 08:49:32 INFO    [awc] Amundsen finished.
2025-11-12 08:51:06 INFO    [awc] Amundsen started /task.
2025-11-12 08:51:07 INFO    [awc] Amundsen finished.
2025-11-12 08:51:10 INFO    [awc] Amundsen started /task.
2025-11-12 08:51:10 INFO    [awc] Amundsen finished.
2025-11-12 09:19:08 INFO    [awc] Amundsen started /task.
2025-11-12 09:19:10 INFO    [awc] Amundsen finished.
2025-11-12 09:36:30 INFO    [awc] Amundsen started /task.
2025-11-12 09:36:31 INFO    [awc] Amundsen finished.
2025-11-12 13:40:58 INFO    [awc] Amundsen started /task.
2025-11-12 13:40:59 INFO    [awc] Amundsen finished.
2025-11-12 13:41:05 INFO    [awc] Amundsen started /task.
2025-11-12 13:41:05 INFO    [awc] Amundsen finished.
2025-11-12 13:41:19 INFO    [awc] Amundsen started /task.
2025-11-12 13:41:20 INFO    [awc] Amundsen finished.
2025-11-12 13:41:22 INFO    [awc] Amundsen started /task.
2025-11-12 13:41:23 INFO    [awc] Amundsen finished.
2025-11-12 13:57:13 INFO    [awc] Amundsen started /task.
2025-11-12 13:57:13 INFO    [awc] Amundsen finished.
2025-11-12 13:57:23 INFO    [awc] Amundsen started /task.
2025-11-12 13:57:23 INFO    [awc] Amundsen finished.
2025-11-12 13:59:17 INFO    [awc] Amundsen started /task.
2025-11-12 13:59:17 INFO    [awc] Amundsen finished.
2025-11-12 14:25:02 INFO    [awc] Amundsen started /task.
2025-11-12 14:25:03 INFO    [awc] Amundsen finished.
2025-11-12 14:25:12 INFO    [awc] Amundsen started /task.
2025-11-12 14:25:12 INFO    [awc] Amundsen finished.
2025-11-12 14:25:18 INFO    [awc] Amundsen started /task.
2025-11-12 14:29:22 INFO    [awc] Amundsen started /task.
2025-11-12 14:29:22 INFO    [awc] Amundsen finished.
2025-11-12 15:10:17 INFO    [awc] Amundsen started /task.
2025-11-12 15:10:18 INFO    [awc] Amundsen finished.
2025-11-12 15:10:23 INFO    [awc] Amundsen started /task.
2025-11-12 15:10:23 INFO    [awc] Amundsen finished.
2025-11-12 21:24:51 INFO    [awc] Amundsen started /task.
2025-11-12 21:24:52 INFO    [awc] Amundsen finished.
2025-11-12 21:24:57 INFO    [awc] Amundsen started /task.
2025-11-12 21:24:58 INFO    [awc] Amundsen finished.
2025-11-12 21:25:02 INFO    [awc] Amundsen started /task.
2025-11-12 21:25:02 INFO    [awc] Amundsen finished.
2025-11-13 10:59:21 INFO    [awc] Amundsen started /task.
2025-11-13 10:59:22 INFO    [awc] Amundsen finished.
2025-11-13 10:59:31 INFO    [awc] Amundsen started /task.
2025-11-13 10:59:31 INFO    [awc] Amundsen finished.
2025-11-13 10:59:33 INFO    [awc] Amundsen started /task.
2025-11-13 10:59:33 INFO    [awc] Amundsen finished.
2025-11-13 10:59:38 INFO    [awc] Amundsen started /task.
2025-11-13 10:59:38 INFO    [awc] Amundsen finished.
2025-11-13 12:17:15 INFO    [awc] Amundsen started /task.
2025-11-13 12:17:21 INFO    [awc] Amundsen finished.
2025-11-13 12:17:21 INFO    [awc] Amundsen started /task.
2025-11-13 12:17:21 INFO    [awc] Amundsen finished.
2025-11-13 12:17:23 INFO    [awc] Amundsen started /task.
2025-11-13 12:17:24 INFO    [awc] Amundsen finished.
2025-11-13 13:05:00 INFO    [awc] Amundsen started /task.
2025-11-13 13:05:01 INFO    [awc] Amundsen finished.
2025-11-13 13:05:06 INFO    [awc] Amundsen started /task.
2025-11-13 13:05:07 INFO    [awc] Amundsen finished.
2025-11-13 14:24:04 INFO    [awc] Amundsen started /task.
2025-11-13 14:24:05 INFO    [awc] Amundsen finished.
2025-11-13 14:24:13 INFO    [awc] Amundsen started /task.
2025-11-13 14:24:14 INFO    [awc] Amundsen finished.
2025-11-13 14:24:16 INFO    [awc] Amundsen started /task.
2025-11-13 14:24:16 INFO    [awc] Amundsen finished.
2025-11-13 15:24:18 INFO    [awc] Amundsen started /task.
2025-11-13 15:24:19 INFO    [awc] Amundsen finished.
2025-11-13 15:24:19 INFO    [awc] Amundsen started /task.
2025-11-13 15:24:19 INFO    [awc] Amundsen finished.
2025-11-13 15:24:22 INFO    [awc] Amundsen started /task.
2025-11-13 15:24:22 INFO    [awc] Amundsen finished.
2025-11-13 15:24:29 INFO    [awc] Amundsen started /task.
2025-11-13 15:24:29 INFO    [awc] Amundsen finished.
2025-11-13 21:16:04 INFO    [awc] Amundsen started /task.
2025-11-13 21:16:04 INFO    [awc] Amundsen finished.
2025-11-13 21:16:09 INFO    [awc] Amundsen started /task.
2025-11-13 21:16:09 INFO    [awc] Amundsen finished.
2025-11-13 21:16:16 INFO    [awc] Amundsen started /task.
2025-11-13 21:16:16 INFO    [awc] Amundsen finished.
2025-11-13 21:16:19 INFO    [awc] Amundsen started /task.
2025-11-13 21:16:20 INFO    [awc] Amundsen finished.
2025-11-14 12:42:40 INFO    [awc] Amundsen started /task.
2025-11-14 12:42:40 INFO    [awc] Amundsen finished.
2025-11-14 12:42:49 INFO    [awc] Amundsen started /task.
2025-11-14 12:42:50 INFO    [awc] Amundsen finished.
2025-11-14 12:44:04 INFO    [awc] Amundsen started /task.
2025-11-14 12:44:04 INFO    [awc] Amundsen finished.
2025-11-14 12:44:10 INFO    [awc] Amundsen started /task.
2025-11-14 12:44:10 INFO    [awc] Amundsen finished.
2025-11-14 22:39:27 INFO    [awc] Amundsen started /task.
2025-11-14 22:39:28 INFO    [awc] Amundsen finished.
2025-11-14 22:39:39 INFO    [awc] Amundsen started /task.
2025-11-14 22:39:40 INFO    [awc] Amundsen finished.
2025-11-14 22:39:45 INFO    [awc] Amundsen started /task.
2025-11-14 22:39:45 INFO    [awc] Amundsen finished.
2025-11-15 13:45:21 INFO    [awc] Amundsen started /task.
2025-11-15 13:45:22 INFO    [awc] Amundsen finished.
2025-11-15 17:09:40 INFO    [awc] Amundsen started /task.
2025-11-15 17:09:41 INFO    [awc] Amundsen finished.
2025-11-15 17:09:45 INFO    [awc] Amundsen started /task.
2025-11-15 17:09:45 INFO    [awc] Amundsen finished.
2025-11-15 17:11:48 INFO    [awc] Amundsen started /task.
2025-11-15 17:11:48 INFO    [awc] Amundsen finished.
2025-11-15 17:18:04 INFO    [awc] Amundsen started /task.
2025-11-15 17:18:05 INFO    [awc] Amundsen finished.
2025-11-15 17:31:43 INFO    [awc] Amundsen started /task.
2025-11-15 17:31:44 INFO    [awc] Amundsen finished.
2025-11-15 17:31:52 INFO    [awc] Amundsen started /task.
2025-11-15 17:31:52 INFO    [awc] Amundsen finished.
2025-11-15 18:07:55 INFO    [awc] Amundsen started /task.
2025-11-15 18:07:56 INFO    [awc] Amundsen finished.
2025-11-15 23:06:28 INFO    [awc] Amundsen started /task.
2025-11-15 23:06:29 INFO    [awc] Amundsen finished.
2025-11-16 02:27:46 INFO    [awc] Amundsen started /task.
2025-11-16 02:27:47 INFO    [awc] Amundsen finished.
2025-11-16 02:27:47 INFO    [awc] Amundsen started /task.
2025-11-16 02:27:48 INFO    [awc] Amundsen finished.
2025-11-16 03:37:21 INFO    [awc] Amundsen started /task.
2025-11-16 03:42:13 INFO    [awc] Amundsen started /task.
2025-11-16 13:07:46 INFO    [awc] Amundsen started /task.
2025-11-16 17:41:47 INFO    [awc] Amundsen started /task.
2025-11-16 17:41:48 INFO    [awc] Amundsen finished.
2025-11-16 17:41:48 INFO    [awc] Amundsen started /task.
2025-11-16 17:41:48 INFO    [awc] Amundsen finished.
2025-11-16 17:44:58 INFO    [awc] Amundsen started /task.
2025-11-16 17:44:58 INFO    [awc] Amundsen finished.
2025-11-16 17:45:00 INFO    [awc] Amundsen started /task.
2025-11-16 17:45:01 INFO    [awc] Amundsen finished.
2025-11-16 17:56:10 INFO    [awc] Amundsen started /task.
2025-11-16 17:56:11 INFO    [awc] Amundsen finished.
2025-11-16 17:56:13 INFO    [awc] Amundsen started /task.
2025-11-16 17:56:13 INFO    [awc] Amundsen finished.
2025-11-16 20:00:01 INFO    [awc] Amundsen started /task.
2025-11-16 20:00:02 INFO    [awc] Amundsen finished.
2025-11-16 20:00:03 INFO    [awc] Amundsen started /task.
2025-11-16 20:00:04 INFO    [awc] Amundsen finished.
2025-11-16 20:00:07 INFO    [awc] Amundsen started /task.
2025-11-16 20:00:08 INFO    [awc] Amundsen finished.
2025-11-16 20:00:21 INFO    [awc] Amundsen started /task.
2025-11-16 20:00:22 INFO    [awc] Amundsen finished.
2025-11-17 12:47:46 INFO    [awc] Amundsen started /task.
2025-11-17 12:47:46 INFO    [awc] Amundsen finished.
2025-11-17 12:47:49 INFO    [awc] Amundsen started /task.
2025-11-17 12:47:49 INFO    [awc] Amundsen finished.
2025-11-17 12:47:50 INFO    [awc] Amundsen started /task.
2025-11-17 12:47:50 INFO    [awc] Amundsen finished.
2025-11-17 15:31:53 INFO    [awc] Amundsen started /task.
2025-11-17 15:31:54 INFO    [awc] Amundsen finished.
2025-11-17 15:31:55 INFO    [awc] Amundsen started /task.
2025-11-17 15:31:55 INFO    [awc] Amundsen finished.
2025-11-17 15:31:58 INFO    [awc] Amundsen started /task.
2025-11-17 15:31:59 INFO    [awc] Amundsen finished.
2025-11-18 11:08:43 INFO    [awc] Amundsen started /task.
2025-11-18 11:08:46 INFO    [awc] Amundsen started /task.
2025-11-18 11:21:46 INFO    [awc] Amundsen started /task.
2025-11-18 11:21:46 INFO    [awc] Amundsen finished.
2025-11-18 11:21:48 INFO    [awc] Amundsen started /task.
2025-11-18 11:21:48 INFO    [awc] Amundsen finished.
2025-11-18 13:23:08 INFO    [awc] Amundsen started /task.
2025-11-18 13:23:09 INFO    [awc] Amundsen finished.
2025-11-18 13:23:11 INFO    [awc] Amundsen started /task.
2025-11-18 13:23:12 INFO    [awc] Amundsen finished.
2025-11-18 13:23:16 INFO    [awc] Amundsen started /task.
2025-11-18 13:23:16 INFO    [awc] Amundsen finished.
2025-11-18 13:23:19 INFO    [awc] Amundsen started /task.
2025-11-18 13:23:20 INFO    [awc] Amundsen finished.
2025-11-18 16:59:25 INFO    [awc] Amundsen started /task.
2025-11-18 16:59:26 INFO    [awc] Amundsen finished.
2025-11-18 17:00:09 INFO    [awc] Amundsen started /task.
2025-11-18 17:00:10 INFO    [awc] Amundsen finished.
2025-11-18 17:00:12 INFO    [awc] Amundsen started /task.
2025-11-18 17:00:12 INFO    [awc] Amundsen finished.
2025-11-19 11:18:39 INFO    [awc] Amundsen started /task.
2025-11-19 11:18:40 INFO    [awc] Amundsen finished.
2025-11-19 11:18:41 INFO    [awc] Amundsen started /task.
2025-11-19 11:18:42 INFO    [awc] Amundsen finished.
2025-11-19 11:18:57 INFO    [awc] Amundsen started /task.
2025-11-19 11:18:58 INFO    [awc] Amundsen finished.
2025-11-19 11:48:26 INFO    [awc] Amundsen started /task.
2025-11-19 11:48:27 INFO    [awc] Amundsen finished.
2025-11-19 11:48:27 INFO    [awc] Amundsen started /task.
2025-11-19 11:48:27 INFO    [awc] Amundsen finished.
2025-11-19 11:48:28 INFO    [awc] Amundsen started /task.
2025-11-19 11:48:28 INFO    [awc] Amundsen finished.
2025-11-19 11:48:32 INFO    [awc] Amundsen started /task.
2025-11-19 11:48:34 INFO    [awc] Amundsen finished.
2025-11-19 12:26:56 INFO    [awc] Amundsen started /task.
2025-11-19 12:26:56 INFO    [awc] Amundsen finished.
2025-11-19 12:26:59 INFO    [awc] Amundsen started /task.
2025-11-19 12:26:59 INFO    [awc] Amundsen finished.
2025-11-19 12:28:06 INFO    [awc] Amundsen started /task.
2025-11-19 12:28:07 INFO    [awc] Amundsen finished.
2025-11-19 15:22:11 INFO    [awc] Amundsen started /task.
2025-11-19 15:22:13 INFO    [awc] Amundsen started /task.
2025-11-19 15:26:59 INFO    [awc] Amundsen started /task.
2025-11-19 15:27:01 INFO    [awc] Amundsen finished.
2025-11-19 15:29:58 INFO    [awc] Amundsen started /task.
2025-11-19 15:29:59 INFO    [awc] Amundsen finished.
2025-11-19 15:30:00 INFO    [awc] Amundsen started /task.
2025-11-19 15:30:00 INFO    [awc] Amundsen finished.
2025-11-19 15:31:46 INFO    [awc] Amundsen started /task.
2025-11-19 15:31:46 INFO    [awc] Amundsen finished.
2025-11-19 19:39:06 INFO    [awc] Amundsen started /task.
2025-11-19 19:39:07 INFO    [awc] Amundsen finished.
2025-11-19 19:39:07 INFO    [awc] Amundsen started /task.
2025-11-19 19:39:08 INFO    [awc] Amundsen finished.
2025-11-19 19:39:17 INFO    [awc] Amundsen started /task.
2025-11-19 19:39:17 INFO    [awc] Amundsen finished.
2025-11-19 23:54:19 INFO    [awc] Amundsen started /task.
2025-11-19 23:54:23 INFO    [awc] Amundsen started /task.
2025-11-20 00:10:38 INFO    [awc] Amundsen started /task.
2025-11-20 00:10:38 INFO    [awc] Amundsen finished.
2025-11-20 10:00:50 INFO    [awc] Amundsen started /task.
2025-11-20 10:00:50 INFO    [awc] Amundsen finished.
2025-11-20 10:00:53 INFO    [awc] Amundsen started /task.
2025-11-20 10:00:54 INFO    [awc] Amundsen finished.
2025-11-20 10:00:54 INFO    [awc] Amundsen started /task.
2025-11-20 10:00:55 INFO    [awc] Amundsen finished.
2025-11-20 10:00:57 INFO    [awc] Amundsen started /task.
2025-11-20 10:00:57 INFO    [awc] Amundsen finished.
2025-11-20 10:00:59 INFO    [awc] Amundsen started /task.
2025-11-20 10:00:59 INFO    [awc] Amundsen finished.
2025-11-20 10:01:01 INFO    [awc] Amundsen started /task.
2025-11-20 10:01:01 INFO    [awc] Amundsen finished.
2025-11-21 13:18:54 INFO    [awc] Amundsen started /task.
2025-11-21 13:18:55 INFO    [awc] Amundsen finished.
2025-11-21 13:18:58 INFO    [awc] Amundsen started /task.
2025-11-21 13:18:58 INFO    [awc] Amundsen finished.
2025-11-21 13:19:14 INFO    [awc] Amundsen started /task.
2025-11-21 13:19:14 INFO    [awc] Amundsen finished.
2025-11-21 13:19:15 INFO    [awc] Amundsen started /task.
2025-11-21 13:19:16 INFO    [awc] Amundsen finished.
2025-11-21 22:01:18 INFO    [awc] Amundsen started /task.
2025-11-21 22:01:19 INFO    [awc] Time interval elapsed.
2025-11-21 22:01:19 INFO    [awc] Device profile read.
2025-11-21 22:01:19 INFO    [awc] Downloading AmundsHusky.
2025-11-21 22:01:21 INFO    [awc] AmundsAPI flag=acer/251109
2025-11-21 22:01:21 INFO    [awc] Query configuration successful.
2025-11-21 22:01:21 INFO    [awc] Amundsen finished.
2025-11-21 22:01:54 INFO    [awc] Amundsen started /task.
2025-11-21 22:01:55 INFO    [awc] Amundsen finished.
2025-11-21 22:01:57 INFO    [awc] Amundsen started /task.
2025-11-21 22:01:57 INFO    [awc] Amundsen finished.
2025-11-21 22:04:24 INFO    [awc] Amundsen started /task.
2025-11-21 22:04:24 INFO    [awc] Amundsen finished.
2025-11-21 23:01:51 INFO    [awc] Amundsen started /task.
2025-11-21 23:01:52 INFO    [awc] Amundsen finished.
2025-11-21 23:01:55 INFO    [awc] Amundsen started /task.
2025-11-21 23:01:55 INFO    [awc] Amundsen finished.
2025-11-21 23:15:49 INFO    [awc] Amundsen started /task.
2025-11-21 23:15:50 INFO    [awc] Amundsen finished.
2025-11-21 23:15:52 INFO    [awc] Amundsen started /task.
2025-11-21 23:15:53 INFO    [awc] Amundsen finished.
2025-11-21 23:16:53 INFO    [awc] Amundsen started /task.
2025-11-21 23:16:56 INFO    [awc] Amundsen finished.
2025-11-22 13:39:25 INFO    [awc] Amundsen started /task.
2025-11-22 13:39:26 INFO    [awc] Amundsen finished.
2025-11-22 13:39:28 INFO    [awc] Amundsen started /task.
2025-11-22 13:39:28 INFO    [awc] Amundsen finished.
2025-11-22 14:57:36 INFO    [awc] Amundsen started /task.
2025-11-22 14:57:38 INFO    [awc] Amundsen finished.
2025-11-22 14:57:39 INFO    [awc] Amundsen started /task.
2025-11-22 14:57:40 INFO    [awc] Amundsen finished.
2025-11-22 15:00:10 INFO    [awc] Amundsen started /task.
2025-11-22 15:00:10 INFO    [awc] Amundsen finished.
2025-11-22 15:00:11 INFO    [awc] Amundsen started /task.
2025-11-22 15:00:11 INFO    [awc] Amundsen finished.
2025-11-22 15:03:59 INFO    [awc] Amundsen started /task.
2025-11-22 15:03:59 INFO    [awc] Amundsen finished.
2025-11-22 15:06:24 INFO    [awc] Amundsen started /task.
2025-11-22 15:06:25 INFO    [awc] Amundsen finished.
2025-11-22 15:08:24 INFO    [awc] Amundsen started /task.
2025-11-22 15:08:25 INFO    [awc] Amundsen finished.
2025-11-22 15:10:14 INFO    [awc] Amundsen started /task.
2025-11-22 15:10:15 INFO    [awc] Amundsen finished.
2025-11-22 15:10:15 INFO    [awc] Amundsen started /task.
2025-11-22 15:10:16 INFO    [awc] Amundsen finished.
2025-11-22 15:10:50 INFO    [awc] Amundsen started /task.
2025-11-22 15:10:51 INFO    [awc] Amundsen finished.
2025-11-22 15:10:51 INFO    [awc] Amundsen started /task.
2025-11-22 15:10:52 INFO    [awc] Amundsen finished.
2025-11-22 17:05:49 INFO    [awc] Amundsen started /task.
2025-11-22 17:05:50 INFO    [awc] Amundsen finished.
2025-11-22 17:05:52 INFO    [awc] Amundsen started /task.
2025-11-22 17:05:53 INFO    [awc] Amundsen finished.
2025-11-22 17:07:44 INFO    [awc] Amundsen started /task.
2025-11-22 17:07:44 INFO    [awc] Amundsen finished.
2025-11-22 17:07:45 INFO    [awc] Amundsen started /task.
2025-11-22 17:07:46 INFO    [awc] Amundsen finished.
2025-11-22 19:52:48 INFO    [awc] Amundsen started /task.
2025-11-22 19:52:49 INFO    [awc] Amundsen finished.
2025-11-22 19:52:49 INFO    [awc] Amundsen started /task.
2025-11-22 19:52:50 INFO    [awc] Amundsen finished.
2025-11-22 19:52:53 INFO    [awc] Amundsen started /task.
2025-11-22 19:52:53 INFO    [awc] Amundsen finished.
2025-11-22 19:58:52 INFO    [awc] Amundsen started /task.
2025-11-22 19:58:53 INFO    [awc] Amundsen finished.
2025-11-22 20:00:40 INFO    [awc] Amundsen started /task.
2025-11-22 20:00:41 INFO    [awc] Amundsen finished.
2025-11-22 20:00:41 INFO    [awc] Amundsen started /task.
2025-11-22 20:00:42 INFO    [awc] Amundsen finished.
2025-11-22 20:26:56 INFO    [awc] Amundsen started /task.
2025-11-22 20:26:57 INFO    [awc] Amundsen finished.
2025-11-22 20:27:00 INFO    [awc] Amundsen started /task.
2025-11-22 20:27:00 INFO    [awc] Amundsen finished.
2025-11-22 20:36:30 INFO    [awc] Amundsen started /task.
2025-11-22 20:36:30 INFO    [awc] Amundsen finished.
2025-11-22 20:51:19 INFO    [awc] Amundsen started /task.
2025-11-22 20:51:20 INFO    [awc] Amundsen finished.
2025-11-22 20:51:26 INFO    [awc] Amundsen started /task.
2025-11-22 20:51:26 INFO    [awc] Amundsen finished.
2025-11-23 02:06:26 INFO    [awc] Amundsen started /task.
2025-11-23 02:06:29 INFO    [awc] Amundsen finished.
2025-11-23 02:07:03 INFO    [awc] Amundsen started /task.
2025-11-23 02:07:04 INFO    [awc] Amundsen finished.
2025-11-23 02:07:45 INFO    [awc] Amundsen started /task.
2025-11-23 02:07:49 INFO    [awc] Amundsen finished.
2025-11-23 02:10:21 INFO    [awc] Amundsen started /task.
2025-11-23 02:10:21 INFO    [awc] Amundsen finished.
2025-11-23 02:11:47 INFO    [awc] Amundsen started /task.
2025-11-23 02:11:48 INFO    [awc] Amundsen finished.
2025-11-23 02:20:09 INFO    [awc] Amundsen started /task.
2025-11-23 02:20:09 INFO    [awc] Amundsen finished.
2025-11-23 02:20:11 INFO    [awc] Amundsen started /task.
2025-11-23 02:20:12 INFO    [awc] Amundsen finished.
2025-11-23 13:02:43 INFO    [awc] Amundsen started /task.
2025-11-23 13:02:43 INFO    [awc] Amundsen finished.
2025-11-23 13:02:47 INFO    [awc] Amundsen started /task.
2025-11-23 13:02:47 INFO    [awc] Amundsen finished.
2025-11-23 13:03:28 INFO    [awc] Amundsen started /task.
2025-11-23 13:03:28 INFO    [awc] Amundsen finished.
2025-11-23 14:23:59 INFO    [awc] Amundsen started /task.
2025-11-23 14:24:00 INFO    [awc] Amundsen finished.
2025-11-23 15:03:25 INFO    [awc] Amundsen started /task.
2025-11-23 15:03:26 INFO    [awc] Amundsen finished.
2025-11-23 15:03:29 INFO    [awc] Amundsen started /task.
2025-11-23 15:03:29 INFO    [awc] Amundsen finished.
2025-11-23 15:50:03 INFO    [awc] Amundsen started /task.
2025-11-23 15:50:04 INFO    [awc] Amundsen finished.
2025-11-23 15:50:05 INFO    [awc] Amundsen started /task.
2025-11-23 15:50:05 INFO    [awc] Amundsen finished.
2025-11-23 21:34:11 INFO    [awc] Amundsen started /task.
2025-11-23 21:34:12 INFO    [awc] Amundsen finished.
2025-11-23 21:34:35 INFO    [awc] Amundsen started /task.
2025-11-23 21:34:35 INFO    [awc] Amundsen finished.
2025-11-23 21:34:38 INFO    [awc] Amundsen started /task.
2025-11-23 21:34:38 INFO    [awc] Amundsen finished.
2025-11-23 21:38:05 INFO    [awc] Amundsen started /task.
2025-11-23 21:38:05 INFO    [awc] Amundsen finished.
2025-11-24 13:52:51 INFO    [awc] Amundsen started /task.
2025-11-24 13:52:52 INFO    [awc] Amundsen finished.
2025-11-24 13:52:55 INFO    [awc] Amundsen started /task.
2025-11-24 13:52:55 INFO    [awc] Amundsen finished.
2025-11-24 15:46:38 INFO    [awc] Amundsen started /task.
2025-11-24 15:46:39 INFO    [awc] Amundsen finished.
2025-11-24 15:46:45 INFO    [awc] Amundsen started /task.
2025-11-24 15:46:45 INFO    [awc] Amundsen finished.
2025-11-24 15:46:48 INFO    [awc] Amundsen started /task.
2025-11-24 15:46:48 INFO    [awc] Amundsen finished.
2025-11-24 15:46:53 INFO    [awc] Amundsen started /task.
2025-11-24 15:46:54 INFO    [awc] Amundsen finished.
2025-11-24 19:51:38 INFO    [awc] Amundsen started /task.
2025-11-24 19:51:39 INFO    [awc] Amundsen finished.
2025-11-24 19:51:43 INFO    [awc] Amundsen started /task.
2025-11-24 19:51:43 INFO    [awc] Amundsen finished.
2025-11-24 19:52:54 INFO    [awc] Amundsen started /task.
2025-11-24 19:52:54 INFO    [awc] Amundsen finished.
2025-11-24 19:52:57 INFO    [awc] Amundsen started /task.
2025-11-24 19:52:57 INFO    [awc] Amundsen finished.
2025-11-25 11:02:48 INFO    [awc] Amundsen started /task.
2025-11-25 11:02:48 INFO    [awc] Amundsen finished.
2025-11-25 11:02:54 INFO    [awc] Amundsen started /task.
2025-11-25 11:02:55 INFO    [awc] Amundsen finished.
2025-11-25 12:59:03 INFO    [awc] Amundsen started /task.
2025-11-25 12:59:03 INFO    [awc] Amundsen finished.
2025-11-25 12:59:11 INFO    [awc] Amundsen started /task.
2025-11-25 12:59:12 INFO    [awc] Amundsen finished.
2025-11-25 13:01:08 INFO    [awc] Amundsen started /task.
2025-11-25 13:01:09 INFO    [awc] Amundsen finished.
2025-11-25 13:01:13 INFO    [awc] Amundsen started /task.
2025-11-25 13:01:14 INFO    [awc] Amundsen finished.
2025-11-25 16:40:43 INFO    [awc] Amundsen started /task.
2025-11-25 16:40:43 INFO    [awc] Amundsen finished.
2025-11-25 16:40:49 INFO    [awc] Amundsen started /task.
2025-11-25 16:40:49 INFO    [awc] Amundsen finished.
2025-11-25 16:40:52 INFO    [awc] Amundsen started /task.
2025-11-25 16:40:52 INFO    [awc] Amundsen finished.
2025-11-25 20:15:56 INFO    [awc] Amundsen started /task.
2025-11-25 20:15:57 INFO    [awc] Amundsen finished.
2025-11-25 20:16:02 INFO    [awc] Amundsen started /task.
2025-11-25 20:16:03 INFO    [awc] Amundsen finished.
2025-11-25 20:17:57 INFO    [awc] Amundsen started /task.
2025-11-25 20:17:57 INFO    [awc] Amundsen finished.
2025-11-25 20:18:03 INFO    [awc] Amundsen started /task.
2025-11-25 20:18:03 INFO    [awc] Amundsen finished.
2025-11-26 13:00:46 INFO    [awc] Amundsen started /task.
2025-11-26 13:00:47 INFO    [awc] Amundsen finished.
2025-11-26 13:01:02 INFO    [awc] Amundsen started /task.
2025-11-26 13:01:02 INFO    [awc] Amundsen finished.
2025-11-26 13:01:04 INFO    [awc] Amundsen started /task.
2025-11-26 13:01:04 INFO    [awc] Amundsen finished.
2025-11-26 13:01:50 INFO    [awc] Amundsen started /task.
2025-11-26 13:01:51 INFO    [awc] Amundsen finished.
2025-11-26 18:39:34 INFO    [awc] Amundsen started /task.
2025-11-26 18:39:35 INFO    [awc] Amundsen finished.
2025-11-26 18:39:39 INFO    [awc] Amundsen started /task.
2025-11-26 18:39:39 INFO    [awc] Amundsen finished.
2025-11-26 18:40:56 INFO    [awc] Amundsen started /task.
2025-11-26 18:40:56 INFO    [awc] Amundsen finished.
2025-11-26 18:41:42 INFO    [awc] Amundsen started /task.
2025-11-26 18:41:42 INFO    [awc] Amundsen finished.
2025-11-27 08:32:46 INFO    [awc] Amundsen started /task.
2025-11-27 08:32:47 INFO    [awc] Amundsen finished.
2025-11-27 08:32:49 INFO    [awc] Amundsen started /task.
2025-11-27 08:32:49 INFO    [awc] Amundsen finished.
2025-11-27 08:33:09 INFO    [awc] Amundsen started /task.
2025-11-27 08:33:09 INFO    [awc] Amundsen finished.
2025-11-27 11:14:12 INFO    [awc] Amundsen started /task.
2025-11-27 11:14:12 INFO    [awc] Amundsen finished.
2025-11-27 11:14:41 INFO    [awc] Amundsen started /task.
2025-11-27 11:14:41 INFO    [awc] Amundsen finished.
2025-11-27 12:36:21 INFO    [awc] Amundsen started /task.
2025-11-27 12:36:22 INFO    [awc] Amundsen finished.
2025-11-27 12:36:34 INFO    [awc] Amundsen started /task.
2025-11-27 12:36:34 INFO    [awc] Amundsen finished.
2025-11-27 12:36:37 INFO    [awc] Amundsen started /task.
2025-11-27 12:36:37 INFO    [awc] Amundsen finished.
2025-11-28 00:05:05 INFO    [awc] Amundsen started /task.
2025-11-28 00:05:05 INFO    [awc] Amundsen finished.
2025-11-28 00:05:09 INFO    [awc] Amundsen started /task.
2025-11-28 00:05:09 INFO    [awc] Amundsen finished.
2025-11-28 00:05:19 INFO    [awc] Amundsen started /task.
2025-11-28 00:05:19 INFO    [awc] Amundsen finished.
2025-11-28 00:05:26 INFO    [awc] Amundsen started /task.
2025-11-28 00:05:26 INFO    [awc] Amundsen finished.
2025-11-28 09:18:24 INFO    [awc] Amundsen started /task.
2025-11-28 09:18:25 INFO    [awc] Amundsen finished.
2025-11-28 09:18:27 INFO    [awc] Amundsen started /task.
2025-11-28 09:18:28 INFO    [awc] Amundsen finished.
2025-11-28 14:46:27 INFO    [awc] Amundsen started /task.
2025-11-28 14:46:28 INFO    [awc] Amundsen finished.
2025-11-28 14:46:29 INFO    [awc] Amundsen started /task.
2025-11-28 14:46:29 INFO    [awc] Amundsen finished.
2025-11-28 15:36:19 INFO    [awc] Amundsen started /task.
2025-11-28 15:36:19 INFO    [awc] Amundsen finished.
2025-11-28 22:12:18 INFO    [awc] Amundsen started /task.
2025-11-28 22:12:18 INFO    [awc] Amundsen finished.
2025-11-28 22:12:19 INFO    [awc] Amundsen started /task.
2025-11-28 22:12:19 INFO    [awc] Amundsen finished.
2025-11-29 12:35:06 INFO    [awc] Amundsen started /task.
2025-11-29 12:35:07 INFO    [awc] Amundsen finished.
2025-11-29 20:51:53 INFO    [awc] Amundsen started /task.
2025-11-29 20:51:54 INFO    [awc] Amundsen finished.
2025-11-30 16:05:10 INFO    [awc] Amundsen started /task.
2025-11-30 16:05:11 INFO    [awc] Amundsen finished.
2025-11-30 16:05:12 INFO    [awc] Amundsen started /task.
2025-11-30 16:05:13 INFO    [awc] Amundsen finished.
2025-12-01 13:13:45 INFO    [awc] Amundsen started /task.
2025-12-01 13:13:46 INFO    [awc] Amundsen finished.
2025-12-01 13:13:50 INFO    [awc] Amundsen started /task.
2025-12-01 13:13:51 INFO    [awc] Amundsen finished.
2025-12-01 17:39:46 INFO    [awc] Amundsen started /task.
2025-12-01 17:46:53 INFO    [awc] Amundsen started /task.
2025-12-01 17:46:56 INFO    [awc] Amundsen finished.
2025-12-01 17:50:43 INFO    [awc] Amundsen started /task.
2025-12-01 17:50:43 INFO    [awc] Amundsen finished.
2025-12-01 17:50:50 INFO    [awc] Amundsen started /task.
2025-12-01 17:50:50 INFO    [awc] Amundsen finished.
2025-12-02 13:53:29 INFO    [awc] Amundsen started /task.
2025-12-02 13:53:30 INFO    [awc] Time interval elapsed.
2025-12-02 13:53:30 INFO    [awc] Device profile read.
2025-12-02 13:53:30 INFO    [awc] Downloading AmundsHusky.
2025-12-02 13:53:31 INFO    [awc] AmundsAPI flag=acer/251109
2025-12-02 13:53:31 INFO    [awc] Query configuration successful.
2025-12-02 13:53:31 INFO    [awc] Amundsen finished.
2025-12-02 13:53:43 INFO    [awc] Amundsen started /task.
2025-12-02 13:53:43 INFO    [awc] Amundsen finished.
2025-12-02 13:53:49 INFO    [awc] Amundsen started /task.
2025-12-02 13:53:49 INFO    [awc] Amundsen finished.
2025-12-03 15:49:58 INFO    [awc] Amundsen started /task.
2025-12-03 15:49:59 INFO    [awc] Amundsen finished.
2025-12-03 15:50:03 INFO    [awc] Amundsen started /task.
2025-12-03 15:50:03 INFO    [awc] Amundsen finished.
2025-12-03 21:54:14 INFO    [awc] Amundsen started /task.
2025-12-03 21:54:15 INFO    [awc] Amundsen finished.
2025-12-03 21:56:01 INFO    [awc] Amundsen started /task.
2025-12-03 21:56:01 INFO    [awc] Amundsen finished.
2025-12-03 21:56:07 INFO    [awc] Amundsen started /task.
2025-12-03 21:56:07 INFO    [awc] Amundsen finished.
2025-12-03 21:58:10 INFO    [awc] Amundsen started /task.
2025-12-03 21:58:10 INFO    [awc] Amundsen finished.
2025-12-03 22:55:04 INFO    [awc] Amundsen started /task.
2025-12-03 22:55:05 INFO    [awc] Amundsen finished.
2025-12-03 22:55:09 INFO    [awc] Amundsen started /task.
2025-12-03 22:55:10 INFO    [awc] Amundsen finished.
2025-12-03 23:56:54 INFO    [awc] Amundsen started /task.
2025-12-03 23:56:54 INFO    [awc] Amundsen finished.
2025-12-04 00:07:35 INFO    [awc] Amundsen started /task.
2025-12-04 00:07:35 INFO    [awc] Amundsen finished.
2025-12-04 00:07:40 INFO    [awc] Amundsen started /task.
2025-12-04 00:07:40 INFO    [awc] Amundsen finished.
2025-12-04 00:48:56 INFO    [awc] Amundsen started /task.
2025-12-04 00:48:56 INFO    [awc] Amundsen finished.
2025-12-04 00:48:57 INFO    [awc] Amundsen started /task.
2025-12-04 00:48:57 INFO    [awc] Amundsen finished.
2025-12-04 02:06:15 INFO    [awc] Amundsen started /task.
2025-12-04 02:06:15 INFO    [awc] Amundsen finished.
2025-12-04 02:06:20 INFO    [awc] Amundsen started /task.
2025-12-04 02:06:21 INFO    [awc] Amundsen finished.
2025-12-04 16:00:46 INFO    [awc] Amundsen started /task.
2025-12-04 16:00:46 INFO    [awc] Amundsen finished.
2025-12-04 16:00:57 INFO    [awc] Amundsen started /task.
2025-12-04 16:00:57 INFO    [awc] Amundsen finished.
2025-12-04 16:02:13 INFO    [awc] Amundsen started /task.
2025-12-04 16:02:13 INFO    [awc] Amundsen finished.
2025-12-04 16:03:00 INFO    [awc] Amundsen started /task.
2025-12-04 16:03:00 INFO    [awc] Amundsen finished.
2025-12-04 16:14:52 INFO    [awc] Amundsen started /task.
2025-12-04 16:14:53 INFO    [awc] Amundsen finished.
2025-12-04 16:17:36 INFO    [awc] Amundsen started /task.
2025-12-04 16:17:37 INFO    [awc] Amundsen finished.
2025-12-04 16:17:43 INFO    [awc] Amundsen started /task.
2025-12-04 16:17:43 INFO    [awc] Amundsen finished.
2025-12-04 19:17:41 INFO    [awc] Amundsen started /task.
2025-12-04 19:17:42 INFO    [awc] Amundsen finished.
2025-12-04 19:20:48 INFO    [awc] Amundsen started /task.
2025-12-04 19:20:49 INFO    [awc] Amundsen finished.
2025-12-04 19:20:51 INFO    [awc] Amundsen started /task.
2025-12-04 19:20:52 INFO    [awc] Amundsen finished.
2025-12-04 21:06:49 INFO    [awc] Amundsen started /task.
2025-12-04 21:06:50 INFO    [awc] Amundsen finished.
2025-12-04 21:06:55 INFO    [awc] Amundsen started /task.
2025-12-04 21:06:56 INFO    [awc] Amundsen finished.
2025-12-05 21:24:26 INFO    [awc] Amundsen started /task.
2025-12-05 21:24:27 INFO    [awc] Amundsen finished.
2025-12-05 21:24:29 INFO    [awc] Amundsen started /task.
2025-12-05 21:24:29 INFO    [awc] Amundsen finished.
2025-12-05 21:24:30 INFO    [awc] Amundsen started /task.
2025-12-05 21:24:30 INFO    [awc] Amundsen finished.
2025-12-05 21:27:09 INFO    [awc] Amundsen started /task.
2025-12-05 21:27:10 INFO    [awc] Amundsen finished.
2025-12-05 21:27:13 INFO    [awc] Amundsen started /task.
2025-12-05 21:27:14 INFO    [awc] Amundsen finished.
2025-12-05 21:27:18 INFO    [awc] Amundsen started /task.
2025-12-05 21:27:18 INFO    [awc] Amundsen finished.
2025-12-05 21:58:22 INFO    [awc] Amundsen started /task.
2025-12-05 21:58:23 INFO    [awc] Amundsen finished.
2025-12-05 21:59:57 INFO    [awc] Amundsen started /task.
2025-12-05 21:59:57 INFO    [awc] Amundsen finished.
2025-12-05 22:00:25 INFO    [awc] Amundsen started /task.
2025-12-05 22:00:26 INFO    [awc] Amundsen finished.
2025-12-05 22:01:37 INFO    [awc] Amundsen started /task.
2025-12-05 22:01:37 INFO    [awc] Amundsen finished.
2025-12-05 22:02:28 INFO    [awc] Amundsen started /task.
2025-12-05 22:02:29 INFO    [awc] Amundsen finished.
2025-12-05 22:04:36 INFO    [awc] Amundsen started /task.
2025-12-05 22:04:37 INFO    [awc] Amundsen finished.
2025-12-05 22:04:38 INFO    [awc] Amundsen started /task.
2025-12-05 22:04:38 INFO    [awc] Amundsen finished.
2025-12-06 15:13:16 INFO    [awc] Amundsen started /task.
2025-12-06 15:13:17 INFO    [awc] Amundsen finished.
2025-12-06 15:13:19 INFO    [awc] Amundsen started /task.
2025-12-06 15:13:19 INFO    [awc] Amundsen finished.
2025-12-06 16:33:51 INFO    [awc] Amundsen started /task.
2025-12-06 16:33:52 INFO    [awc] Amundsen finished.
2025-12-06 16:33:53 INFO    [awc] Amundsen started /task.
2025-12-06 16:33:54 INFO    [awc] Amundsen finished.
2025-12-06 19:59:51 INFO    [awc] Amundsen started /task.
2025-12-06 19:59:54 INFO    [awc] Amundsen started /task.
2025-12-06 20:02:56 INFO    [awc] Amundsen started /task.
2025-12-06 20:02:56 INFO    [awc] Amundsen finished.
2025-12-06 20:04:38 INFO    [awc] Amundsen started /task.
2025-12-06 20:04:38 INFO    [awc] Amundsen finished.
2025-12-06 20:04:41 INFO    [awc] Amundsen started /task.
2025-12-06 20:04:41 INFO    [awc] Amundsen finished.
2025-12-06 20:06:34 INFO    [awc] Amundsen started /task.
2025-12-06 20:06:35 INFO    [awc] Amundsen finished.
2025-12-06 20:06:45 INFO    [awc] Amundsen started /task.
2025-12-06 20:06:46 INFO    [awc] Amundsen finished.
2025-12-06 20:09:46 INFO    [awc] Amundsen started /task.
2025-12-06 20:09:46 INFO    [awc] Amundsen finished.
2025-12-06 20:14:44 INFO    [awc] Amundsen started /task.
2025-12-06 20:14:45 INFO    [awc] Amundsen finished.
2025-12-06 20:14:46 INFO    [awc] Amundsen started /task.
2025-12-06 20:14:47 INFO    [awc] Amundsen finished.
2025-12-06 20:20:06 INFO    [awc] Amundsen started /task.
2025-12-06 20:20:07 INFO    [awc] Amundsen finished.
2025-12-06 20:21:06 INFO    [awc] Amundsen started /task.
2025-12-06 20:21:07 INFO    [awc] Amundsen finished.
2025-12-06 20:21:38 INFO    [awc] Amundsen started /task.
2025-12-06 20:21:39 INFO    [awc] Amundsen finished.
2025-12-06 20:21:43 INFO    [awc] Amundsen started /task.
2025-12-06 20:21:43 INFO    [awc] Amundsen finished.
2025-12-06 20:22:16 INFO    [awc] Amundsen started /task.
2025-12-06 20:22:16 INFO    [awc] Amundsen finished.
2025-12-06 20:22:20 INFO    [awc] Amundsen started /task.
2025-12-06 20:22:20 INFO    [awc] Amundsen finished.
2025-12-06 21:22:37 INFO    [awc] Amundsen started /task.
2025-12-06 21:22:38 INFO    [awc] Amundsen finished.
2025-12-06 22:28:26 INFO    [awc] Amundsen started /task.
2025-12-06 22:28:27 INFO    [awc] Amundsen finished.
2025-12-07 03:42:14 INFO    [awc] Amundsen started /task.
2025-12-07 03:42:15 INFO    [awc] Amundsen finished.
2025-12-07 16:24:32 INFO    [awc] Amundsen started /task.
2025-12-07 16:24:32 INFO    [awc] Amundsen finished.
2025-12-07 16:24:42 INFO    [awc] Amundsen started /task.
2025-12-07 16:24:42 INFO    [awc] Amundsen finished.
2025-12-07 16:44:08 INFO    [awc] Amundsen started /task.
2025-12-07 16:44:08 INFO    [awc] Amundsen finished.
2025-12-07 16:44:09 INFO    [awc] Amundsen started /task.
2025-12-07 16:44:09 INFO    [awc] Amundsen finished.
2025-12-07 20:20:35 INFO    [awc] Amundsen started /task.
2025-12-07 20:20:36 INFO    [awc] Amundsen finished.
2025-12-07 20:20:49 INFO    [awc] Amundsen started /task.
2025-12-07 20:20:49 INFO    [awc] Amundsen finished.
2025-12-07 21:15:04 INFO    [awc] Amundsen started /task.
2025-12-07 21:15:04 INFO    [awc] Amundsen finished.
2025-12-08 00:26:04 INFO    [awc] Amundsen started /task.
2025-12-08 00:26:04 INFO    [awc] Amundsen finished.
2025-12-08 00:26:50 INFO    [awc] Amundsen started /task.
2025-12-08 00:26:50 INFO    [awc] Amundsen finished.
2025-12-08 00:26:54 INFO    [awc] Amundsen started /task.
2025-12-08 00:26:54 INFO    [awc] Amundsen finished.
2025-12-08 14:41:12 INFO    [awc] Amundsen started /task.
2025-12-08 14:41:12 INFO    [awc] Amundsen finished.
2025-12-08 14:41:25 INFO    [awc] Amundsen started /task.
2025-12-08 14:41:25 INFO    [awc] Amundsen finished.
2025-12-08 15:25:20 INFO    [awc] Amundsen started /task.
2025-12-08 15:25:21 INFO    [awc] Amundsen finished.
2025-12-08 16:44:04 INFO    [awc] Amundsen started /task.
2025-12-08 16:44:05 INFO    [awc] Amundsen finished.
2025-12-08 21:51:02 INFO    [awc] Amundsen started /task.
2025-12-08 21:51:03 INFO    [awc] Amundsen finished.
2025-12-08 21:55:18 INFO    [awc] Amundsen started /task.
2025-12-08 21:55:19 INFO    [awc] Amundsen finished.
2025-12-08 21:55:21 INFO    [awc] Amundsen started /task.
2025-12-08 21:55:22 INFO    [awc] Amundsen finished.
2025-12-09 03:42:14 INFO    [awc] Amundsen started /task.
2025-12-09 03:42:15 INFO    [awc] Amundsen finished.
2025-12-09 13:36:44 INFO    [awc] Amundsen started /task.
2025-12-09 13:36:45 INFO    [awc] Amundsen finished.
2025-12-09 13:36:46 INFO    [awc] Amundsen started /task.
2025-12-09 13:36:46 INFO    [awc] Amundsen finished.
2025-12-09 21:37:28 INFO    [awc] Amundsen started /task.
2025-12-09 21:37:29 INFO    [awc] Amundsen finished.
2025-12-09 21:37:53 INFO    [awc] Amundsen started /task.
2025-12-09 21:37:54 INFO    [awc] Amundsen finished.
2025-12-09 21:37:55 INFO    [awc] Amundsen started /task.
2025-12-09 21:37:55 INFO    [awc] Amundsen finished.
2025-12-09 21:37:57 INFO    [awc] Amundsen started /task.
2025-12-09 21:37:57 INFO    [awc] Amundsen finished.
2025-12-10 11:01:01 INFO    [awc] Amundsen started /task.
2025-12-10 11:01:04 INFO    [awc] Amundsen finished.
2025-12-10 11:01:13 INFO    [awc] Amundsen started /task.
2025-12-10 11:01:15 INFO    [awc] Amundsen finished.
2025-12-10 11:03:56 INFO    [awc] Amundsen started /task.
2025-12-10 11:04:10 INFO    [awc] Amundsen finished.
2025-12-10 11:26:10 INFO    [awc] Amundsen started /task.
2025-12-10 11:26:22 INFO    [awc] Amundsen started /task.
2025-12-10 11:26:49 INFO    [awc] Amundsen started /task.
2025-12-10 11:26:58 INFO    [awc] Amundsen started /task.
2025-12-10 11:34:36 INFO    [awc] Amundsen started /task.
2025-12-10 11:34:41 INFO    [awc] Amundsen finished.
2025-12-10 14:17:01 INFO    [awc] Amundsen started /task.
2025-12-10 14:17:02 INFO    [awc] Amundsen finished.
2025-12-10 14:17:27 INFO    [awc] Amundsen started /task.
2025-12-10 14:17:28 INFO    [awc] Amundsen finished.
2025-12-10 14:17:51 INFO    [awc] Amundsen started /task.
2025-12-10 14:17:52 INFO    [awc] Amundsen finished.
2025-12-10 14:18:35 INFO    [awc] Amundsen started /task.
2025-12-10 14:18:36 INFO    [awc] Amundsen finished.
2025-12-10 14:54:45 INFO    [awc] Amundsen started /task.
2025-12-10 14:54:46 INFO    [awc] Amundsen finished.
2025-12-10 14:54:58 INFO    [awc] Amundsen started /task.
2025-12-10 14:54:58 INFO    [awc] Amundsen finished.
2025-12-10 15:47:22 INFO    [awc] Amundsen started /task.
2025-12-10 15:47:40 INFO    [awc] Amundsen finished.
2025-12-10 15:53:17 INFO    [awc] Amundsen started /task.
2025-12-10 15:53:18 INFO    [awc] Amundsen finished.
2025-12-10 15:53:25 INFO    [awc] Amundsen started /task.
2025-12-10 15:53:25 INFO    [awc] Amundsen finished.
2025-12-10 20:41:27 INFO    [awc] Amundsen started /task.
2025-12-10 20:41:28 INFO    [awc] Amundsen finished.
2025-12-10 20:42:11 INFO    [awc] Amundsen started /task.
2025-12-10 20:42:12 INFO    [awc] Amundsen finished.
2025-12-10 20:42:12 INFO    [awc] Amundsen started /task.
2025-12-10 20:42:12 INFO    [awc] Amundsen finished.
2025-12-10 20:42:15 INFO    [awc] Amundsen started /task.
2025-12-10 20:42:16 INFO    [awc] Amundsen finished.
2025-12-11 12:19:26 INFO    [awc] Amundsen started /task.
2025-12-11 12:19:35 INFO    [awc] Amundsen started /task.
2025-12-11 12:24:51 INFO    [awc] Amundsen started /task.
2025-12-11 12:24:52 INFO    [awc] Amundsen finished.
2025-12-11 12:59:10 INFO    [awc] Amundsen started /task.
2025-12-11 12:59:46 INFO    [awc] Amundsen started /task.
2025-12-11 13:25:01 INFO    [awc] Amundsen started /task.
2025-12-11 15:38:51 INFO    [awc] Amundsen started /task.
2025-12-11 15:38:57 INFO    [awc] Amundsen finished.
2025-12-11 15:42:41 INFO    [awc] Amundsen started /task.
2025-12-11 15:42:42 INFO    [awc] Amundsen finished.
2025-12-11 15:42:43 INFO    [awc] Amundsen started /task.
2025-12-11 15:42:43 INFO    [awc] Amundsen finished.
2025-12-11 21:26:38 INFO    [awc] Amundsen started /task.
2025-12-11 21:26:39 INFO    [awc] Amundsen finished.
2025-12-12 13:28:22 INFO    [awc] Amundsen started /task.
2025-12-12 13:28:23 INFO    [awc] Amundsen finished.
2025-12-12 13:28:32 INFO    [awc] Amundsen started /task.
2025-12-12 13:28:32 INFO    [awc] Amundsen finished.
2025-12-12 13:29:17 INFO    [awc] Amundsen started /task.
2025-12-12 13:29:18 INFO    [awc] Amundsen finished.
2025-12-12 13:30:32 INFO    [awc] Amundsen started /task.
2025-12-12 13:30:33 INFO    [awc] Amundsen finished.
2025-12-12 21:30:56 INFO    [awc] Amundsen started /task.
2025-12-12 21:30:57 INFO    [awc] Time interval elapsed.
2025-12-12 21:30:57 INFO    [awc] Device profile read.
2025-12-12 21:30:57 INFO    [awc] Downloading AmundsHusky.
2025-12-12 21:30:58 INFO    [awc] AmundsAPI flag=acer/251109
2025-12-12 21:30:58 INFO    [awc] Query configuration successful.
2025-12-12 21:30:58 INFO    [awc] Amundsen finished.
2025-12-12 21:31:13 INFO    [awc] Amundsen started /task.
2025-12-12 21:31:13 INFO    [awc] Amundsen finished.
2025-12-13 09:00:29 INFO    [awc] Amundsen started /task.
2025-12-13 09:00:30 INFO    [awc] Amundsen finished.
2025-12-13 09:00:30 INFO    [awc] Amundsen started /task.
2025-12-13 09:00:31 INFO    [awc] Amundsen finished.
2025-12-13 11:31:16 INFO    [awc] Amundsen started /task.
2025-12-13 11:31:18 INFO    [awc] Amundsen finished.
2025-12-13 11:31:23 INFO    [awc] Amundsen started /task.
2025-12-13 11:31:24 INFO    [awc] Amundsen finished.
2025-12-13 11:31:43 INFO    [awc] Amundsen started /task.
2025-12-13 11:31:44 INFO    [awc] Amundsen finished.
2025-12-13 11:54:49 INFO    [awc] Amundsen started /task.
2025-12-13 11:54:50 INFO    [awc] Amundsen finished.
2025-12-13 15:12:28 INFO    [awc] Amundsen started /task.
2025-12-13 15:12:28 INFO    [awc] Amundsen finished.
2025-12-13 15:12:32 INFO    [awc] Amundsen started /task.
2025-12-13 15:12:32 INFO    [awc] Amundsen finished.
2025-12-13 15:12:35 INFO    [awc] Amundsen started /task.
2025-12-13 15:12:35 INFO    [awc] Amundsen finished.
2025-12-13 15:12:55 INFO    [awc] Amundsen started /task.
2025-12-13 15:12:56 INFO    [awc] Amundsen finished.
2025-12-13 15:25:23 INFO    [awc] Amundsen started /task.
2025-12-13 15:25:23 INFO    [awc] Amundsen finished.
2025-12-14 03:11:30 INFO    [awc] Amundsen started /task.
2025-12-14 03:11:31 INFO    [awc] Amundsen finished.
2025-12-14 03:42:14 INFO    [awc] Amundsen started /task.
2025-12-14 03:42:15 INFO    [awc] Amundsen finished.
2025-12-14 14:57:23 INFO    [awc] Amundsen started /task.
2025-12-14 14:57:24 INFO    [awc] Amundsen finished.
2025-12-14 14:57:25 INFO    [awc] Amundsen started /task.
2025-12-14 14:57:25 INFO    [awc] Amundsen finished.
2025-12-14 16:21:28 INFO    [awc] Amundsen started /task.
2025-12-14 16:21:34 INFO    [awc] Amundsen finished.
2025-12-14 16:21:36 INFO    [awc] Amundsen started /task.
2025-12-14 16:21:39 INFO    [awc] Amundsen finished.
2025-12-14 16:21:48 INFO    [awc] Amundsen started /task.
2025-12-14 16:21:49 INFO    [awc] Amundsen finished.
2025-12-14 16:21:58 INFO    [awc] Amundsen started /task.
2025-12-14 16:21:59 INFO    [awc] Amundsen finished.
2025-12-14 19:19:39 INFO    [awc] Amundsen started /task.
2025-12-14 19:19:39 INFO    [awc] Amundsen finished.
2025-12-14 19:19:41 INFO    [awc] Amundsen started /task.
2025-12-14 19:19:42 INFO    [awc] Amundsen finished.
2025-12-14 19:19:44 INFO    [awc] Amundsen started /task.
2025-12-14 19:19:44 INFO    [awc] Amundsen finished.
2025-12-14 19:19:46 INFO    [awc] Amundsen started /task.
2025-12-14 19:19:46 INFO    [awc] Amundsen finished.
2025-12-14 21:26:45 INFO    [awc] Amundsen started /task.
2025-12-14 21:26:46 INFO    [awc] Amundsen finished.
2025-12-14 21:26:47 INFO    [awc] Amundsen started /task.
2025-12-14 21:26:48 INFO    [awc] Amundsen finished.
2025-12-14 21:26:50 INFO    [awc] Amundsen started /task.
2025-12-14 21:26:50 INFO    [awc] Amundsen finished.
2025-12-14 21:26:51 INFO    [awc] Amundsen started /task.
2025-12-14 21:26:51 INFO    [awc] Amundsen finished.
2025-12-15 08:33:59 INFO    [awc] Amundsen started /task.
2025-12-15 08:34:01 INFO    [awc] Amundsen finished.
2025-12-15 08:36:05 INFO    [awc] Amundsen started /task.
2025-12-15 08:36:06 INFO    [awc] Amundsen finished.
2025-12-15 08:36:06 INFO    [awc] Amundsen started /task.
2025-12-15 08:36:07 INFO    [awc] Amundsen finished.
2025-12-15 22:36:38 INFO    [awc] Amundsen started /task.
2025-12-15 22:36:39 INFO    [awc] Amundsen finished.
2025-12-15 22:36:42 INFO    [awc] Amundsen started /task.
2025-12-15 22:36:42 INFO    [awc] Amundsen finished.
2025-12-15 22:36:45 INFO    [awc] Amundsen started /task.
2025-12-15 22:36:45 INFO    [awc] Amundsen finished.
2025-12-15 22:36:59 INFO    [awc] Amundsen started /task.
2025-12-15 22:37:00 INFO    [awc] Amundsen finished.
2025-12-16 00:44:42 INFO    [awc] Amundsen started /task.
2025-12-16 00:44:43 INFO    [awc] Amundsen finished.
2025-12-16 03:42:14 INFO    [awc] Amundsen started /task.
2025-12-16 03:42:15 INFO    [awc] Amundsen finished.
2025-12-16 20:01:25 INFO    [awc] Amundsen started /task.
2025-12-16 20:01:26 INFO    [awc] Amundsen finished.
2025-12-16 20:01:29 INFO    [awc] Amundsen started /task.
2025-12-16 20:01:29 INFO    [awc] Amundsen finished.
2025-12-17 03:42:15 INFO    [awc] Amundsen started /task.
2025-12-17 03:42:16 INFO    [awc] Amundsen finished.
2025-12-17 17:06:41 INFO    [awc] Amundsen started /task.
2025-12-17 17:06:42 INFO    [awc] Amundsen finished.
2025-12-17 17:06:46 INFO    [awc] Amundsen started /task.
2025-12-17 17:06:47 INFO    [awc] Amundsen finished.
2025-12-18 01:13:00 INFO    [awc] Amundsen started /task.
2025-12-18 01:13:03 INFO    [awc] Amundsen finished.
2025-12-18 01:13:57 INFO    [awc] Amundsen started /task.
2025-12-18 01:13:57 INFO    [awc] Amundsen finished.
2025-12-18 01:14:00 INFO    [awc] Amundsen started /task.
2025-12-18 01:14:00 INFO    [awc] Amundsen finished.
2025-12-18 01:14:02 INFO    [awc] Amundsen started /task.
2025-12-18 01:14:02 INFO    [awc] Amundsen finished.
2025-12-18 14:41:17 INFO    [awc] Amundsen started /task.
2025-12-18 14:41:18 INFO    [awc] Amundsen finished.
2025-12-18 14:42:55 INFO    [awc] Amundsen started /task.
2025-12-18 14:42:55 INFO    [awc] Amundsen finished.
2025-12-18 14:43:23 INFO    [awc] Amundsen started /task.
2025-12-18 14:43:23 INFO    [awc] Amundsen finished.
2025-12-18 15:31:11 INFO    [awc] Amundsen started /task.
2025-12-18 15:31:12 INFO    [awc] Amundsen finished.
2025-12-18 15:31:15 INFO    [awc] Amundsen started /task.
2025-12-18 15:31:15 INFO    [awc] Amundsen finished.
2025-12-18 15:41:29 INFO    [awc] Amundsen started /task.
2025-12-18 15:41:30 INFO    [awc] Amundsen finished.
2025-12-18 15:41:34 INFO    [awc] Amundsen started /task.
2025-12-18 15:41:34 INFO    [awc] Amundsen finished.
2025-12-19 13:50:42 INFO    [awc] Amundsen started /task.
2025-12-19 13:55:08 INFO    [awc] Amundsen started /task.
2025-12-19 13:55:09 INFO    [awc] Amundsen finished.
2025-12-19 14:14:42 INFO    [awc] Amundsen started /task.
2025-12-19 14:14:43 INFO    [awc] Amundsen finished.
2025-12-19 14:14:46 INFO    [awc] Amundsen started /task.
2025-12-19 14:14:46 INFO    [awc] Amundsen finished.
2025-12-19 20:32:47 INFO    [awc] Amundsen started /task.
2025-12-19 20:32:48 INFO    [awc] Amundsen finished.
2025-12-19 20:32:51 INFO    [awc] Amundsen started /task.
2025-12-19 20:32:51 INFO    [awc] Amundsen finished.
2025-12-21 18:07:58 INFO    [awc] Amundsen started /task.
2025-12-21 18:08:15 INFO    [awc] Amundsen finished.
2025-12-21 18:10:19 INFO    [awc] Amundsen started /task.
2025-12-21 18:10:20 INFO    [awc] Amundsen finished.
2025-12-21 18:10:47 INFO    [awc] Amundsen started /task.
2025-12-21 18:10:48 INFO    [awc] Amundsen finished.
2025-12-21 18:10:55 INFO    [awc] Amundsen started /task.
2025-12-21 18:10:55 INFO    [awc] Amundsen finished.
2025-12-21 18:17:37 INFO    [awc] Amundsen started /task.
2025-12-21 18:17:38 INFO    [awc] Amundsen finished.
2025-12-21 22:03:41 INFO    [awc] Amundsen started /task.
2025-12-21 22:04:07 INFO    [awc] Amundsen finished.
2025-12-23 16:40:24 INFO    [awc] Amundsen started /task.
2025-12-23 16:44:16 INFO    [awc] Amundsen started /task.
2025-12-23 16:44:17 INFO    [awc] Time interval elapsed.
2025-12-23 16:44:17 INFO    [awc] Device profile read.
2025-12-23 16:44:17 INFO    [awc] Downloading AmundsHusky.
2025-12-23 16:44:22 INFO    [awc] AmundsAPI flag=acer/251109
2025-12-23 16:44:22 INFO    [awc] Query configuration successful.
2025-12-23 16:44:22 INFO    [awc] Amundsen finished.
2025-12-23 16:44:54 INFO    [awc] Amundsen started /task.
2025-12-23 16:44:56 INFO    [awc] Amundsen finished.
2025-12-23 16:46:31 INFO    [awc] Amundsen started /task.
2025-12-23 16:46:31 INFO    [awc] Amundsen finished.
2025-12-23 16:46:51 INFO    [awc] Amundsen started /task.
2025-12-23 16:46:51 INFO    [awc] Amundsen finished.
2025-12-23 17:09:02 INFO    [awc] Amundsen started /task.
2025-12-23 17:09:04 INFO    [awc] Amundsen finished.
2025-12-23 21:23:46 INFO    [awc] Amundsen started /task.
2025-12-23 21:27:35 INFO    [awc] Amundsen started /task.
2025-12-23 21:27:36 INFO    [awc] Amundsen finished.
2025-12-23 21:27:39 INFO    [awc] Amundsen started /task.
2025-12-23 21:27:40 INFO    [awc] Amundsen finished.
2025-12-23 21:29:35 INFO    [awc] Amundsen started /task.
2025-12-23 21:29:35 INFO    [awc] Amundsen finished.
2025-12-23 21:29:36 INFO    [awc] Amundsen started /task.
2025-12-23 21:29:37 INFO    [awc] Amundsen finished.
2025-12-24 13:17:32 INFO    [awc] Amundsen started /task.
2025-12-24 13:17:33 INFO    [awc] Amundsen finished.
2025-12-24 13:17:36 INFO    [awc] Amundsen started /task.
2025-12-24 13:17:36 INFO    [awc] Amundsen finished.
2025-12-24 13:18:15 INFO    [awc] Amundsen started /task.
2025-12-24 13:18:15 INFO    [awc] Amundsen finished.
2025-12-24 13:18:28 INFO    [awc] Amundsen started /task.
2025-12-24 13:18:28 INFO    [awc] Amundsen finished.
2025-12-24 13:39:29 INFO    [awc] Amundsen started /task.
2025-12-24 13:39:30 INFO    [awc] Amundsen finished.
2025-12-24 13:39:31 INFO    [awc] Amundsen started /task.
2025-12-24 13:39:32 INFO    [awc] Amundsen finished.
2025-12-25 09:39:28 INFO    [awc] Amundsen started /task.
2025-12-25 09:39:28 INFO    [awc] Amundsen finished.
2025-12-25 09:39:32 INFO    [awc] Amundsen started /task.
2025-12-25 09:39:32 INFO    [awc] Amundsen finished.
2025-12-25 09:40:20 INFO    [awc] Amundsen started /task.
2025-12-25 09:40:20 INFO    [awc] Amundsen finished.
2025-12-25 09:40:21 INFO    [awc] Amundsen started /task.
2025-12-25 09:40:21 INFO    [awc] Amundsen finished.
2025-12-26 22:48:24 INFO    [awc] Amundsen started /task.
2025-12-26 22:48:24 INFO    [awc] Amundsen finished.
2025-12-26 22:48:27 INFO    [awc] Amundsen started /task.
2025-12-26 22:48:27 INFO    [awc] Amundsen finished.
2025-12-26 22:48:37 INFO    [awc] Amundsen started /task.
2025-12-26 22:48:37 INFO    [awc] Amundsen finished.
2025-12-26 22:48:38 INFO    [awc] Amundsen started /task.
2025-12-26 22:48:38 INFO    [awc] Amundsen finished.
2025-12-26 22:48:41 INFO    [awc] Amundsen started /task.
2025-12-26 22:48:41 INFO    [awc] Amundsen finished.
2025-12-28 20:27:25 INFO    [awc] Amundsen started /task.
2025-12-28 20:27:26 INFO    [awc] Amundsen finished.
2025-12-28 20:27:28 INFO    [awc] Amundsen started /task.
2025-12-28 20:27:28 INFO    [awc] Amundsen finished.
2025-12-28 20:28:25 INFO    [awc] Amundsen started /task.
2025-12-28 20:28:25 INFO    [awc] Amundsen finished.
2025-12-28 20:28:27 INFO    [awc] Amundsen started /task.
2025-12-28 20:28:27 INFO    [awc] Amundsen finished.
2025-12-28 21:12:16 INFO    [awc] Amundsen started /task.
2025-12-28 21:12:17 INFO    [awc] Amundsen finished.
2025-12-28 21:12:18 INFO    [awc] Amundsen started /task.
2025-12-28 21:12:19 INFO    [awc] Amundsen finished.
2025-12-29 10:28:52 INFO    [awc] Amundsen started /task.
2025-12-29 10:37:41 INFO    [awc] Amundsen started /task.
2025-12-29 10:37:44 INFO    [awc] Amundsen finished.
2025-12-29 10:38:14 INFO    [awc] Amundsen started /task.
2025-12-29 10:38:16 INFO    [awc] Amundsen finished.
2025-12-29 10:38:18 INFO    [awc] Amundsen started /task.
2025-12-29 10:38:19 INFO    [awc] Amundsen finished.
2025-12-29 15:15:09 INFO    [awc] Amundsen started /task.
2025-12-29 15:15:12 INFO    [awc] Amundsen started /task.
2025-12-29 15:15:17 INFO    [awc] Amundsen started /task.
2025-12-29 15:18:48 INFO    [awc] Amundsen started /task.
2025-12-29 15:18:52 INFO    [awc] Amundsen started /task.
2025-12-29 15:41:06 INFO    [awc] Amundsen started /task.
2025-12-29 15:41:07 INFO    [awc] Amundsen finished.
2025-12-29 15:41:11 INFO    [awc] Amundsen started /task.
2025-12-29 15:41:11 INFO    [awc] Amundsen finished.
2025-12-29 15:42:41 INFO    [awc] Amundsen started /task.
2025-12-29 15:42:41 INFO    [awc] Amundsen finished.
2025-12-29 15:43:35 INFO    [awc] Amundsen started /task.
2025-12-29 15:43:36 INFO    [awc] Amundsen finished.
2025-12-29 15:43:38 INFO    [awc] Amundsen started /task.
2025-12-29 15:43:39 INFO    [awc] Amundsen finished.
2025-12-29 16:31:19 INFO    [awc] Amundsen started /task.
2025-12-29 16:31:20 INFO    [awc] Amundsen finished.
2025-12-29 16:31:24 INFO    [awc] Amundsen started /task.
2025-12-29 16:31:24 INFO    [awc] Amundsen finished.
2025-12-29 18:14:11 INFO    [awc] Amundsen started /task.
2025-12-29 18:19:25 INFO    [awc] Amundsen started /task.
2025-12-29 18:25:01 INFO    [awc] Amundsen started /task.
2025-12-29 18:25:02 INFO    [awc] Amundsen finished.
2025-12-29 18:25:04 INFO    [awc] Amundsen started /task.
2025-12-29 18:25:05 INFO    [awc] Amundsen finished.
2025-12-29 20:51:58 INFO    [awc] Amundsen started /task.
2025-12-29 20:51:59 INFO    [awc] Amundsen finished.
2025-12-29 20:52:41 INFO    [awc] Amundsen started /task.
2025-12-29 20:52:41 INFO    [awc] Amundsen finished.
2025-12-29 20:52:43 INFO    [awc] Amundsen started /task.
2025-12-29 20:52:43 INFO    [awc] Amundsen finished.
2025-12-29 21:02:17 INFO    [awc] Amundsen started /task.
2025-12-29 21:02:17 INFO    [awc] Amundsen finished.
2025-12-29 21:02:22 INFO    [awc] Amundsen started /task.
2025-12-29 21:02:22 INFO    [awc] Amundsen finished.
2025-12-29 22:30:29 INFO    [awc] Amundsen started /task.
2025-12-29 22:30:30 INFO    [awc] Amundsen finished.
2025-12-29 23:00:08 INFO    [awc] Amundsen started /task.
2025-12-29 23:00:08 INFO    [awc] Amundsen finished.
2025-12-30 14:38:25 INFO    [awc] Amundsen started /task.
2025-12-30 14:38:26 INFO    [awc] Amundsen finished.
2025-12-30 14:38:29 INFO    [awc] Amundsen started /task.
2025-12-30 14:38:29 INFO    [awc] Amundsen finished.
2025-12-30 14:46:53 INFO    [awc] Amundsen started /task.
2025-12-30 14:46:54 INFO    [awc] Amundsen finished.
2025-12-30 14:47:07 INFO    [awc] Amundsen started /task.
2025-12-30 14:47:07 INFO    [awc] Amundsen finished.
2025-12-30 14:47:25 INFO    [awc] Amundsen started /task.
2025-12-30 14:47:25 INFO    [awc] Amundsen finished.
2025-12-30 18:25:43 INFO    [awc] Amundsen started /task.
2025-12-30 18:25:43 INFO    [awc] Amundsen finished.
2025-12-30 18:25:46 INFO    [awc] Amundsen started /task.
2025-12-30 18:25:46 INFO    [awc] Amundsen finished.
2025-12-30 18:25:49 INFO    [awc] Amundsen started /task.
2025-12-30 18:25:50 INFO    [awc] Amundsen finished.
2025-12-30 18:25:56 INFO    [awc] Amundsen started /task.
2025-12-30 18:25:57 INFO    [awc] Amundsen finished.
2025-12-30 21:11:46 INFO    [awc] Amundsen started /task.
2025-12-30 21:11:47 INFO    [awc] Amundsen finished.
2025-12-30 21:11:49 INFO    [awc] Amundsen started /task.
2025-12-30 21:11:50 INFO    [awc] Amundsen finished.
2026-01-02 13:51:21 INFO    [awc] Amundsen started /task.
2026-01-02 13:51:22 INFO    [awc] Amundsen finished.
2026-01-02 13:51:24 INFO    [awc] Amundsen started /task.
2026-01-02 13:51:24 INFO    [awc] Amundsen finished.
2026-01-02 13:53:34 INFO    [awc] Amundsen started /task.
2026-01-02 13:53:34 INFO    [awc] Amundsen finished.
2026-01-02 13:53:36 INFO    [awc] Amundsen started /task.
2026-01-02 13:53:36 INFO    [awc] Amundsen finished.
2026-01-02 17:08:25 INFO    [awc] Amundsen started /task.
2026-01-02 17:08:26 INFO    [awc] Time interval elapsed.
2026-01-02 17:08:26 INFO    [awc] Device profile read.
2026-01-02 17:08:26 INFO    [awc] Downloading AmundsHusky.
2026-01-02 17:08:28 INFO    [awc] AmundsAPI flag=acer/251109
2026-01-02 17:08:28 INFO    [awc] Query configuration successful.
2026-01-02 17:08:28 INFO    [awc] Amundsen finished.
2026-01-02 17:08:38 INFO    [awc] Amundsen started /task.
2026-01-02 17:08:39 INFO    [awc] Amundsen finished.
2026-01-02 17:09:06 INFO    [awc] Amundsen started /task.
2026-01-02 17:09:06 INFO    [awc] Amundsen finished.
2026-01-02 20:21:39 INFO    [awc] Amundsen started /task.
2026-01-02 20:21:39 INFO    [awc] Amundsen finished.
2026-01-02 20:21:41 INFO    [awc] Amundsen started /task.
2026-01-02 20:21:41 INFO    [awc] Amundsen finished.
2026-01-02 20:21:46 INFO    [awc] Amundsen started /task.
2026-01-02 20:21:46 INFO    [awc] Amundsen finished.
2026-01-02 20:21:49 INFO    [awc] Amundsen started /task.
2026-01-02 20:21:49 INFO    [awc] Amundsen finished.
2026-01-03 12:56:01 INFO    [awc] Amundsen started /task.
2026-01-03 12:56:01 INFO    [awc] Amundsen finished.
2026-01-03 12:56:05 INFO    [awc] Amundsen started /task.
2026-01-03 12:56:05 INFO    [awc] Amundsen finished.
2026-01-03 12:56:06 INFO    [awc] Amundsen started /task.
2026-01-03 12:56:06 INFO    [awc] Amundsen finished.
2026-01-03 12:56:12 INFO    [awc] Amundsen started /task.
2026-01-03 12:56:13 INFO    [awc] Amundsen finished.
2026-01-03 12:56:18 INFO    [awc] Amundsen started /task.
2026-01-03 12:56:19 INFO    [awc] Amundsen finished.
2026-01-03 13:29:01 INFO    [awc] Amundsen started /task.
2026-01-03 13:29:02 INFO    [awc] Amundsen finished.
2026-01-03 13:43:31 INFO    [awc] Amundsen started /task.
2026-01-03 13:43:32 INFO    [awc] Amundsen finished.
2026-01-03 13:53:11 INFO    [awc] Amundsen started /task.
2026-01-03 13:53:11 INFO    [awc] Amundsen finished.
2026-01-03 13:55:08 INFO    [awc] Amundsen started /task.
2026-01-03 13:55:08 INFO    [awc] Amundsen finished.
2026-01-03 14:35:54 INFO    [awc] Amundsen started /task.
2026-01-03 14:35:54 INFO    [awc] Amundsen finished.
2026-01-03 15:28:20 INFO    [awc] Amundsen started /task.
2026-01-03 15:28:22 INFO    [awc] Amundsen finished.
2026-01-03 15:59:24 INFO    [awc] Amundsen started /task.
2026-01-03 15:59:25 INFO    [awc] Amundsen finished.
2026-01-03 15:59:31 INFO    [awc] Amundsen started /task.
2026-01-03 15:59:31 INFO    [awc] Amundsen finished.
2026-01-03 16:01:35 INFO    [awc] Amundsen started /task.
2026-01-03 16:01:35 INFO    [awc] Amundsen finished.
2026-01-03 19:57:16 INFO    [awc] Amundsen started /task.
2026-01-03 19:57:17 INFO    [awc] Amundsen finished.
2026-01-03 19:57:54 INFO    [awc] Amundsen started /task.
2026-01-03 19:57:54 INFO    [awc] Amundsen finished.
2026-01-03 19:57:55 INFO    [awc] Amundsen started /task.
2026-01-03 19:57:55 INFO    [awc] Amundsen finished.
2026-01-03 20:16:35 INFO    [awc] Amundsen started /task.
2026-01-03 20:16:36 INFO    [awc] Amundsen finished.
2026-01-03 20:16:39 INFO    [awc] Amundsen started /task.
2026-01-03 20:16:39 INFO    [awc] Amundsen finished.
2026-01-03 23:23:05 INFO    [awc] Amundsen started /task.
2026-01-03 23:23:06 INFO    [awc] Amundsen finished.
2026-01-03 23:23:13 INFO    [awc] Amundsen started /task.
2026-01-03 23:23:13 INFO    [awc] Amundsen finished.
2026-01-03 23:25:16 INFO    [awc] Amundsen started /task.
2026-01-03 23:25:17 INFO    [awc] Amundsen finished.
2026-01-04 15:30:33 INFO    [awc] Amundsen started /task.
2026-01-04 15:30:33 INFO    [awc] Amundsen finished.
2026-01-04 15:31:57 INFO    [awc] Amundsen started /task.
2026-01-04 15:31:58 INFO    [awc] Amundsen finished.
2026-01-05 03:42:14 INFO    [awc] Amundsen started /task.
2026-01-05 03:42:15 INFO    [awc] Amundsen finished.
2026-01-05 15:24:19 INFO    [awc] Amundsen started /task.
2026-01-05 15:24:20 INFO    [awc] Amundsen finished.
2026-01-05 15:24:22 INFO    [awc] Amundsen started /task.
2026-01-05 15:24:22 INFO    [awc] Amundsen finished.
2026-01-05 17:21:32 INFO    [awc] Amundsen started /task.
2026-01-05 17:21:32 INFO    [awc] Amundsen finished.
2026-01-06 00:52:37 INFO    [awc] Amundsen started /task.
2026-01-06 00:52:38 INFO    [awc] Amundsen finished.
2026-01-06 00:52:44 INFO    [awc] Amundsen started /task.
2026-01-06 00:52:45 INFO    [awc] Amundsen finished.
2026-01-06 00:54:48 INFO    [awc] Amundsen started /task.
2026-01-06 00:54:48 INFO    [awc] Amundsen finished.
2026-01-06 06:44:36 INFO    [awc] Amundsen started /task.
2026-01-06 06:44:37 INFO    [awc] Amundsen finished.
2026-01-06 06:45:09 INFO    [awc] Amundsen started /task.
2026-01-06 06:45:10 INFO    [awc] Amundsen finished.
2026-01-06 15:20:25 INFO    [awc] Amundsen started /task.
2026-01-06 15:20:26 INFO    [awc] Amundsen finished.
2026-01-06 19:04:19 INFO    [awc] Amundsen started /task.
2026-01-06 19:04:20 INFO    [awc] Amundsen finished.
2026-01-06 19:04:23 INFO    [awc] Amundsen started /task.
2026-01-06 19:04:23 INFO    [awc] Amundsen finished.
2026-01-06 20:26:27 INFO    [awc] Amundsen started /task.
2026-01-06 20:26:28 INFO    [awc] Amundsen finished.
2026-01-06 20:31:51 INFO    [awc] Amundsen started /task.
2026-01-06 20:31:51 INFO    [awc] Amundsen finished.
2026-01-06 21:46:29 INFO    [awc] Amundsen started /task.
2026-01-06 21:46:30 INFO    [awc] Amundsen finished.
2026-01-06 23:42:35 INFO    [awc] Amundsen started /task.
2026-01-06 23:42:36 INFO    [awc] Amundsen finished.
2026-01-06 23:42:45 INFO    [awc] Amundsen started /task.
2026-01-06 23:42:46 INFO    [awc] Amundsen finished.
2026-01-06 23:42:56 INFO    [awc] Amundsen started /task.
2026-01-06 23:42:56 INFO    [awc] Amundsen finished.
2026-01-07 11:05:15 INFO    [awc] Amundsen started /task.
2026-01-07 13:04:20 INFO    [awc] Amundsen started /task.
2026-01-07 13:04:21 INFO    [awc] Amundsen finished.
2026-01-07 18:43:15 INFO    [awc] Amundsen started /task.
2026-01-07 18:43:17 INFO    [awc] Amundsen finished.
2026-01-07 18:43:28 INFO    [awc] Amundsen started /task.
2026-01-07 18:43:28 INFO    [awc] Amundsen finished.
2026-01-07 18:53:01 INFO    [awc] Amundsen started /task.
2026-01-07 18:53:02 INFO    [awc] Amundsen finished.
2026-01-07 19:29:47 INFO    [awc] Amundsen started /task.
2026-01-07 19:29:48 INFO    [awc] Amundsen finished.
2026-01-07 19:58:51 INFO    [awc] Amundsen started /task.
2026-01-07 19:58:52 INFO    [awc] Amundsen finished.
2026-01-07 19:58:56 INFO    [awc] Amundsen started /task.
2026-01-07 19:58:56 INFO    [awc] Amundsen finished.
2026-01-07 20:01:00 INFO    [awc] Amundsen started /task.
2026-01-07 20:01:00 INFO    [awc] Amundsen finished.
2026-01-07 20:29:42 INFO    [awc] Amundsen started /task.
2026-01-07 20:29:43 INFO    [awc] Amundsen finished.
2026-01-07 20:30:29 INFO    [awc] Amundsen started /task.
2026-01-07 20:30:30 INFO    [awc] Amundsen finished.
2026-01-07 20:32:50 INFO    [awc] Amundsen started /task.
2026-01-07 20:32:50 INFO    [awc] Amundsen finished.
2026-01-07 20:36:19 INFO    [awc] Amundsen started /task.
2026-01-07 20:36:19 INFO    [awc] Amundsen finished.
2026-01-07 20:39:54 INFO    [awc] Amundsen started /task.
2026-01-07 20:39:55 INFO    [awc] Amundsen finished.
2026-01-07 20:43:27 INFO    [awc] Amundsen started /task.
2026-01-07 20:43:28 INFO    [awc] Amundsen finished.
2026-01-07 20:47:09 INFO    [awc] Amundsen started /task.
2026-01-07 20:47:09 INFO    [awc] Amundsen finished.
2026-01-07 20:54:37 INFO    [awc] Amundsen started /task.
2026-01-07 20:54:37 INFO    [awc] Amundsen finished.
2026-01-07 20:59:55 INFO    [awc] Amundsen started /task.
2026-01-07 20:59:55 INFO    [awc] Amundsen finished.
2026-01-07 21:49:12 INFO    [awc] Amundsen started /task.
2026-01-07 21:49:13 INFO    [awc] Amundsen finished.
2026-01-07 21:59:29 INFO    [awc] Amundsen started /task.
2026-01-07 21:59:29 INFO    [awc] Amundsen finished.
2026-01-08 19:12:30 INFO    [awc] Amundsen started /task.
2026-01-08 19:53:05 INFO    [awc] Amundsen started /task.
2026-01-08 21:28:58 INFO    [awc] Amundsen started /task.
2026-01-08 21:28:59 INFO    [awc] Amundsen finished.
2026-01-08 21:29:04 INFO    [awc] Amundsen started /task.
2026-01-08 21:29:05 INFO    [awc] Amundsen finished.
2026-01-09 00:52:18 INFO    [awc] Amundsen started /task.
2026-01-09 00:52:19 INFO    [awc] Amundsen finished.
2026-01-09 12:58:04 INFO    [awc] Amundsen started /task.
2026-01-09 12:58:05 INFO    [awc] Amundsen finished.
2026-01-09 12:58:16 INFO    [awc] Amundsen started /task.
2026-01-09 12:58:17 INFO    [awc] Amundsen finished.
2026-01-09 17:50:26 INFO    [awc] Amundsen started /task.
2026-01-09 17:50:27 INFO    [awc] Amundsen finished.
2026-01-09 17:50:32 INFO    [awc] Amundsen started /task.
2026-01-09 17:50:32 INFO    [awc] Amundsen finished.
2026-01-09 21:23:18 INFO    [awc] Amundsen started /task.
2026-01-09 21:23:19 INFO    [awc] Amundsen finished.
2026-01-10 10:36:29 INFO    [awc] Amundsen started /task.
2026-01-10 10:36:30 INFO    [awc] Amundsen finished.
2026-01-10 10:37:25 INFO    [awc] Amundsen started /task.
2026-01-10 10:37:26 INFO    [awc] Amundsen finished.
2026-01-10 10:37:28 INFO    [awc] Amundsen started /task.
2026-01-10 10:37:29 INFO    [awc] Amundsen finished.
2026-01-10 13:08:30 INFO    [awc] Amundsen started /task.
2026-01-10 13:08:31 INFO    [awc] Amundsen finished.
2026-01-10 21:07:32 INFO    [awc] Amundsen started /task.
2026-01-10 21:07:33 INFO    [awc] Amundsen finished.
2026-01-10 21:07:45 INFO    [awc] Amundsen started /task.
2026-01-10 21:07:45 INFO    [awc] Amundsen finished.
2026-01-11 15:02:46 INFO    [awc] Amundsen started /task.
2026-01-11 15:02:47 INFO    [awc] Amundsen finished.
2026-01-11 15:34:23 INFO    [awc] Amundsen started /task.
2026-01-11 15:34:24 INFO    [awc] Amundsen finished.
2026-01-11 16:06:32 INFO    [awc] Amundsen started /task.
2026-01-11 16:06:33 INFO    [awc] Amundsen finished.
2026-01-11 19:06:28 INFO    [awc] Amundsen started /task.
2026-01-11 19:06:29 INFO    [awc] Amundsen finished.
2026-01-11 19:06:30 INFO    [awc] Amundsen started /task.
2026-01-11 19:06:31 INFO    [awc] Amundsen finished.
2026-01-11 19:08:37 INFO    [awc] Amundsen started /task.
2026-01-11 19:08:38 INFO    [awc] Amundsen finished.
2026-01-11 19:10:36 INFO    [awc] Amundsen started /task.
2026-01-11 19:10:37 INFO    [awc] Amundsen finished.
2026-01-11 19:16:14 INFO    [awc] Amundsen started /task.
2026-01-11 19:16:15 INFO    [awc] Amundsen finished.
2026-01-11 19:22:07 INFO    [awc] Amundsen started /task.
2026-01-11 19:22:08 INFO    [awc] Amundsen finished.
2026-01-11 19:23:23 INFO    [awc] Amundsen started /task.
2026-01-11 19:23:23 INFO    [awc] Amundsen finished.
2026-01-11 19:26:35 INFO    [awc] Amundsen started /task.
2026-01-11 19:26:36 INFO    [awc] Amundsen finished.
2026-01-11 20:37:57 INFO    [awc] Amundsen started /task.
2026-01-11 20:37:58 INFO    [awc] Amundsen finished.
2026-01-12 14:37:12 INFO    [awc] Amundsen started /task.
2026-01-12 14:37:12 INFO    [awc] Amundsen finished.
2026-01-12 14:38:14 INFO    [awc] Amundsen started /task.
2026-01-12 14:38:14 INFO    [awc] Amundsen finished.
2026-01-12 14:38:15 INFO    [awc] Amundsen started /task.
2026-01-12 14:38:15 INFO    [awc] Amundsen finished.
2026-01-12 14:38:20 INFO    [awc] Amundsen started /task.
2026-01-12 14:38:21 INFO    [awc] Amundsen finished.
2026-01-12 19:00:33 INFO    [awc] Amundsen started /task.
2026-01-12 19:00:34 INFO    [awc] Time interval elapsed.
2026-01-12 19:00:34 INFO    [awc] Device profile read.
2026-01-12 19:00:34 INFO    [awc] Downloading AmundsHusky.
2026-01-12 19:00:36 INFO    [awc] AmundsAPI flag=acer/251109
2026-01-12 19:00:36 INFO    [awc] Query configuration successful.
2026-01-12 19:00:36 INFO    [awc] Amundsen finished.
2026-01-12 19:00:50 INFO    [awc] Amundsen started /task.
2026-01-12 19:00:50 INFO    [awc] Amundsen finished.
2026-01-13 13:31:29 INFO    [awc] Amundsen started /task.
2026-01-13 13:31:30 INFO    [awc] Amundsen finished.
2026-01-13 13:31:31 INFO    [awc] Amundsen started /task.
2026-01-13 13:31:31 INFO    [awc] Amundsen finished.
2026-01-13 15:33:40 INFO    [awc] Amundsen started /task.
2026-01-13 15:33:40 INFO    [awc] Amundsen finished.
2026-01-13 16:36:40 INFO    [awc] Amundsen started /task.
2026-01-13 16:36:41 INFO    [awc] Amundsen finished.
2026-01-13 18:56:33 INFO    [awc] Amundsen started /task.
2026-01-13 18:56:33 INFO    [awc] Amundsen finished.
2026-01-13 18:56:39 INFO    [awc] Amundsen started /task.
2026-01-13 18:56:40 INFO    [awc] Amundsen finished.
2026-01-14 12:52:50 INFO    [awc] Amundsen started /task.
2026-01-14 12:52:51 INFO    [awc] Amundsen finished.
2026-01-14 12:52:58 INFO    [awc] Amundsen started /task.
2026-01-14 12:52:59 INFO    [awc] Amundsen finished.
2026-01-14 13:43:18 INFO    [awc] Amundsen started /task.
2026-01-14 13:43:19 INFO    [awc] Amundsen finished.
2026-01-14 18:53:39 INFO    [awc] Amundsen started /task.
2026-01-14 18:53:40 INFO    [awc] Amundsen finished.
2026-01-14 18:53:42 INFO    [awc] Amundsen started /task.
2026-01-14 18:53:43 INFO    [awc] Amundsen finished.
2026-01-14 18:53:48 INFO    [awc] Amundsen started /task.
2026-01-14 18:53:48 INFO    [awc] Amundsen finished.
2026-01-14 22:35:41 INFO    [awc] Amundsen started /task.
2026-01-14 22:35:42 INFO    [awc] Amundsen finished.
2026-01-15 12:23:24 INFO    [awc] Amundsen started /task.
2026-01-15 12:23:25 INFO    [awc] Amundsen finished.
2026-01-15 12:23:32 INFO    [awc] Amundsen started /task.
2026-01-15 12:23:44 INFO    [awc] Amundsen finished.
2026-01-15 15:02:14 INFO    [awc] Amundsen started /task.
2026-01-15 15:02:52 INFO    [awc] Amundsen finished.
2026-01-15 18:50:52 INFO    [awc] Amundsen started /task.
2026-01-15 18:50:54 INFO    [awc] Amundsen finished.
2026-01-15 18:50:58 INFO    [awc] Amundsen started /task.
2026-01-15 18:50:59 INFO    [awc] Amundsen finished.
2026-01-15 23:03:49 INFO    [awc] Amundsen started /task.
2026-01-15 23:03:50 INFO    [awc] Amundsen finished.
2026-01-15 23:03:59 INFO    [awc] Amundsen started /task.
2026-01-15 23:03:59 INFO    [awc] Amundsen finished.
2026-01-15 23:04:08 INFO    [awc] Amundsen started /task.
2026-01-15 23:04:08 INFO    [awc] Amundsen finished.
2026-01-15 23:04:09 INFO    [awc] Amundsen started /task.
2026-01-15 23:04:09 INFO    [awc] Amundsen finished.
2026-01-15 23:08:42 INFO    [awc] Amundsen started /task.
2026-01-15 23:08:43 INFO    [awc] Amundsen finished.
2026-01-16 08:55:14 INFO    [awc] Amundsen started /task.
2026-01-16 08:55:14 INFO    [awc] Amundsen finished.
2026-01-16 08:55:17 INFO    [awc] Amundsen started /task.
2026-01-16 08:55:18 INFO    [awc] Amundsen finished.
2026-01-16 08:55:26 INFO    [awc] Amundsen started /task.
2026-01-16 08:55:27 INFO    [awc] Amundsen finished.
2026-01-16 08:55:30 INFO    [awc] Amundsen started /task.
2026-01-16 08:55:31 INFO    [awc] Amundsen finished.
2026-01-16 08:55:56 INFO    [awc] Amundsen started /task.
2026-01-16 08:55:57 INFO    [awc] Amundsen finished.
2026-01-16 09:25:19 INFO    [awc] Amundsen started /task.
2026-01-16 09:25:19 INFO    [awc] Amundsen finished.
2026-01-16 09:25:20 INFO    [awc] Amundsen started /task.
2026-01-16 09:25:20 INFO    [awc] Amundsen finished.
2026-01-16 09:25:22 INFO    [awc] Amundsen started /task.
2026-01-16 09:25:22 INFO    [awc] Amundsen finished.
2026-01-16 09:25:26 INFO    [awc] Amundsen started /task.
2026-01-16 09:25:26 INFO    [awc] Amundsen finished.
2026-01-16 10:20:12 INFO    [awc] Amundsen started /task.
2026-01-16 10:20:13 INFO    [awc] Amundsen finished.
2026-01-16 10:24:23 INFO    [awc] Amundsen started /task.
2026-01-16 10:24:24 INFO    [awc] Amundsen finished.
2026-01-16 10:33:11 INFO    [awc] Amundsen started /task.
2026-01-16 10:33:12 INFO    [awc] Amundsen finished.
2026-01-16 10:36:36 INFO    [awc] Amundsen started /task.
2026-01-16 10:36:36 INFO    [awc] Amundsen finished.
2026-01-16 11:56:08 INFO    [awc] Amundsen started /task.
2026-01-16 11:56:09 INFO    [awc] Amundsen finished.
2026-01-16 11:59:40 INFO    [awc] Amundsen started /task.
2026-01-16 11:59:41 INFO    [awc] Amundsen finished.
2026-01-16 11:59:48 INFO    [awc] Amundsen started /task.
2026-01-16 11:59:48 INFO    [awc] Amundsen finished.
2026-01-16 11:59:49 INFO    [awc] Amundsen started /task.
2026-01-16 11:59:49 INFO    [awc] Amundsen finished.
2026-01-16 12:01:50 INFO    [awc] Amundsen started /task.
2026-01-16 12:01:50 INFO    [awc] Amundsen finished.
2026-01-16 14:40:03 INFO    [awc] Amundsen started /task.
2026-01-16 14:40:04 INFO    [awc] Amundsen finished.
2026-01-16 14:40:09 INFO    [awc] Amundsen started /task.
2026-01-16 14:40:09 INFO    [awc] Amundsen finished.
2026-01-16 21:16:10 INFO    [awc] Amundsen started /task.
2026-01-16 21:16:11 INFO    [awc] Amundsen finished.
2026-01-16 21:16:15 INFO    [awc] Amundsen started /task.
2026-01-16 21:16:15 INFO    [awc] Amundsen finished.
2026-01-16 23:05:26 INFO    [awc] Amundsen started /task.
2026-01-16 23:05:27 INFO    [awc] Amundsen finished.
2026-01-16 23:07:33 INFO    [awc] Amundsen started /task.
2026-01-16 23:07:33 INFO    [awc] Amundsen finished.
2026-01-16 23:07:36 INFO    [awc] Amundsen started /task.
2026-01-16 23:07:36 INFO    [awc] Amundsen finished.
2026-01-16 23:09:40 INFO    [awc] Amundsen started /task.
2026-01-16 23:09:40 INFO    [awc] Amundsen finished.
2026-01-16 23:25:16 INFO    [awc] Amundsen started /task.
2026-01-16 23:25:16 INFO    [awc] Amundsen finished.
2026-01-16 23:25:21 INFO    [awc] Amundsen started /task.
2026-01-16 23:25:22 INFO    [awc] Amundsen finished.
2026-01-17 08:34:49 INFO    [awc] Amundsen started /task.
2026-01-17 08:45:40 INFO    [awc] Amundsen started /task.
2026-01-17 08:45:41 INFO    [awc] Amundsen finished.
2026-01-17 08:45:45 INFO    [awc] Amundsen started /task.
2026-01-17 08:45:45 INFO    [awc] Amundsen finished.
2026-01-17 09:16:46 INFO    [awc] Amundsen started /task.
2026-01-17 09:16:46 INFO    [awc] Amundsen finished.
2026-01-17 12:18:53 INFO    [awc] Amundsen started /task.
2026-01-17 12:18:56 INFO    [awc] Amundsen finished.
2026-01-17 12:19:03 INFO    [awc] Amundsen started /task.
2026-01-17 12:19:04 INFO    [awc] Amundsen finished.
2026-01-17 12:19:33 INFO    [awc] Amundsen started /task.
2026-01-17 12:19:36 INFO    [awc] Amundsen finished.
2026-01-17 12:22:19 INFO    [awc] Amundsen started /task.
2026-01-17 12:22:21 INFO    [awc] Amundsen finished.
2026-01-17 18:41:29 INFO    [awc] Amundsen started /task.
2026-01-17 18:41:30 INFO    [awc] Amundsen finished.
2026-01-18 15:14:26 INFO    [awc] Amundsen started /task.
2026-01-18 15:14:28 INFO    [awc] Amundsen finished.
2026-01-18 15:15:19 INFO    [awc] Amundsen started /task.
2026-01-18 15:15:20 INFO    [awc] Amundsen finished.
2026-01-18 19:01:44 INFO    [awc] Amundsen started /task.
2026-01-18 19:01:45 INFO    [awc] Amundsen finished.
2026-01-18 19:01:48 INFO    [awc] Amundsen started /task.
2026-01-18 19:01:49 INFO    [awc] Amundsen finished.
2026-01-18 19:01:51 INFO    [awc] Amundsen started /task.
2026-01-18 19:01:51 INFO    [awc] Amundsen finished.
2026-01-18 19:01:52 INFO    [awc] Amundsen started /task.
2026-01-18 19:01:52 INFO    [awc] Amundsen finished.
2026-01-18 19:01:55 INFO    [awc] Amundsen started /task.
2026-01-18 19:01:55 INFO    [awc] Amundsen finished.
2026-01-18 19:48:58 INFO    [awc] Amundsen started /task.
2026-01-18 19:48:58 INFO    [awc] Amundsen finished.
2026-01-18 19:49:05 INFO    [awc] Amundsen started /task.
2026-01-18 19:49:05 INFO    [awc] Amundsen finished.
2026-01-18 19:58:51 INFO    [awc] Amundsen started /task.
2026-01-18 19:58:52 INFO    [awc] Amundsen finished.
2026-01-19 00:14:27 INFO    [awc] Amundsen started /task.
2026-01-19 00:14:28 INFO    [awc] Amundsen finished.
2026-01-19 00:14:35 INFO    [awc] Amundsen started /task.
2026-01-19 00:14:35 INFO    [awc] Amundsen finished.
2026-01-19 00:16:14 INFO    [awc] Amundsen started /task.
2026-01-19 00:16:14 INFO    [awc] Amundsen finished.
2026-01-19 00:16:39 INFO    [awc] Amundsen started /task.
2026-01-19 00:16:39 INFO    [awc] Amundsen finished.
2026-01-19 00:20:59 INFO    [awc] Amundsen started /task.
2026-01-19 00:21:00 INFO    [awc] Amundsen finished.
2026-01-19 00:21:11 INFO    [awc] Amundsen started /task.
2026-01-19 00:21:14 INFO    [awc] Amundsen finished.
2026-01-19 00:23:11 INFO    [awc] Amundsen started /task.
2026-01-19 00:23:12 INFO    [awc] Amundsen finished.
2026-01-19 00:25:05 INFO    [awc] Amundsen started /task.
2026-01-19 00:25:06 INFO    [awc] Amundsen finished.
2026-01-19 00:28:43 INFO    [awc] Amundsen started /task.
2026-01-19 00:28:43 INFO    [awc] Amundsen finished.
2026-01-19 00:28:51 INFO    [awc] Amundsen started /task.
2026-01-19 00:28:51 INFO    [awc] Amundsen finished.
2026-01-19 00:30:55 INFO    [awc] Amundsen started /task.
2026-01-19 00:30:55 INFO    [awc] Amundsen finished.
2026-01-19 00:35:33 INFO    [awc] Amundsen started /task.
2026-01-19 00:35:34 INFO    [awc] Amundsen finished.
2026-01-19 00:35:42 INFO    [awc] Amundsen started /task.
2026-01-19 00:35:42 INFO    [awc] Amundsen finished.
2026-01-19 00:37:46 INFO    [awc] Amundsen started /task.
2026-01-19 00:37:46 INFO    [awc] Amundsen finished.
2026-01-19 01:23:36 INFO    [awc] Amundsen started /task.
2026-01-19 01:23:37 INFO    [awc] Amundsen finished.
2026-01-19 01:23:42 INFO    [awc] Amundsen started /task.
2026-01-19 01:23:43 INFO    [awc] Amundsen finished.
2026-01-19 01:25:46 INFO    [awc] Amundsen started /task.
2026-01-19 01:25:46 INFO    [awc] Amundsen finished.
2026-01-19 15:11:53 INFO    [awc] Amundsen started /task.
2026-01-19 15:11:54 INFO    [awc] Amundsen finished.
2026-01-19 15:12:02 INFO    [awc] Amundsen started /task.
2026-01-19 15:12:02 INFO    [awc] Amundsen finished.
2026-01-19 15:50:28 INFO    [awc] Amundsen started /task.
2026-01-19 15:50:29 INFO    [awc] Amundsen finished.
2026-01-19 15:50:37 INFO    [awc] Amundsen started /task.
2026-01-19 15:50:37 INFO    [awc] Amundsen finished.
2026-01-19 15:52:41 INFO    [awc] Amundsen started /task.
2026-01-19 15:52:42 INFO    [awc] Amundsen finished.
2026-01-19 19:27:38 INFO    [awc] Amundsen started /task.
2026-01-19 19:27:39 INFO    [awc] Amundsen finished.
2026-01-19 19:27:44 INFO    [awc] Amundsen started /task.
2026-01-19 19:27:44 INFO    [awc] Amundsen finished.
2026-01-21 13:25:49 INFO    [awc] Amundsen started /task.
2026-01-21 13:25:51 INFO    [awc] Amundsen finished.
2026-01-21 13:26:05 INFO    [awc] Amundsen started /task.
2026-01-21 13:26:06 INFO    [awc] Amundsen finished.
2026-01-21 13:43:31 INFO    [awc] Amundsen started /task.
2026-01-21 13:43:32 INFO    [awc] Amundsen finished.
2026-01-21 14:52:51 INFO    [awc] Amundsen started /task.
2026-01-21 14:52:55 INFO    [awc] Amundsen finished.
2026-01-21 19:43:31 INFO    [awc] Amundsen started /task.
2026-01-21 19:43:32 INFO    [awc] Amundsen finished.
2026-01-21 19:43:34 INFO    [awc] Amundsen started /task.
2026-01-21 19:43:35 INFO    [awc] Amundsen finished.
2026-01-22 13:15:19 INFO    [awc] Amundsen started /task.
2026-01-22 13:15:22 INFO    [awc] Amundsen finished.
2026-01-22 21:22:34 INFO    [awc] Amundsen started /task.
2026-01-22 21:22:34 INFO    [awc] Time interval elapsed.
2026-01-22 21:22:35 INFO    [awc] Device profile read.
2026-01-22 21:22:35 INFO    [awc] Downloading AmundsHusky.
2026-01-22 21:22:36 INFO    [awc] AmundsAPI flag=acer/260122
2026-01-22 21:22:36 INFO    [awc] Query configuration successful.
2026-01-22 21:22:36 INFO    [awc] Amundsen finished.
2026-01-22 21:23:29 INFO    [awc] Amundsen started /task.
2026-01-22 21:23:30 INFO    [awc] Amundsen finished.
2026-01-23 09:16:49 INFO    [awc] Amundsen started /task.
2026-01-23 09:16:50 INFO    [awc] Amundsen finished.
2026-01-23 09:17:06 INFO    [awc] Amundsen started /task.
2026-01-23 09:17:07 INFO    [awc] Amundsen finished.
2026-01-23 14:01:19 INFO    [awc] Amundsen started /task.
2026-01-23 14:01:20 INFO    [awc] Amundsen finished.
2026-01-23 14:01:34 INFO    [awc] Amundsen started /task.
2026-01-23 14:01:34 INFO    [awc] Amundsen finished.
2026-01-23 14:01:35 INFO    [awc] Amundsen started /task.
2026-01-23 14:01:35 INFO    [awc] Amundsen finished.
2026-01-23 19:23:05 INFO    [awc] Amundsen started /task.
2026-01-23 19:23:06 INFO    [awc] Amundsen finished.
2026-01-23 19:23:17 INFO    [awc] Amundsen started /task.
2026-01-23 19:23:18 INFO    [awc] Amundsen finished.
2026-01-24 11:18:15 INFO    [awc] Amundsen started /task.
2026-01-24 11:18:17 INFO    [awc] Amundsen finished.
2026-01-25 13:16:13 INFO    [awc] Amundsen started /task.
2026-01-25 13:16:15 INFO    [awc] Amundsen finished.
2026-01-25 18:06:59 INFO    [awc] Amundsen started /task.
2026-01-25 18:07:00 INFO    [awc] Amundsen finished.
2026-01-25 22:17:25 INFO    [awc] Amundsen started /task.
2026-01-25 22:17:26 INFO    [awc] Amundsen finished.
2026-01-25 22:17:39 INFO    [awc] Amundsen started /task.
2026-01-25 22:17:39 INFO    [awc] Amundsen finished.
2026-01-26 11:27:56 INFO    [awc] Amundsen started /task.
2026-01-26 11:27:57 INFO    [awc] Amundsen finished.
2026-01-26 13:16:38 INFO    [awc] Amundsen started /task.
2026-01-26 13:16:39 INFO    [awc] Amundsen finished.
2026-01-26 19:00:16 INFO    [awc] Amundsen started /task.
2026-01-26 19:00:17 INFO    [awc] Amundsen finished.
2026-01-26 19:00:22 INFO    [awc] Amundsen started /task.
2026-01-26 19:00:22 INFO    [awc] Amundsen finished.
2026-01-27 14:04:45 INFO    [awc] Amundsen started /task.
2026-01-27 14:04:47 INFO    [awc] Amundsen finished.
2026-01-27 19:25:45 INFO    [awc] Amundsen started /task.
2026-01-27 19:25:46 INFO    [awc] Amundsen finished.
2026-01-28 12:14:48 INFO    [awc] Amundsen started /task.
2026-01-28 12:14:49 INFO    [awc] Amundsen finished.
2026-01-28 12:15:28 INFO    [awc] Amundsen started /task.
2026-01-28 12:15:28 INFO    [awc] Amundsen finished.
2026-01-28 13:32:20 INFO    [awc] Amundsen started /task.
2026-01-28 13:32:21 INFO    [awc] Amundsen finished.
2026-01-28 14:37:29 INFO    [awc] Amundsen started /task.
2026-01-28 14:37:30 INFO    [awc] Amundsen finished.
2026-01-28 19:01:46 INFO    [awc] Amundsen started /task.
2026-01-28 19:01:47 INFO    [awc] Amundsen finished.
2026-01-28 19:01:59 INFO    [awc] Amundsen started /task.
2026-01-28 19:01:59 INFO    [awc] Amundsen finished.
2026-01-29 16:11:59 INFO    [awc] Amundsen started /task.
2026-01-29 16:12:00 INFO    [awc] Amundsen finished.
2026-01-29 16:12:02 INFO    [awc] Amundsen started /task.
2026-01-29 16:12:02 INFO    [awc] Amundsen finished.
2026-01-29 19:51:42 INFO    [awc] Amundsen started /task.
2026-01-29 19:51:43 INFO    [awc] Amundsen finished.
2026-01-29 19:51:44 INFO    [awc] Amundsen started /task.
2026-01-29 19:51:44 INFO    [awc] Amundsen finished.
2026-01-30 09:08:28 INFO    [awc] Amundsen started /task.
2026-01-30 09:08:39 INFO    [awc] Amundsen finished.
2026-01-30 09:12:10 INFO    [awc] Amundsen started /task.
2026-01-30 09:12:11 INFO    [awc] Amundsen finished.
2026-01-30 09:12:13 INFO    [awc] Amundsen started /task.
2026-01-30 09:12:13 INFO    [awc] Amundsen finished.
2026-01-30 09:12:20 INFO    [awc] Amundsen started /task.
2026-01-30 09:12:21 INFO    [awc] Amundsen finished.
2026-01-30 09:12:25 INFO    [awc] Amundsen started /task.
2026-01-30 09:12:25 INFO    [awc] Amundsen finished.
2026-01-30 12:26:19 INFO    [awc] Amundsen started /task.
2026-01-30 12:26:22 INFO    [awc] Amundsen started /task.
2026-01-30 17:31:57 INFO    [awc] Amundsen started /task.
2026-01-30 17:31:58 INFO    [awc] Amundsen finished.
2026-01-30 17:32:01 INFO    [awc] Amundsen started /task.
2026-01-30 17:32:02 INFO    [awc] Amundsen finished.
2026-01-30 17:32:05 INFO    [awc] Amundsen started /task.
2026-01-30 17:32:05 INFO    [awc] Amundsen finished.
2026-01-30 17:32:12 INFO    [awc] Amundsen started /task.
2026-01-30 17:32:12 INFO    [awc] Amundsen finished.
2026-01-31 12:36:48 INFO    [awc] Amundsen started /task.
2026-01-31 12:36:48 INFO    [awc] Amundsen finished.
2026-01-31 12:36:54 INFO    [awc] Amundsen started /task.
2026-01-31 12:36:54 INFO    [awc] Amundsen finished.
2026-01-31 12:37:12 INFO    [awc] Amundsen started /task.
2026-01-31 12:37:12 INFO    [awc] Amundsen finished.
2026-01-31 12:37:29 INFO    [awc] Amundsen started /task.
2026-01-31 12:37:30 INFO    [awc] Amundsen finished.
2026-01-31 15:29:11 INFO    [awc] Amundsen started /task.
2026-01-31 15:29:14 INFO    [awc] Amundsen finished.
2026-01-31 15:32:59 INFO    [awc] Amundsen started /task.
2026-01-31 15:32:59 INFO    [awc] Amundsen finished.
2026-01-31 15:33:03 INFO    [awc] Amundsen started /task.
2026-01-31 15:33:03 INFO    [awc] Amundsen finished.
2026-02-01 13:26:11 INFO    [awc] Amundsen started /task.
2026-02-01 13:26:12 INFO    [awc] Amundsen finished.
2026-02-01 13:26:15 INFO    [awc] Amundsen started /task.
2026-02-01 13:26:15 INFO    [awc] Amundsen finished.
2026-02-01 22:00:59 INFO    [awc] Amundsen started /task.
2026-02-01 22:00:59 INFO    [awc] Time interval elapsed.
2026-02-01 22:00:59 INFO    [awc] Device profile read.
2026-02-01 22:00:59 INFO    [awc] Downloading AmundsHusky.
2026-02-01 22:01:00 INFO    [awc] AmundsAPI flag=acer/260122
2026-02-01 22:01:00 INFO    [awc] Query configuration successful.
2026-02-01 22:01:00 INFO    [awc] Amundsen finished.
2026-02-01 22:01:02 INFO    [awc] Amundsen started /task.
2026-02-01 22:01:02 INFO    [awc] Amundsen finished.
2026-02-01 22:01:05 INFO    [awc] Amundsen started /task.
2026-02-01 22:01:15 INFO    [awc] Amundsen finished.
2026-02-01 22:01:17 INFO    [awc] Amundsen started /task.
2026-02-01 22:01:17 INFO    [awc] Amundsen finished.
2026-02-01 22:05:06 INFO    [awc] Amundsen started /task.
2026-02-01 22:05:06 INFO    [awc] Amundsen finished.
2026-02-01 22:05:11 INFO    [awc] Amundsen started /task.
2026-02-01 22:05:11 INFO    [awc] Amundsen finished.
2026-02-01 22:06:38 INFO    [awc] Amundsen started /task.
2026-02-01 22:06:38 INFO    [awc] Amundsen finished.
2026-02-01 22:06:39 INFO    [awc] Amundsen started /task.
2026-02-01 22:06:39 INFO    [awc] Amundsen finished.
2026-02-01 22:11:30 INFO    [awc] Amundsen started /task.
2026-02-01 22:11:30 INFO    [awc] Amundsen finished.
2026-02-01 22:16:25 INFO    [awc] Amundsen started /task.
2026-02-01 22:16:25 INFO    [awc] Amundsen finished.
2026-02-01 22:16:31 INFO    [awc] Amundsen started /task.
2026-02-01 22:16:31 INFO    [awc] Amundsen finished.
2026-02-02 15:56:59 INFO    [awc] Amundsen started /task.
2026-02-02 15:56:59 INFO    [awc] Amundsen finished.
2026-02-02 15:57:02 INFO    [awc] Amundsen started /task.
2026-02-02 15:57:02 INFO    [awc] Amundsen finished.
2026-02-02 15:57:42 INFO    [awc] Amundsen started /task.
2026-02-02 15:57:43 INFO    [awc] Amundsen finished.
2026-02-02 15:57:45 INFO    [awc] Amundsen started /task.
2026-02-02 15:57:45 INFO    [awc] Amundsen finished.
2026-02-02 18:59:14 INFO    [awc] Amundsen started /task.
2026-02-02 18:59:15 INFO    [awc] Amundsen finished.
2026-02-02 18:59:17 INFO    [awc] Amundsen started /task.
2026-02-02 18:59:17 INFO    [awc] Amundsen finished.
2026-02-02 18:59:23 INFO    [awc] Amundsen started /task.
2026-02-02 18:59:24 INFO    [awc] Amundsen finished.
2026-02-02 18:59:31 INFO    [awc] Amundsen started /task.
2026-02-02 18:59:31 INFO    [awc] Amundsen finished.
2026-02-03 17:46:13 INFO    [awc] Amundsen started /task.
2026-02-03 17:46:14 INFO    [awc] Amundsen finished.
2026-02-03 17:46:16 INFO    [awc] Amundsen started /task.
2026-02-03 17:46:17 INFO    [awc] Amundsen finished.
2026-02-03 17:47:12 INFO    [awc] Amundsen started /task.
2026-02-03 17:47:12 INFO    [awc] Amundsen finished.
2026-02-03 17:47:13 INFO    [awc] Amundsen started /task.
2026-02-03 17:47:13 INFO    [awc] Amundsen finished.
2026-02-03 21:05:50 INFO    [awc] Amundsen started /task.
2026-02-03 21:05:51 INFO    [awc] Amundsen finished.
2026-02-03 21:05:53 INFO    [awc] Amundsen started /task.
2026-02-03 21:05:53 INFO    [awc] Amundsen finished.
2026-02-03 21:05:57 INFO    [awc] Amundsen started /task.
2026-02-03 21:05:57 INFO    [awc] Amundsen finished.
2026-02-03 21:06:05 INFO    [awc] Amundsen started /task.
2026-02-03 21:06:05 INFO    [awc] Amundsen finished.
2026-02-04 10:36:29 INFO    [awc] Amundsen started /task.
2026-02-04 10:36:29 INFO    [awc] Amundsen finished.
2026-02-04 10:36:32 INFO    [awc] Amundsen started /task.
2026-02-04 10:36:32 INFO    [awc] Amundsen finished.
2026-02-04 10:37:09 INFO    [awc] Amundsen started /task.
2026-02-04 10:37:09 INFO    [awc] Amundsen finished.
2026-02-04 10:38:23 INFO    [awc] Amundsen started /task.
2026-02-04 10:38:24 INFO    [awc] Amundsen finished.
2026-02-04 10:38:26 INFO    [awc] Amundsen started /task.
2026-02-04 10:38:26 INFO    [awc] Amundsen finished.
2026-02-04 13:40:05 INFO    [awc] Amundsen started /task.
2026-02-04 13:40:05 INFO    [awc] Amundsen finished.
2026-02-04 13:41:04 INFO    [awc] Amundsen started /task.
2026-02-04 13:41:05 INFO    [awc] Amundsen finished.
2026-02-04 13:41:06 INFO    [awc] Amundsen started /task.
2026-02-04 13:41:06 INFO    [awc] Amundsen finished.
2026-02-04 21:39:35 INFO    [awc] Amundsen started /task.
2026-02-04 21:39:36 INFO    [awc] Amundsen finished.
2026-02-04 21:39:38 INFO    [awc] Amundsen started /task.
2026-02-04 21:39:38 INFO    [awc] Amundsen finished.
2026-02-04 21:39:54 INFO    [awc] Amundsen started /task.
2026-02-04 21:39:54 INFO    [awc] Amundsen finished.
2026-02-04 22:23:34 INFO    [awc] Amundsen started /task.
2026-02-04 22:23:35 INFO    [awc] Amundsen finished.
2026-02-05 10:40:31 INFO    [awc] Amundsen started /task.
2026-02-05 10:40:31 INFO    [awc] Amundsen finished.
2026-02-05 10:40:36 INFO    [awc] Amundsen started /task.
2026-02-05 10:40:36 INFO    [awc] Amundsen finished.
2026-02-05 10:42:43 INFO    [awc] Amundsen started /task.
2026-02-05 10:42:44 INFO    [awc] Amundsen finished.
2026-02-05 10:42:50 INFO    [awc] Amundsen started /task.
2026-02-05 10:42:51 INFO    [awc] Amundsen finished.
2026-02-05 10:43:09 INFO    [awc] Amundsen started /task.
2026-02-05 10:43:10 INFO    [awc] Amundsen finished.
2026-02-05 10:44:54 INFO    [awc] Amundsen started /task.
2026-02-05 10:44:54 INFO    [awc] Amundsen finished.
2026-02-05 10:55:45 INFO    [awc] Amundsen started /task.
2026-02-05 10:55:59 INFO    [awc] Amundsen started /task.
2026-02-05 11:00:16 INFO    [awc] Amundsen started /task.
2026-02-05 11:00:17 INFO    [awc] Amundsen finished.
2026-02-05 11:00:29 INFO    [awc] Amundsen started /task.
2026-02-05 11:00:29 INFO    [awc] Amundsen finished.
2026-02-05 11:11:52 INFO    [awc] Amundsen started /task.
2026-02-05 11:11:52 INFO    [awc] Amundsen finished.
2026-02-05 11:34:45 INFO    [awc] Amundsen started /task.
2026-02-05 11:34:46 INFO    [awc] Amundsen finished.
2026-02-05 11:34:56 INFO    [awc] Amundsen started /task.
2026-02-05 11:34:56 INFO    [awc] Amundsen finished.
2026-02-05 13:18:01 INFO    [awc] Amundsen started /task.
2026-02-05 13:18:02 INFO    [awc] Amundsen finished.
2026-02-05 13:18:56 INFO    [awc] Amundsen started /task.
2026-02-05 13:18:57 INFO    [awc] Amundsen finished.
2026-02-05 13:18:58 INFO    [awc] Amundsen started /task.
2026-02-05 13:18:58 INFO    [awc] Amundsen finished.
2026-02-05 17:27:11 INFO    [awc] Amundsen started /task.
2026-02-05 17:27:11 INFO    [awc] Amundsen finished.
2026-02-05 17:27:20 INFO    [awc] Amundsen started /task.
2026-02-05 17:27:21 INFO    [awc] Amundsen finished.
2026-02-05 17:27:43 INFO    [awc] Amundsen started /task.
2026-02-05 17:27:44 INFO    [awc] Amundsen finished.
2026-02-05 17:27:47 INFO    [awc] Amundsen started /task.
2026-02-05 17:27:47 INFO    [awc] Amundsen finished.
2026-02-05 18:14:12 INFO    [awc] Amundsen started /task.
2026-02-05 18:14:12 INFO    [awc] Amundsen finished.
2026-02-05 18:14:15 INFO    [awc] Amundsen started /task.
2026-02-05 18:14:15 INFO    [awc] Amundsen finished.
2026-02-05 18:14:20 INFO    [awc] Amundsen started /task.
2026-02-05 18:14:20 INFO    [awc] Amundsen finished.
2026-02-05 20:57:43 INFO    [awc] Amundsen started /task.
2026-02-05 20:57:44 INFO    [awc] Amundsen finished.
2026-02-06 10:49:09 INFO    [awc] Amundsen started /task.
2026-02-06 10:49:10 INFO    [awc] Amundsen finished.
2026-02-06 10:49:21 INFO    [awc] Amundsen started /task.
2026-02-06 10:49:21 INFO    [awc] Amundsen finished.
2026-02-06 10:49:24 INFO    [awc] Amundsen started /task.
2026-02-06 10:49:24 INFO    [awc] Amundsen finished.
2026-02-06 13:17:44 INFO    [awc] Amundsen started /task.
2026-02-06 13:21:41 INFO    [awc] Amundsen started /task.
2026-02-06 13:21:45 INFO    [awc] Amundsen finished.
2026-02-06 13:21:50 INFO    [awc] Amundsen started /task.
2026-02-06 13:21:50 INFO    [awc] Amundsen finished.
2026-02-06 13:21:53 INFO    [awc] Amundsen started /task.
2026-02-06 13:21:54 INFO    [awc] Amundsen finished.
2026-02-06 13:21:55 INFO    [awc] Amundsen started /task.
2026-02-06 13:21:55 INFO    [awc] Amundsen finished.
2026-02-07 00:07:27 INFO    [awc] Amundsen started /task.
2026-02-07 00:07:28 INFO    [awc] Amundsen finished.
2026-02-07 00:07:42 INFO    [awc] Amundsen started /task.
2026-02-07 00:07:42 INFO    [awc] Amundsen finished.
2026-02-07 00:07:48 INFO    [awc] Amundsen started /task.
2026-02-07 00:07:48 INFO    [awc] Amundsen finished.
2026-02-07 03:42:15 INFO    [awc] Amundsen started /task.
2026-02-07 03:42:16 INFO    [awc] Amundsen finished.
2026-02-07 14:29:12 INFO    [awc] Amundsen started /task.
2026-02-07 14:29:12 INFO    [awc] Amundsen finished.
2026-02-07 14:29:13 INFO    [awc] Amundsen started /task.
2026-02-07 14:29:13 INFO    [awc] Amundsen finished.
2026-02-08 03:42:14 INFO    [awc] Amundsen started /task.
2026-02-08 03:42:15 INFO    [awc] Amundsen finished.
2026-02-08 17:30:05 INFO    [awc] Amundsen started /task.
2026-02-08 17:30:05 INFO    [awc] Amundsen finished.
2026-02-08 17:30:10 INFO    [awc] Amundsen started /task.
2026-02-08 17:30:10 INFO    [awc] Amundsen finished.
2026-02-08 17:30:15 INFO    [awc] Amundsen started /task.
2026-02-08 17:30:16 INFO    [awc] Amundsen finished.
2026-02-08 17:30:26 INFO    [awc] Amundsen started /task.
2026-02-08 17:30:26 INFO    [awc] Amundsen finished.
2026-02-08 22:58:52 INFO    [awc] Amundsen started /task.
2026-02-08 22:58:53 INFO    [awc] Amundsen finished.
2026-02-08 22:58:55 INFO    [awc] Amundsen started /task.
2026-02-08 22:58:55 INFO    [awc] Amundsen finished.
2026-02-08 22:58:56 INFO    [awc] Amundsen started /task.
2026-02-08 22:58:56 INFO    [awc] Amundsen finished.
2026-02-08 22:59:07 INFO    [awc] Amundsen started /task.
2026-02-08 22:59:07 INFO    [awc] Amundsen finished.
2026-02-09 16:57:33 INFO    [awc] Amundsen started /task.
2026-02-09 16:57:33 INFO    [awc] Amundsen finished.
2026-02-09 16:57:35 INFO    [awc] Amundsen started /task.
2026-02-09 16:57:35 INFO    [awc] Amundsen finished.
2026-02-09 16:59:38 INFO    [awc] Amundsen started /task.
2026-02-09 16:59:38 INFO    [awc] Amundsen finished.
2026-02-09 16:59:39 INFO    [awc] Amundsen started /task.
2026-02-09 16:59:39 INFO    [awc] Amundsen finished.
2026-02-10 13:27:35 INFO    [awc] Amundsen started /task.
2026-02-10 13:27:35 INFO    [awc] Amundsen finished.
2026-02-10 13:28:29 INFO    [awc] Amundsen started /task.
2026-02-10 13:28:29 INFO    [awc] Amundsen finished.
2026-02-10 13:28:30 INFO    [awc] Amundsen started /task.
2026-02-10 13:28:30 INFO    [awc] Amundsen finished.
2026-02-11 12:26:23 INFO    [awc] Amundsen started /task.
2026-02-11 12:26:23 INFO    [awc] Amundsen finished.
2026-02-11 12:26:26 INFO    [awc] Amundsen started /task.
2026-02-11 12:26:26 INFO    [awc] Amundsen finished.
2026-02-11 12:27:17 INFO    [awc] Amundsen started /task.
2026-02-11 12:27:17 INFO    [awc] Amundsen finished.
2026-02-11 12:27:19 INFO    [awc] Amundsen started /task.
2026-02-11 12:27:19 INFO    [awc] Amundsen finished.
2026-02-11 19:40:19 INFO    [awc] Amundsen started /task.
2026-02-11 19:40:23 INFO    [awc] Amundsen finished.
2026-02-11 19:40:26 INFO    [awc] Amundsen started /task.
2026-02-11 19:40:28 INFO    [awc] Amundsen finished.
2026-02-11 19:40:30 INFO    [awc] Amundsen started /task.
2026-02-11 19:40:30 INFO    [awc] Amundsen finished.
2026-02-11 19:40:32 INFO    [awc] Amundsen started /task.
2026-02-11 19:40:32 INFO    [awc] Amundsen finished.
2026-02-11 19:40:37 INFO    [awc] Amundsen started /task.
2026-02-11 19:40:37 INFO    [awc] Amundsen finished.
2026-02-11 23:08:21 INFO    [awc] Amundsen started /task.
2026-02-11 23:08:21 INFO    [awc] Time interval elapsed.
2026-02-11 23:08:22 INFO    [awc] Device profile read.
2026-02-11 23:08:22 INFO    [awc] Downloading AmundsHusky.
2026-02-11 23:08:23 INFO    [awc] AmundsAPI flag=acer/260122
2026-02-11 23:08:23 INFO    [awc] Query configuration successful.
2026-02-11 23:08:23 INFO    [awc] Amundsen finished.
2026-02-11 23:08:26 INFO    [awc] Amundsen started /task.
2026-02-11 23:08:26 INFO    [awc] Amundsen finished.
2026-02-11 23:08:38 INFO    [awc] Amundsen started /task.
2026-02-11 23:08:38 INFO    [awc] Amundsen finished.
2026-02-12 10:50:17 INFO    [awc] Amundsen started /task.
2026-02-12 10:50:18 INFO    [awc] Amundsen finished.
2026-02-12 10:50:20 INFO    [awc] Amundsen started /task.
2026-02-12 10:50:20 INFO    [awc] Amundsen finished.
2026-02-12 10:50:53 INFO    [awc] Amundsen started /task.
2026-02-12 10:50:53 INFO    [awc] Amundsen finished.
2026-02-12 10:58:32 INFO    [awc] Amundsen started /task.
2026-02-12 10:58:32 INFO    [awc] Amundsen finished.
2026-02-12 10:59:05 INFO    [awc] Amundsen started /task.
2026-02-12 14:23:03 INFO    [awc] Amundsen started /task.
2026-02-12 14:23:03 INFO    [awc] Amundsen finished.
2026-02-12 14:23:06 INFO    [awc] Amundsen started /task.
2026-02-12 14:23:06 INFO    [awc] Amundsen finished.
2026-02-12 14:23:39 INFO    [awc] Amundsen started /task.
2026-02-12 14:23:39 INFO    [awc] Amundsen finished.
2026-02-12 14:23:40 INFO    [awc] Amundsen started /task.
2026-02-12 14:23:40 INFO    [awc] Amundsen finished.
2026-02-13 16:56:33 INFO    [awc] Amundsen started /task.
2026-02-13 16:56:34 INFO    [awc] Amundsen finished.
2026-02-13 16:56:36 INFO    [awc] Amundsen started /task.
2026-02-13 16:56:36 INFO    [awc] Amundsen finished.
2026-02-13 16:56:48 INFO    [awc] Amundsen started /task.
2026-02-13 16:56:49 INFO    [awc] Amundsen finished.
2026-02-13 16:56:49 INFO    [awc] Amundsen started /task.
2026-02-13 16:56:50 INFO    [awc] Amundsen finished.
2026-02-14 00:19:28 INFO    [awc] Amundsen started /task.
2026-02-14 00:19:28 INFO    [awc] Amundsen finished.
2026-02-14 13:10:13 INFO    [awc] Amundsen started /task.
2026-02-14 13:10:14 INFO    [awc] Amundsen finished.
2026-02-14 13:10:18 INFO    [awc] Amundsen started /task.
2026-02-14 13:10:18 INFO    [awc] Amundsen finished.
2026-02-14 13:10:24 INFO    [awc] Amundsen started /task.
2026-02-14 13:10:25 INFO    [awc] Amundsen finished.
2026-02-14 13:10:30 INFO    [awc] Amundsen started /task.
2026-02-14 13:10:31 INFO    [awc] Amundsen finished.
2026-02-14 22:51:25 INFO    [awc] Amundsen started /task.
2026-02-14 22:51:26 INFO    [awc] Amundsen finished.
2026-02-15 11:32:57 INFO    [awc] Amundsen started /task.
2026-02-15 11:32:57 INFO    [awc] Amundsen finished.
2026-02-15 11:33:01 INFO    [awc] Amundsen started /task.
2026-02-15 11:33:01 INFO    [awc] Amundsen finished.
2026-02-15 11:33:07 INFO    [awc] Amundsen started /task.
2026-02-15 11:33:07 INFO    [awc] Amundsen finished.
2026-02-15 11:33:14 INFO    [awc] Amundsen started /task.
2026-02-15 11:33:14 INFO    [awc] Amundsen finished.
2026-02-16 12:37:19 INFO    [awc] Amundsen started /task.
2026-02-16 12:37:20 INFO    [awc] Amundsen finished.
2026-02-16 12:37:22 INFO    [awc] Amundsen started /task.
2026-02-16 12:37:22 INFO    [awc] Amundsen finished.
2026-02-16 12:37:31 INFO    [awc] Amundsen started /task.
2026-02-16 12:37:31 INFO    [awc] Amundsen finished.
2026-02-16 12:37:35 INFO    [awc] Amundsen started /task.
2026-02-16 12:37:36 INFO    [awc] Amundsen finished.
2026-02-17 12:05:05 INFO    [awc] Amundsen started /task.
2026-02-17 12:05:08 INFO    [awc] Amundsen started /task.
2026-02-17 12:10:13 INFO    [awc] Amundsen started /task.
2026-02-17 12:10:14 INFO    [awc] Amundsen finished.
2026-02-17 12:10:15 INFO    [awc] Amundsen started /task.
2026-02-17 12:10:15 INFO    [awc] Amundsen finished.
2026-02-17 15:43:50 INFO    [awc] Amundsen started /task.
2026-02-17 15:43:50 INFO    [awc] Amundsen finished.
2026-02-17 18:27:48 INFO    [awc] Amundsen started /task.
2026-02-17 18:27:49 INFO    [awc] Amundsen finished.
2026-02-17 18:27:51 INFO    [awc] Amundsen started /task.
2026-02-17 18:27:51 INFO    [awc] Amundsen finished.
2026-02-17 18:27:53 INFO    [awc] Amundsen started /task.
2026-02-17 18:27:53 INFO    [awc] Amundsen finished.
2026-02-17 18:28:01 INFO    [awc] Amundsen started /task.
2026-02-17 18:28:01 INFO    [awc] Amundsen finished.
2026-02-18 22:27:57 INFO    [awc] Amundsen started /task.
2026-02-18 22:27:58 INFO    [awc] Amundsen finished.
2026-02-18 22:27:59 INFO    [awc] Amundsen started /task.
2026-02-18 22:28:00 INFO    [awc] Amundsen finished.
2026-02-18 22:28:01 INFO    [awc] Amundsen started /task.
2026-02-18 22:28:01 INFO    [awc] Amundsen finished.
2026-02-18 22:28:20 INFO    [awc] Amundsen started /task.
2026-02-18 22:28:20 INFO    [awc] Amundsen finished.
2026-02-19 03:42:14 INFO    [awc] Amundsen started /task.
2026-02-19 03:42:15 INFO    [awc] Amundsen finished.
2026-02-19 15:14:43 INFO    [awc] Amundsen started /task.
2026-02-19 15:14:43 INFO    [awc] Amundsen finished.
2026-02-19 15:14:47 INFO    [awc] Amundsen started /task.
2026-02-19 15:14:47 INFO    [awc] Amundsen finished.
2026-02-19 15:15:26 INFO    [awc] Amundsen started /task.
2026-02-19 15:15:26 INFO    [awc] Amundsen finished.
2026-02-19 15:15:27 INFO    [awc] Amundsen started /task.
2026-02-19 15:15:27 INFO    [awc] Amundsen finished.
2026-02-19 19:04:12 INFO    [awc] Amundsen started /task.
2026-02-19 19:04:12 INFO    [awc] Amundsen finished.
2026-02-19 19:04:14 INFO    [awc] Amundsen started /task.
2026-02-19 19:04:14 INFO    [awc] Amundsen finished.
2026-02-19 19:04:19 INFO    [awc] Amundsen started /task.
2026-02-19 19:04:19 INFO    [awc] Amundsen finished.
2026-02-19 19:04:28 INFO    [awc] Amundsen started /task.
2026-02-19 19:04:28 INFO    [awc] Amundsen finished.
2026-02-20 08:57:43 INFO    [awc] Amundsen started /task.
2026-02-20 08:57:46 INFO    [awc] Amundsen started /task.
2026-02-20 08:57:48 INFO    [awc] Amundsen started /task.
2026-02-20 08:58:03 INFO    [awc] Amundsen started /task.
2026-02-20 09:01:31 INFO    [awc] Amundsen started /task.
2026-02-20 09:03:27 INFO    [awc] Amundsen started /task.
2026-02-20 12:04:11 INFO    [awc] Amundsen started /task.
2026-02-20 12:04:12 INFO    [awc] Amundsen finished.
2026-02-20 12:21:55 INFO    [awc] Amundsen started /task.
2026-02-20 12:21:59 INFO    [awc] Amundsen started /task.
2026-02-20 12:31:50 INFO    [awc] Amundsen started /task.
2026-02-20 12:31:51 INFO    [awc] Amundsen finished.
2026-02-20 12:31:53 INFO    [awc] Amundsen started /task.
2026-02-20 12:31:53 INFO    [awc] Amundsen finished.
2026-02-20 16:11:37 INFO    [awc] Amundsen started /task.
2026-02-20 16:11:38 INFO    [awc] Amundsen finished.
2026-02-20 16:11:38 INFO    [awc] Amundsen started /task.
2026-02-20 16:11:38 INFO    [awc] Amundsen finished.
2026-02-20 16:11:53 INFO    [awc] Amundsen started /task.
2026-02-20 16:11:53 INFO    [awc] Amundsen finished.
2026-02-20 16:11:56 INFO    [awc] Amundsen started /task.
2026-02-20 16:11:57 INFO    [awc] Amundsen finished.
2026-02-20 19:26:51 INFO    [awc] Amundsen started /task.
2026-02-20 19:26:51 INFO    [awc] Amundsen finished.
2026-02-20 19:26:52 INFO    [awc] Amundsen started /task.
2026-02-20 19:26:52 INFO    [awc] Amundsen finished.
2026-02-20 19:26:54 INFO    [awc] Amundsen started /task.
2026-02-20 19:26:54 INFO    [awc] Amundsen finished.
2026-02-20 19:46:26 INFO    [awc] Amundsen started /task.
2026-02-20 19:46:26 INFO    [awc] Amundsen finished.
2026-02-20 22:23:58 INFO    [awc] Amundsen started /task.
2026-02-20 22:23:58 INFO    [awc] Amundsen finished.
2026-02-20 22:24:07 INFO    [awc] Amundsen started /task.
2026-02-20 22:24:07 INFO    [awc] Amundsen finished.
2026-02-20 22:24:13 INFO    [awc] Amundsen started /task.
2026-02-20 22:24:13 INFO    [awc] Amundsen finished.
2026-02-21 03:42:14 INFO    [awc] Amundsen started /task.
2026-02-21 03:42:15 INFO    [awc] Amundsen finished.
2026-02-21 17:20:37 INFO    [awc] Amundsen started /task.
2026-02-21 17:20:38 INFO    [awc] Amundsen finished.
2026-02-21 17:20:40 INFO    [awc] Amundsen started /task.
2026-02-21 17:20:41 INFO    [awc] Amundsen finished.
2026-02-21 22:07:25 INFO    [awc] Amundsen started /task.
2026-02-21 22:07:25 INFO    [awc] Amundsen finished.
2026-02-21 22:07:28 INFO    [awc] Amundsen started /task.
2026-02-21 22:07:28 INFO    [awc] Amundsen finished.
2026-02-22 03:42:14 INFO    [awc] Amundsen started /task.
2026-02-22 03:42:15 INFO    [awc] Time interval elapsed.
2026-02-22 03:42:15 INFO    [awc] Device profile read.
2026-02-22 03:42:15 INFO    [awc] Downloading AmundsHusky.
2026-02-22 03:42:16 INFO    [awc] AmundsAPI flag=acer/260122
2026-02-22 03:42:16 INFO    [awc] Query configuration successful.
2026-02-22 03:42:16 INFO    [awc] Amundsen finished.
2026-02-22 14:26:15 INFO    [awc] Amundsen started /task.
2026-02-22 14:26:15 INFO    [awc] Amundsen finished.
2026-02-22 14:26:20 INFO    [awc] Amundsen started /task.
2026-02-22 14:26:20 INFO    [awc] Amundsen finished.
2026-02-22 17:59:02 INFO    [awc] Amundsen started /task.
2026-02-22 17:59:03 INFO    [awc] Amundsen finished.
2026-02-22 17:59:07 INFO    [awc] Amundsen started /task.
2026-02-22 17:59:07 INFO    [awc] Amundsen finished.
2026-02-22 20:40:44 INFO    [awc] Amundsen started /task.
2026-02-22 20:40:44 INFO    [awc] Amundsen finished.
2026-02-22 20:40:48 INFO    [awc] Amundsen started /task.
2026-02-22 20:40:48 INFO    [awc] Amundsen finished.
2026-02-23 00:17:48 INFO    [awc] Amundsen started /task.
2026-02-23 00:17:48 INFO    [awc] Amundsen finished.
2026-02-23 00:18:07 INFO    [awc] Amundsen started /task.
2026-02-23 00:18:07 INFO    [awc] Amundsen finished.
2026-02-23 00:18:09 INFO    [awc] Amundsen started /task.
2026-02-23 00:18:09 INFO    [awc] Amundsen finished.
2026-02-23 00:18:10 INFO    [awc] Amundsen started /task.
2026-02-23 00:18:10 INFO    [awc] Amundsen finished.
2026-02-23 00:18:13 INFO    [awc] Amundsen started /task.
2026-02-23 00:18:13 INFO    [awc] Amundsen finished.
2026-02-23 11:35:56 INFO    [awc] Amundsen started /task.
2026-02-23 11:35:56 INFO    [awc] Amundsen finished.
2026-02-23 11:37:59 INFO    [awc] Amundsen started /task.
2026-02-23 11:38:00 INFO    [awc] Amundsen finished.
2026-02-23 11:38:08 INFO    [awc] Amundsen started /task.
2026-02-23 11:38:08 INFO    [awc] Amundsen finished.
2026-02-23 14:02:44 INFO    [awc] Amundsen started /task.
2026-02-23 14:02:50 INFO    [awc] Amundsen started /task.
2026-02-23 14:33:27 INFO    [awc] Amundsen started /task.
2026-02-23 14:33:27 INFO    [awc] Amundsen finished.
2026-02-23 14:33:29 INFO    [awc] Amundsen started /task.
2026-02-23 14:33:29 INFO    [awc] Amundsen finished.
2026-02-23 20:08:10 INFO    [awc] Amundsen started /task.
2026-02-23 20:08:11 INFO    [awc] Amundsen finished.
2026-02-23 20:08:17 INFO    [awc] Amundsen started /task.
2026-02-23 20:08:18 INFO    [awc] Amundsen finished.
2026-02-23 20:08:19 INFO    [awc] Amundsen started /task.
2026-02-23 20:08:20 INFO    [awc] Amundsen finished.
2026-02-23 20:08:25 INFO    [awc] Amundsen started /task.
2026-02-23 20:08:26 INFO    [awc] Amundsen finished.
2026-02-24 14:13:06 INFO    [awc] Amundsen started /task.
2026-02-24 14:13:08 INFO    [awc] Amundsen finished.
2026-02-24 14:13:19 INFO    [awc] Amundsen started /task.
2026-02-24 14:13:20 INFO    [awc] Amundsen finished.
2026-02-24 14:13:43 INFO    [awc] Amundsen started /task.
2026-02-24 14:13:43 INFO    [awc] Amundsen finished.
2026-02-24 14:13:46 INFO    [awc] Amundsen started /task.
2026-02-24 14:13:47 INFO    [awc] Amundsen finished.
2026-02-24 16:20:21 INFO    [awc] Amundsen started /task.
2026-02-24 16:24:12 INFO    [awc] Amundsen started /task.
2026-02-24 16:24:13 INFO    [awc] Amundsen finished.
2026-02-24 16:24:17 INFO    [awc] Amundsen started /task.
2026-02-24 16:24:18 INFO    [awc] Amundsen finished.
2026-02-24 16:25:21 INFO    [awc] Amundsen started /task.
2026-02-24 16:25:21 INFO    [awc] Amundsen finished.
2026-02-24 16:25:24 INFO    [awc] Amundsen started /task.
2026-02-24 16:25:24 INFO    [awc] Amundsen finished.
2026-02-24 21:15:09 INFO    [awc] Amundsen started /task.
2026-02-24 21:15:10 INFO    [awc] Amundsen finished.
2026-02-24 21:15:22 INFO    [awc] Amundsen started /task.
2026-02-24 21:15:23 INFO    [awc] Amundsen finished.
2026-02-24 21:15:41 INFO    [awc] Amundsen started /task.
2026-02-24 21:15:41 INFO    [awc] Amundsen finished.
2026-02-24 21:15:43 INFO    [awc] Amundsen started /task.
2026-02-24 21:15:43 INFO    [awc] Amundsen finished.
2026-02-24 21:15:44 INFO    [awc] Amundsen started /task.
2026-02-24 21:15:44 INFO    [awc] Amundsen finished.
2026-02-25 11:37:54 INFO    [awc] Amundsen started /task.
2026-02-25 11:37:54 INFO    [awc] Amundsen finished.
2026-02-25 11:38:04 INFO    [awc] Amundsen started /task.
2026-02-25 11:38:04 INFO    [awc] Amundsen finished.
2026-02-26 20:41:32 INFO    [awc] Amundsen started /task.
2026-02-26 20:41:32 INFO    [awc] Amundsen finished.
2026-02-26 20:41:36 INFO    [awc] Amundsen started /task.
2026-02-26 20:41:37 INFO    [awc] Amundsen finished.
2026-02-27 11:01:58 INFO    [awc] Amundsen started /task.
2026-02-27 11:01:58 INFO    [awc] Amundsen finished.
2026-02-27 11:02:09 INFO    [awc] Amundsen started /task.
2026-02-27 11:02:09 INFO    [awc] Amundsen finished.
2026-02-27 11:02:17 INFO    [awc] Amundsen started /task.
2026-02-27 11:02:17 INFO    [awc] Amundsen finished.
2026-02-27 13:42:00 INFO    [awc] Amundsen started /task.
2026-02-27 13:42:01 INFO    [awc] Amundsen finished.
2026-02-27 13:42:07 INFO    [awc] Amundsen started /task.
2026-02-27 13:42:07 INFO    [awc] Amundsen finished.
2026-02-27 13:42:35 INFO    [awc] Amundsen started /task.
2026-02-27 13:42:36 INFO    [awc] Amundsen finished.
2026-02-27 13:44:10 INFO    [awc] Amundsen started /task.
2026-02-27 13:44:11 INFO    [awc] Amundsen finished.
2026-02-27 22:46:21 INFO    [awc] Amundsen started /task.
2026-02-27 22:46:21 INFO    [awc] Amundsen finished.
2026-02-27 22:46:32 INFO    [awc] Amundsen started /task.
2026-02-27 22:46:32 INFO    [awc] Amundsen finished.
2026-02-27 22:46:35 INFO    [awc] Amundsen started /task.
2026-02-27 22:46:35 INFO    [awc] Amundsen finished.
2026-02-28 18:39:34 INFO    [awc] Amundsen started /task.
2026-02-28 18:39:40 INFO    [awc] Amundsen finished.
2026-02-28 18:43:20 INFO    [awc] Amundsen started /task.
2026-02-28 18:43:20 INFO    [awc] Amundsen finished.
2026-02-28 18:43:21 INFO    [awc] Amundsen started /task.
2026-02-28 18:43:21 INFO    [awc] Amundsen finished.
2026-02-28 18:43:24 INFO    [awc] Amundsen started /task.
2026-02-28 18:43:24 INFO    [awc] Amundsen finished.
2026-03-01 03:42:15 INFO    [awc] Amundsen started /task.
2026-03-01 03:42:15 INFO    [awc] Amundsen finished.
2026-03-01 16:11:59 INFO    [awc] Amundsen started /task.
2026-03-01 16:11:59 INFO    [awc] Amundsen finished.
2026-03-01 16:12:03 INFO    [awc] Amundsen started /task.
2026-03-01 16:12:03 INFO    [awc] Amundsen finished.
2026-03-01 22:33:43 INFO    [awc] Amundsen started /task.
2026-03-01 22:33:43 INFO    [awc] Amundsen finished.
2026-03-01 22:33:46 INFO    [awc] Amundsen started /task.
2026-03-01 22:33:46 INFO    [awc] Amundsen finished.
2026-03-01 22:34:25 INFO    [awc] Amundsen started /task.
2026-03-01 22:34:25 INFO    [awc] Amundsen finished.
2026-03-01 22:34:27 INFO    [awc] Amundsen started /task.
2026-03-01 22:34:27 INFO    [awc] Amundsen finished.
2026-03-02 16:19:05 INFO    [awc] Amundsen started /task.
2026-03-02 16:19:05 INFO    [awc] Amundsen finished.
2026-03-02 16:19:08 INFO    [awc] Amundsen started /task.
2026-03-02 16:19:09 INFO    [awc] Amundsen finished.
2026-03-02 16:19:13 INFO    [awc] Amundsen started /task.
2026-03-02 16:19:13 INFO    [awc] Amundsen finished.
2026-03-02 19:50:25 INFO    [awc] Amundsen started /task.
2026-03-02 19:50:26 INFO    [awc] Amundsen finished.
2026-03-02 19:50:28 INFO    [awc] Amundsen started /task.
2026-03-02 19:50:29 INFO    [awc] Amundsen finished.
2026-03-02 19:50:29 INFO    [awc] Amundsen started /task.
2026-03-02 19:50:30 INFO    [awc] Amundsen finished.
2026-03-03 03:42:14 INFO    [awc] Amundsen started /task.
2026-03-03 03:42:14 INFO    [awc] Amundsen finished.
2026-03-03 13:29:02 INFO    [awc] Amundsen started /task.
2026-03-03 13:29:02 INFO    [awc] Amundsen finished.
2026-03-03 13:29:06 INFO    [awc] Amundsen started /task.
2026-03-03 13:29:06 INFO    [awc] Amundsen finished.
2026-03-03 16:25:11 INFO    [awc] Amundsen started /task.
2026-03-03 16:25:12 INFO    [awc] Amundsen finished.
2026-03-03 16:25:14 INFO    [awc] Amundsen started /task.
2026-03-03 16:25:15 INFO    [awc] Amundsen finished.
2026-03-03 16:25:15 INFO    [awc] Amundsen started /task.
2026-03-03 16:25:16 INFO    [awc] Amundsen finished.
2026-03-04 11:25:29 INFO    [awc] Amundsen started /task.
2026-03-04 11:25:31 INFO    [awc] Time interval elapsed.
2026-03-04 11:25:31 INFO    [awc] Device profile read.
2026-03-04 11:25:31 INFO    [awc] Downloading AmundsHusky.
2026-03-04 11:25:33 INFO    [awc] AmundsAPI flag=acer/260122
2026-03-04 11:25:33 INFO    [awc] Query configuration successful.
2026-03-04 11:25:34 INFO    [awc] Amundsen finished.
2026-03-04 13:58:45 INFO    [awc] Amundsen started /task.
2026-03-04 13:58:46 INFO    [awc] Amundsen finished.
2026-03-04 13:58:49 INFO    [awc] Amundsen started /task.
2026-03-04 13:58:50 INFO    [awc] Amundsen finished.
2026-03-04 14:41:20 INFO    [awc] Amundsen started /task.
2026-03-04 14:41:21 INFO    [awc] Amundsen finished.
2026-03-04 18:46:05 INFO    [awc] Amundsen started /task.
2026-03-04 18:46:06 INFO    [awc] Amundsen finished.
2026-03-04 18:46:08 INFO    [awc] Amundsen started /task.
2026-03-04 18:46:08 INFO    [awc] Amundsen finished.
2026-03-05 14:20:31 INFO    [awc] Amundsen started /task.
2026-03-05 14:20:31 INFO    [awc] Amundsen finished.
2026-03-05 14:20:33 INFO    [awc] Amundsen started /task.
2026-03-05 14:20:34 INFO    [awc] Amundsen finished.
2026-03-05 19:33:54 INFO    [awc] Amundsen started /task.
2026-03-05 19:34:39 INFO    [awc] Amundsen finished.
2026-03-05 19:35:49 INFO    [awc] Amundsen started /task.
2026-03-05 19:35:51 INFO    [awc] Amundsen finished.
2026-03-05 19:35:53 INFO    [awc] Amundsen started /task.
2026-03-05 19:35:54 INFO    [awc] Amundsen finished.
2026-03-05 19:38:07 INFO    [awc] Amundsen started /task.
2026-03-05 19:38:07 INFO    [awc] Amundsen finished.
2026-03-06 09:47:31 INFO    [awc] Amundsen started /task.
2026-03-06 09:47:31 INFO    [awc] Amundsen finished.
2026-03-06 09:47:36 INFO    [awc] Amundsen started /task.
2026-03-06 09:47:36 INFO    [awc] Amundsen finished.
2026-03-06 09:47:44 INFO    [awc] Amundsen started /task.
2026-03-06 09:47:44 INFO    [awc] Amundsen finished.
2026-03-06 14:06:37 INFO    [awc] Amundsen started /task.
2026-03-06 14:06:38 INFO    [awc] Amundsen finished.
2026-03-06 14:06:44 INFO    [awc] Amundsen started /task.
2026-03-06 14:06:44 INFO    [awc] Amundsen finished.
2026-03-06 14:08:57 INFO    [awc] Amundsen started /task.
2026-03-06 14:08:57 INFO    [awc] Amundsen finished.
2026-03-06 14:08:59 INFO    [awc] Amundsen started /task.
2026-03-06 14:08:59 INFO    [awc] Amundsen finished.
2026-03-07 00:16:06 INFO    [awc] Amundsen started /task.
2026-03-07 00:16:06 INFO    [awc] Amundsen finished.
2026-03-07 00:16:15 INFO    [awc] Amundsen started /task.
2026-03-07 00:16:16 INFO    [awc] Amundsen finished.
2026-03-07 00:16:18 INFO    [awc] Amundsen started /task.
2026-03-07 00:16:18 INFO    [awc] Amundsen finished.
2026-03-07 03:42:15 INFO    [awc] Amundsen started /task.
2026-03-07 03:42:15 INFO    [awc] Amundsen finished.
2026-03-07 18:34:48 INFO    [awc] Amundsen started /task.
2026-03-07 18:34:48 INFO    [awc] Amundsen finished.
2026-03-07 18:34:54 INFO    [awc] Amundsen started /task.
2026-03-07 18:34:54 INFO    [awc] Amundsen finished.
2026-03-07 18:34:55 INFO    [awc] Amundsen started /task.
2026-03-07 18:34:55 INFO    [awc] Amundsen finished.
2026-03-08 14:38:11 INFO    [awc] Amundsen started /task.
2026-03-08 14:38:13 INFO    [awc] Amundsen finished.
2026-03-08 16:45:30 INFO    [awc] Amundsen started /task.
2026-03-08 16:45:30 INFO    [awc] Amundsen finished.
2026-03-08 16:45:34 INFO    [awc] Amundsen started /task.
2026-03-08 16:45:34 INFO    [awc] Amundsen finished.
2026-03-08 21:59:38 INFO    [awc] Amundsen started /task.
2026-03-08 22:03:37 INFO    [awc] Amundsen started /task.
2026-03-08 22:14:50 INFO    [awc] Amundsen started /task.
2026-03-08 22:14:51 INFO    [awc] Amundsen finished.
2026-03-08 22:14:52 INFO    [awc] Amundsen started /task.
2026-03-08 22:14:52 INFO    [awc] Amundsen finished.
2026-03-09 15:42:53 INFO    [awc] Amundsen started /task.
2026-03-09 15:42:53 INFO    [awc] Amundsen finished.
2026-03-09 22:55:29 INFO    [awc] Amundsen started /task.
2026-03-09 22:55:29 INFO    [awc] Amundsen finished.
2026-03-09 22:55:30 INFO    [awc] Amundsen started /task.
2026-03-09 22:55:30 INFO    [awc] Amundsen finished.
2026-03-10 10:40:11 INFO    [awc] Amundsen started /task.
2026-03-10 10:40:12 INFO    [awc] Amundsen finished.
2026-03-10 10:40:40 INFO    [awc] Amundsen started /task.
2026-03-10 10:40:41 INFO    [awc] Amundsen finished.
2026-03-10 10:40:42 INFO    [awc] Amundsen started /task.
2026-03-10 10:40:43 INFO    [awc] Amundsen finished.
2026-03-10 10:47:02 INFO    [awc] Amundsen started /task.
2026-03-10 10:47:02 INFO    [awc] Amundsen finished.
2026-03-10 10:47:15 INFO    [awc] Amundsen started /task.
2026-03-10 10:47:15 INFO    [awc] Amundsen finished.
2026-03-10 10:47:45 INFO    [awc] Amundsen started /task.
2026-03-10 10:47:46 INFO    [awc] Amundsen finished.
2026-03-10 10:49:16 INFO    [awc] Amundsen started /task.
2026-03-10 10:49:16 INFO    [awc] Amundsen finished.
2026-03-10 12:22:04 INFO    [awc] Amundsen started /task.
2026-03-10 12:22:04 INFO    [awc] Amundsen finished.
2026-03-10 12:22:13 INFO    [awc] Amundsen started /task.
2026-03-10 12:22:13 INFO    [awc] Amundsen finished.
2026-03-10 12:22:21 INFO    [awc] Amundsen started /task.
2026-03-10 12:22:22 INFO    [awc] Amundsen finished.
2026-03-10 19:44:50 INFO    [awc] Amundsen started /task.
2026-03-10 19:44:51 INFO    [awc] Amundsen finished.
2026-03-11 12:39:49 INFO    [awc] Amundsen started /task.
2026-03-11 12:39:50 INFO    [awc] Amundsen finished.
2026-03-11 23:45:35 INFO    [awc] Amundsen started /task.
2026-03-11 23:45:36 INFO    [awc] Amundsen finished.
2026-03-11 23:45:36 INFO    [awc] Amundsen started /task.
2026-03-11 23:45:36 INFO    [awc] Amundsen finished.
2026-03-11 23:45:37 INFO    [awc] Amundsen started /task.
2026-03-11 23:45:37 INFO    [awc] Amundsen finished.
2026-03-11 23:47:40 INFO    [awc] Amundsen started /task.
2026-03-11 23:47:40 INFO    [awc] Amundsen finished.
2026-03-12 12:46:45 INFO    [awc] Amundsen started /task.
2026-03-12 12:46:45 INFO    [awc] Amundsen finished.
2026-03-12 12:46:52 INFO    [awc] Amundsen started /task.
2026-03-12 12:46:53 INFO    [awc] Amundsen finished.
2026-03-12 12:47:01 INFO    [awc] Amundsen started /task.
2026-03-12 12:47:01 INFO    [awc] Amundsen finished.
2026-03-12 15:08:29 INFO    [awc] Amundsen started /task.
2026-03-12 15:08:29 INFO    [awc] Amundsen finished.
2026-03-12 15:08:40 INFO    [awc] Amundsen started /task.
2026-03-12 15:08:40 INFO    [awc] Amundsen finished.
2026-03-12 15:10:38 INFO    [awc] Amundsen started /task.
2026-03-12 15:10:39 INFO    [awc] Amundsen finished.
2026-03-12 18:38:25 INFO    [awc] Amundsen started /task.
2026-03-12 18:38:25 INFO    [awc] Amundsen finished.
2026-03-12 18:38:32 INFO    [awc] Amundsen started /task.
2026-03-12 18:38:32 INFO    [awc] Amundsen finished.
2026-03-13 10:01:31 INFO    [awc] Amundsen started /task.
2026-03-13 10:01:50 INFO    [awc] Amundsen finished.
2026-03-13 10:04:22 INFO    [awc] Amundsen started /task.
2026-03-13 10:04:23 INFO    [awc] Amundsen finished.
2026-03-13 10:04:26 INFO    [awc] Amundsen started /task.
2026-03-13 10:04:26 INFO    [awc] Amundsen finished.
2026-03-13 10:04:27 INFO    [awc] Amundsen started /task.
2026-03-13 10:04:28 INFO    [awc] Amundsen finished.
2026-03-13 10:05:32 INFO    [awc] Amundsen started /task.
2026-03-13 10:05:32 INFO    [awc] Amundsen finished.
2026-03-13 10:05:35 INFO    [awc] Amundsen started /task.
2026-03-13 10:05:36 INFO    [awc] Amundsen finished.
2026-03-13 12:46:30 INFO    [awc] Amundsen started /task.
2026-03-13 12:46:31 INFO    [awc] Amundsen finished.
2026-03-13 12:46:44 INFO    [awc] Amundsen started /task.
2026-03-13 12:46:45 INFO    [awc] Amundsen finished.
2026-03-13 15:08:19 INFO    [awc] Amundsen started /task.
2026-03-13 15:08:19 INFO    [awc] Amundsen finished.
2026-03-13 15:08:25 INFO    [awc] Amundsen started /task.
2026-03-13 15:08:25 INFO    [awc] Amundsen finished.
2026-03-13 17:12:51 INFO    [awc] Amundsen started /task.
2026-03-13 17:12:52 INFO    [awc] Amundsen finished.
2026-03-13 17:30:44 INFO    [awc] Amundsen started /task.
2026-03-13 17:30:44 INFO    [awc] Amundsen finished.
2026-03-13 18:16:20 INFO    [awc] Amundsen started /task.
2026-03-13 18:16:20 INFO    [awc] Amundsen finished.
2026-03-13 18:16:22 INFO    [awc] Amundsen started /task.
2026-03-13 18:16:22 INFO    [awc] Amundsen finished.
2026-03-13 18:16:26 INFO    [awc] Amundsen started /task.
2026-03-13 18:16:27 INFO    [awc] Amundsen finished.
2026-03-14 11:58:49 INFO    [awc] Amundsen started /task.
2026-03-14 11:58:49 INFO    [awc] Time interval elapsed.
2026-03-14 11:58:49 INFO    [awc] Device profile read.
2026-03-14 11:58:49 INFO    [awc] Downloading AmundsHusky.
2026-03-14 11:58:50 INFO    [awc] AmundsAPI flag=acer/260122
2026-03-14 11:58:50 INFO    [awc] Query configuration successful.
2026-03-14 11:58:51 INFO    [awc] Amundsen finished.
2026-03-14 11:59:02 INFO    [awc] Amundsen started /task.
2026-03-14 11:59:02 INFO    [awc] Amundsen finished.
2026-03-14 11:59:05 INFO    [awc] Amundsen started /task.
2026-03-14 11:59:05 INFO    [awc] Amundsen finished.
2026-03-15 15:55:10 INFO    [awc] Amundsen started /task.
2026-03-15 15:55:14 INFO    [awc] Amundsen finished.
2026-03-15 16:11:26 INFO    [awc] Amundsen started /task.
2026-03-15 16:11:27 INFO    [awc] Amundsen finished.
2026-03-15 16:11:31 INFO    [awc] Amundsen started /task.
2026-03-15 16:11:32 INFO    [awc] Amundsen finished.
2026-03-15 16:11:50 INFO    [awc] Amundsen started /task.
2026-03-15 16:11:50 INFO    [awc] Amundsen finished.
2026-03-15 16:12:04 INFO    [awc] Amundsen started /task.
2026-03-15 16:12:05 INFO    [awc] Amundsen finished.
2026-03-15 22:14:45 INFO    [awc] Amundsen started /task.
2026-03-15 22:14:48 INFO    [awc] Amundsen started /task.
2026-03-15 22:19:22 INFO    [awc] Amundsen started /task.
2026-03-15 22:19:23 INFO    [awc] Amundsen finished.
2026-03-15 22:19:24 INFO    [awc] Amundsen started /task.
2026-03-15 22:19:25 INFO    [awc] Amundsen finished.
2026-03-15 22:19:33 INFO    [awc] Amundsen started /task.
2026-03-15 22:19:33 INFO    [awc] Amundsen finished.
2026-03-15 22:19:40 INFO    [awc] Amundsen started /task.
2026-03-15 22:19:40 INFO    [awc] Amundsen finished.
2026-03-16 10:31:53 INFO    [awc] Amundsen started /task.
2026-03-16 10:31:53 INFO    [awc] Amundsen finished.
2026-03-16 10:31:55 INFO    [awc] Amundsen started /task.
2026-03-16 10:31:55 INFO    [awc] Amundsen finished.
2026-03-16 10:31:57 INFO    [awc] Amundsen started /task.
2026-03-16 10:31:57 INFO    [awc] Amundsen finished.
2026-03-16 15:05:47 INFO    [awc] Amundsen started /task.
2026-03-16 15:05:47 INFO    [awc] Amundsen finished.
2026-03-16 15:05:49 INFO    [awc] Amundsen started /task.
2026-03-16 15:05:49 INFO    [awc] Amundsen finished.
2026-03-16 15:05:52 INFO    [awc] Amundsen started /task.
2026-03-16 15:05:52 INFO    [awc] Amundsen finished.
2026-03-16 15:06:01 INFO    [awc] Amundsen started /task.
2026-03-16 15:06:01 INFO    [awc] Amundsen finished.
2026-03-16 17:15:29 INFO    [awc] Amundsen started /task.
2026-03-16 17:15:30 INFO    [awc] Amundsen finished.
2026-03-16 17:15:58 INFO    [awc] Amundsen started /task.
2026-03-16 17:15:59 INFO    [awc] Amundsen finished.
2026-03-16 17:15:59 INFO    [awc] Amundsen started /task.
2026-03-16 17:16:00 INFO    [awc] Amundsen finished.
2026-03-16 17:16:13 INFO    [awc] Amundsen started /task.
2026-03-16 17:16:13 INFO    [awc] Amundsen finished.
2026-03-16 17:19:14 INFO    [awc] Amundsen started /task.
2026-03-16 17:19:14 INFO    [awc] Amundsen finished.
2026-03-16 17:19:15 INFO    [awc] Amundsen started /task.
2026-03-16 17:19:15 INFO    [awc] Amundsen finished.
2026-03-16 20:34:11 INFO    [awc] Amundsen started /task.
2026-03-16 20:34:12 INFO    [awc] Amundsen finished.
2026-03-16 20:34:13 INFO    [awc] Amundsen started /task.
2026-03-16 20:34:13 INFO    [awc] Amundsen finished.
2026-03-16 20:34:29 INFO    [awc] Amundsen started /task.
2026-03-16 20:34:29 INFO    [awc] Amundsen finished.
2026-03-17 09:06:45 INFO    [awc] Amundsen started /task.
2026-03-17 09:06:46 INFO    [awc] Amundsen finished.
2026-03-17 09:06:48 INFO    [awc] Amundsen started /task.
2026-03-17 09:06:49 INFO    [awc] Amundsen finished.
2026-03-17 09:07:12 INFO    [awc] Amundsen started /task.
2026-03-17 09:07:12 INFO    [awc] Amundsen finished.
2026-03-17 09:07:13 INFO    [awc] Amundsen started /task.
2026-03-17 09:07:13 INFO    [awc] Amundsen finished.
2026-03-17 09:24:00 INFO    [awc] Amundsen started /task.
2026-03-17 09:24:00 INFO    [awc] Amundsen finished.
2026-03-17 09:24:23 INFO    [awc] Amundsen started /task.
2026-03-17 09:24:23 INFO    [awc] Amundsen finished.
2026-03-17 09:24:36 INFO    [awc] Amundsen started /task.
2026-03-17 09:24:36 INFO    [awc] Amundsen finished.
2026-03-17 09:24:39 INFO    [awc] Amundsen started /task.
2026-03-17 09:24:39 INFO    [awc] Amundsen finished.
2026-03-17 09:30:04 INFO    [awc] Amundsen started /task.
2026-03-17 09:30:05 INFO    [awc] Amundsen finished.
2026-03-17 09:30:05 INFO    [awc] Amundsen started /task.
2026-03-17 09:30:05 INFO    [awc] Amundsen finished.
2026-03-17 09:36:34 INFO    [awc] Amundsen started /task.
2026-03-17 09:36:35 INFO    [awc] Amundsen finished.
2026-03-17 09:59:12 INFO    [awc] Amundsen started /task.
2026-03-17 09:59:12 INFO    [awc] Amundsen finished.
2026-03-17 09:59:46 INFO    [awc] Amundsen started /task.
2026-03-17 09:59:46 INFO    [awc] Amundsen finished.
2026-03-17 13:02:30 INFO    [awc] Amundsen started /task.
2026-03-17 13:02:30 INFO    [awc] Amundsen finished.
2026-03-17 13:02:34 INFO    [awc] Amundsen started /task.
2026-03-17 13:02:34 INFO    [awc] Amundsen finished.
2026-03-17 13:02:37 INFO    [awc] Amundsen started /task.
2026-03-17 13:02:37 INFO    [awc] Amundsen finished.
2026-03-17 13:02:49 INFO    [awc] Amundsen started /task.
2026-03-17 13:02:49 INFO    [awc] Amundsen finished.
2026-03-17 13:05:02 INFO    [awc] Amundsen started /task.
2026-03-17 13:05:03 INFO    [awc] Amundsen finished.
2026-03-17 15:00:17 INFO    [awc] Amundsen started /task.
2026-03-17 15:00:18 INFO    [awc] Amundsen finished.
2026-03-17 15:49:56 INFO    [awc] Amundsen started /task.
2026-03-17 15:49:56 INFO    [awc] Amundsen finished.
2026-03-17 15:49:57 INFO    [awc] Amundsen started /task.
2026-03-17 15:49:57 INFO    [awc] Amundsen finished.
2026-03-17 16:06:19 INFO    [awc] Amundsen started /task.
2026-03-17 16:06:20 INFO    [awc] Amundsen finished.
2026-03-17 16:45:48 INFO    [awc] Amundsen started /task.
2026-03-17 16:45:49 INFO    [awc] Amundsen finished.
2026-03-17 17:03:53 INFO    [awc] Amundsen started /task.
2026-03-17 17:03:53 INFO    [awc] Amundsen finished.
2026-03-17 19:51:14 INFO    [awc] Amundsen started /task.
2026-03-17 19:51:14 INFO    [awc] Amundsen finished.
2026-03-17 19:51:18 INFO    [awc] Amundsen started /task.
2026-03-17 19:51:18 INFO    [awc] Amundsen finished.
2026-03-17 19:51:25 INFO    [awc] Amundsen started /task.
2026-03-17 19:51:25 INFO    [awc] Amundsen finished.
2026-03-17 19:51:28 INFO    [awc] Amundsen started /task.
2026-03-17 19:51:28 INFO    [awc] Amundsen finished.
2026-03-17 19:51:33 INFO    [awc] Amundsen started /task.
2026-03-17 19:51:33 INFO    [awc] Amundsen finished.
2026-03-17 19:54:08 INFO    [awc] Amundsen started /task.
2026-03-17 19:54:08 INFO    [awc] Amundsen finished.
2026-03-17 19:54:11 INFO    [awc] Amundsen started /task.
2026-03-17 19:54:11 INFO    [awc] Amundsen finished.
2026-03-17 21:57:06 INFO    [awc] Amundsen started /task.
2026-03-17 21:57:07 INFO    [awc] Amundsen finished.
2026-03-17 22:01:53 INFO    [awc] Amundsen started /task.
2026-03-17 22:01:53 INFO    [awc] Amundsen finished.
2026-03-18 13:48:33 INFO    [awc] Amundsen started /task.
2026-03-18 13:48:35 INFO    [awc] Amundsen finished.
2026-03-18 13:48:43 INFO    [awc] Amundsen started /task.
2026-03-18 13:48:44 INFO    [awc] Amundsen finished.
2026-03-18 17:41:13 INFO    [awc] Amundsen started /task.
2026-03-18 17:41:13 INFO    [awc] Amundsen finished.
2026-03-18 17:41:14 INFO    [awc] Amundsen started /task.
2026-03-18 17:41:14 INFO    [awc] Amundsen finished.
2026-03-18 17:41:22 INFO    [awc] Amundsen started /task.
2026-03-18 17:41:22 INFO    [awc] Amundsen finished.
2026-03-18 17:41:25 INFO    [awc] Amundsen started /task.
2026-03-18 17:41:25 INFO    [awc] Amundsen finished.
2026-03-18 19:52:00 INFO    [awc] Amundsen started /task.
2026-03-18 19:52:26 INFO    [awc] Amundsen finished.
2026-03-18 19:55:55 INFO    [awc] Amundsen started /task.
2026-03-18 19:55:55 INFO    [awc] Amundsen finished.
2026-03-18 19:55:59 INFO    [awc] Amundsen started /task.
2026-03-18 19:56:02 INFO    [awc] Amundsen finished.
2026-03-18 19:56:03 INFO    [awc] Amundsen started /task.
2026-03-18 19:56:04 INFO    [awc] Amundsen finished.
2026-03-18 19:56:11 INFO    [awc] Amundsen started /task.
2026-03-18 19:56:13 INFO    [awc] Amundsen finished.
2026-03-19 20:02:05 INFO    [awc] Amundsen started /task.
2026-03-19 20:02:05 INFO    [awc] Amundsen finished.
2026-03-19 20:02:07 INFO    [awc] Amundsen started /task.
2026-03-19 20:02:08 INFO    [awc] Amundsen finished.
2026-03-19 20:02:25 INFO    [awc] Amundsen started /task.
2026-03-19 20:02:26 INFO    [awc] Amundsen finished.
2026-03-19 20:02:26 INFO    [awc] Amundsen started /task.
2026-03-19 20:02:27 INFO    [awc] Amundsen finished.
2026-03-19 20:28:18 INFO    [awc] Amundsen started /task.
2026-03-19 20:28:19 INFO    [awc] Amundsen finished.
2026-03-19 23:19:02 INFO    [awc] Amundsen started /task.
2026-03-19 23:19:02 INFO    [awc] Amundsen finished.
2026-03-19 23:19:06 INFO    [awc] Amundsen started /task.
2026-03-19 23:19:06 INFO    [awc] Amundsen finished.
2026-03-19 23:20:06 INFO    [awc] Amundsen started /task.
2026-03-19 23:20:06 INFO    [awc] Amundsen finished.
2026-03-19 23:20:07 INFO    [awc] Amundsen started /task.
2026-03-19 23:20:07 INFO    [awc] Amundsen finished.
2026-03-20 10:22:24 INFO    [awc] Amundsen started /task.
2026-03-20 10:22:25 INFO    [awc] Amundsen finished.
2026-03-20 10:22:26 INFO    [awc] Amundsen started /task.
2026-03-20 10:22:26 INFO    [awc] Amundsen finished.
2026-03-20 10:22:28 INFO    [awc] Amundsen started /task.
2026-03-20 10:22:28 INFO    [awc] Amundsen finished.
2026-03-20 10:22:40 INFO    [awc] Amundsen started /task.
2026-03-20 10:22:41 INFO    [awc] Amundsen finished.
2026-03-20 11:51:07 INFO    [awc] Amundsen started /task.
2026-03-20 11:51:07 INFO    [awc] Amundsen finished.
2026-03-20 11:51:09 INFO    [awc] Amundsen started /task.
2026-03-20 11:51:09 INFO    [awc] Amundsen finished.
2026-03-20 11:51:10 INFO    [awc] Amundsen started /task.
2026-03-20 11:51:10 INFO    [awc] Amundsen finished.
2026-03-20 11:51:11 INFO    [awc] Amundsen started /task.
2026-03-20 11:51:11 INFO    [awc] Amundsen finished.
2026-03-20 12:50:12 INFO    [awc] Amundsen started /task.
2026-03-20 12:50:12 INFO    [awc] Amundsen finished.
2026-03-20 12:50:16 INFO    [awc] Amundsen started /task.
2026-03-20 12:50:16 INFO    [awc] Amundsen finished.
2026-03-20 12:50:17 INFO    [awc] Amundsen started /task.
2026-03-20 12:50:17 INFO    [awc] Amundsen finished.
2026-03-20 12:50:31 INFO    [awc] Amundsen started /task.
2026-03-20 12:50:31 INFO    [awc] Amundsen finished.
2026-03-20 15:19:57 INFO    [awc] Amundsen started /task.
2026-03-20 15:19:58 INFO    [awc] Amundsen finished.
2026-03-20 15:20:00 INFO    [awc] Amundsen started /task.
2026-03-20 15:20:01 INFO    [awc] Amundsen finished.
2026-03-20 15:20:04 INFO    [awc] Amundsen started /task.
2026-03-20 15:20:04 INFO    [awc] Amundsen finished.
2026-03-20 15:20:08 INFO    [awc] Amundsen started /task.
2026-03-20 15:20:08 INFO    [awc] Amundsen finished.
2026-03-20 16:52:43 INFO    [awc] Amundsen started /task.
2026-03-20 16:52:44 INFO    [awc] Amundsen finished.
2026-03-20 19:12:41 INFO    [awc] Amundsen started /task.
2026-03-20 19:12:42 INFO    [awc] Amundsen finished.
2026-03-20 19:12:55 INFO    [awc] Amundsen started /task.
2026-03-20 19:12:55 INFO    [awc] Amundsen finished.
2026-03-20 19:12:57 INFO    [awc] Amundsen started /task.
2026-03-20 19:12:57 INFO    [awc] Amundsen finished.
2026-03-21 20:25:37 INFO    [awc] Amundsen started /task.
2026-03-21 20:25:38 INFO    [awc] Amundsen finished.
2026-03-21 20:25:48 INFO    [awc] Amundsen started /task.
2026-03-21 20:25:49 INFO    [awc] Amundsen finished.
2026-03-22 16:18:47 INFO    [awc] Amundsen started /task.
2026-03-22 16:18:48 INFO    [awc] Amundsen finished.
2026-03-22 16:18:50 INFO    [awc] Amundsen started /task.
2026-03-22 16:18:51 INFO    [awc] Amundsen finished.
2026-03-22 16:18:53 INFO    [awc] Amundsen started /task.
2026-03-22 16:18:53 INFO    [awc] Amundsen finished.
2026-03-22 16:18:54 INFO    [awc] Amundsen started /task.
2026-03-22 16:18:54 INFO    [awc] Amundsen finished.
2026-03-23 10:55:23 INFO    [awc] Amundsen started /task.
2026-03-23 10:55:23 INFO    [awc] Amundsen finished.
2026-03-23 10:55:27 INFO    [awc] Amundsen started /task.
2026-03-23 10:55:27 INFO    [awc] Amundsen finished.
2026-03-23 10:57:57 INFO    [awc] Amundsen started /task.
2026-03-23 10:57:58 INFO    [awc] Amundsen finished.
2026-03-23 10:57:59 INFO    [awc] Amundsen started /task.
2026-03-23 10:57:59 INFO    [awc] Amundsen finished.
2026-03-23 19:15:07 INFO    [awc] Amundsen started /task.
2026-03-23 19:15:08 INFO    [awc] Amundsen finished.
2026-03-23 19:15:08 INFO    [awc] Amundsen started /task.
2026-03-23 19:15:08 INFO    [awc] Amundsen finished.
2026-03-23 19:15:10 INFO    [awc] Amundsen started /task.
2026-03-23 19:15:11 INFO    [awc] Amundsen finished.
2026-03-23 19:15:17 INFO    [awc] Amundsen started /task.
2026-03-23 19:15:17 INFO    [awc] Amundsen finished.
2026-03-24 10:39:15 INFO    [awc] Amundsen started /task.
2026-03-24 10:39:16 INFO    [awc] Amundsen finished.
2026-03-24 10:39:18 INFO    [awc] Amundsen started /task.
2026-03-24 10:39:19 INFO    [awc] Amundsen finished.
2026-03-24 10:39:38 INFO    [awc] Amundsen started /task.
2026-03-24 10:39:38 INFO    [awc] Amundsen finished.
2026-03-24 10:39:39 INFO    [awc] Amundsen started /task.
2026-03-24 10:39:40 INFO    [awc] Amundsen finished.
2026-03-24 12:48:01 INFO    [awc] Amundsen started /task.
2026-03-24 12:48:02 INFO    [awc] Time interval elapsed.
2026-03-24 12:48:02 INFO    [awc] Device profile read.
2026-03-24 12:48:02 INFO    [awc] Downloading AmundsHusky.
2026-03-24 12:48:04 INFO    [awc] AmundsAPI flag=acer/260228
2026-03-24 12:48:04 INFO    [awc] Query configuration successful.
2026-03-24 12:48:04 INFO    [awc] Amundsen finished.
2026-03-24 12:50:21 INFO    [awc] Amundsen started /task.
2026-03-24 12:50:22 INFO    [awc] Amundsen finished.
2026-03-24 12:50:24 INFO    [awc] Amundsen started /task.
2026-03-24 12:50:24 INFO    [awc] Amundsen finished.
2026-03-24 18:05:21 INFO    [awc] Amundsen started /task.
2026-03-24 18:05:22 INFO    [awc] Amundsen finished.
2026-03-24 18:05:24 INFO    [awc] Amundsen started /task.
2026-03-24 18:05:25 INFO    [awc] Amundsen finished.
2026-03-24 18:05:29 INFO    [awc] Amundsen started /task.
2026-03-24 18:05:30 INFO    [awc] Amundsen finished.
2026-03-24 23:34:16 INFO    [awc] Amundsen started /task.
2026-03-24 23:34:17 INFO    [awc] Amundsen finished.
2026-03-24 23:34:20 INFO    [awc] Amundsen started /task.
2026-03-24 23:34:20 INFO    [awc] Amundsen finished.
2026-03-24 23:34:34 INFO    [awc] Amundsen started /task.
2026-03-24 23:34:34 INFO    [awc] Amundsen finished.
2026-03-25 11:35:24 INFO    [awc] Amundsen started /task.
2026-03-25 11:35:25 INFO    [awc] Amundsen finished.
2026-03-25 11:35:27 INFO    [awc] Amundsen started /task.
2026-03-25 11:35:27 INFO    [awc] Amundsen finished.
2026-03-25 11:35:29 INFO    [awc] Amundsen started /task.
2026-03-25 11:35:29 INFO    [awc] Amundsen finished.
2026-03-25 11:35:45 INFO    [awc] Amundsen started /task.
2026-03-25 11:35:45 INFO    [awc] Amundsen finished.
2026-03-25 13:17:07 INFO    [awc] Amundsen started /task.
2026-03-25 13:17:07 INFO    [awc] Amundsen finished.
2026-03-25 13:17:10 INFO    [awc] Amundsen started /task.
2026-03-25 13:17:10 INFO    [awc] Amundsen finished.
2026-03-25 13:17:11 INFO    [awc] Amundsen started /task.
2026-03-25 13:17:11 INFO    [awc] Amundsen finished.
2026-03-25 19:44:58 INFO    [awc] Amundsen started /task.
2026-03-25 19:44:58 INFO    [awc] Amundsen finished.
2026-03-25 19:45:00 INFO    [awc] Amundsen started /task.
2026-03-25 19:45:00 INFO    [awc] Amundsen finished.
2026-03-25 19:45:05 INFO    [awc] Amundsen started /task.
2026-03-25 19:45:05 INFO    [awc] Amundsen finished.
2026-03-25 19:45:09 INFO    [awc] Amundsen started /task.
2026-03-25 19:45:10 INFO    [awc] Amundsen finished.
2026-03-25 20:37:17 INFO    [awc] Amundsen started /task.
2026-03-25 20:37:18 INFO    [awc] Amundsen finished.
2026-03-26 12:31:47 INFO    [awc] Amundsen started /task.
2026-03-26 12:31:48 INFO    [awc] Amundsen finished.
2026-03-27 21:57:00 INFO    [awc] Amundsen started /task.
2026-03-27 21:57:01 INFO    [awc] Amundsen finished.
2026-03-27 21:57:12 INFO    [awc] Amundsen started /task.
2026-03-27 21:57:13 INFO    [awc] Amundsen finished.
2026-03-27 21:57:13 INFO    [awc] Amundsen started /task.
2026-03-27 21:57:14 INFO    [awc] Amundsen finished.
2026-03-27 21:57:20 INFO    [awc] Amundsen started /task.
2026-03-27 21:57:21 INFO    [awc] Amundsen finished.
2026-03-28 16:02:41 INFO    [awc] Amundsen started /task.
2026-03-28 16:02:41 INFO    [awc] Amundsen finished.
2026-03-28 16:02:48 INFO    [awc] Amundsen started /task.
2026-03-28 16:02:48 INFO    [awc] Amundsen finished.
2026-03-28 16:02:57 INFO    [awc] Amundsen started /task.
2026-03-28 16:02:58 INFO    [awc] Amundsen finished.
2026-03-28 22:34:36 INFO    [awc] Amundsen started /task.
2026-03-28 22:34:36 INFO    [awc] Amundsen finished.
2026-03-29 15:46:49 INFO    [awc] Amundsen started /task.
2026-03-29 15:46:50 INFO    [awc] Amundsen finished.
2026-03-31 16:35:21 INFO    [awc] Amundsen started /task.
2026-03-31 16:35:22 INFO    [awc] Amundsen finished.
2026-03-31 16:35:36 INFO    [awc] Amundsen started /task.
2026-03-31 16:35:37 INFO    [awc] Amundsen finished.
2026-03-31 16:35:42 INFO    [awc] Amundsen started /task.
2026-03-31 16:35:42 INFO    [awc] Amundsen finished.
2026-04-01 16:47:52 INFO    [awc] Amundsen started /task.
2026-04-01 16:47:54 INFO    [awc] Amundsen finished.
2026-04-01 16:47:58 INFO    [awc] Amundsen started /task.
2026-04-01 16:47:59 INFO    [awc] Amundsen finished.
2026-04-01 16:48:02 INFO    [awc] Amundsen started /task.
2026-04-01 16:48:04 INFO    [awc] Amundsen finished.
2026-04-01 16:48:08 INFO    [awc] Amundsen started /task.
2026-04-01 16:48:13 INFO    [awc] Amundsen finished.
2026-04-02 15:58:48 INFO    [awc] Amundsen started /task.
2026-04-02 15:58:48 INFO    [awc] Amundsen finished.
2026-04-02 15:58:59 INFO    [awc] Amundsen started /task.
2026-04-02 15:58:59 INFO    [awc] Amundsen finished.
2026-04-02 15:59:15 INFO    [awc] Amundsen started /task.
2026-04-02 15:59:16 INFO    [awc] Amundsen finished.
2026-04-02 15:59:27 INFO    [awc] Amundsen started /task.
2026-04-02 15:59:27 INFO    [awc] Amundsen finished.
2026-04-02 20:45:18 INFO    [awc] Amundsen started /task.
2026-04-02 20:45:18 INFO    [awc] Amundsen finished.
2026-04-02 20:45:21 INFO    [awc] Amundsen started /task.
2026-04-02 20:45:21 INFO    [awc] Amundsen finished.
2026-04-02 20:45:22 INFO    [awc] Amundsen started /task.
2026-04-02 20:45:22 INFO    [awc] Amundsen finished.
2026-04-03 03:42:14 INFO    [awc] Amundsen started /task.
2026-04-03 03:42:14 INFO    [awc] Amundsen finished.
2026-04-03 15:13:46 INFO    [awc] Amundsen started /task.
2026-04-03 15:13:47 INFO    [awc] Time interval elapsed.
2026-04-03 15:13:47 INFO    [awc] Device profile read.
2026-04-03 15:13:47 INFO    [awc] Downloading AmundsHusky.
2026-04-03 15:13:48 INFO    [awc] AmundsAPI flag=acer/260228
2026-04-03 15:13:48 INFO    [awc] Query configuration successful.
2026-04-03 15:13:48 INFO    [awc] Amundsen finished.
2026-04-03 15:13:50 INFO    [awc] Amundsen started /task.
2026-04-03 15:13:50 INFO    [awc] Amundsen finished.
2026-04-03 15:13:54 INFO    [awc] Amundsen started /task.
2026-04-03 15:13:55 INFO    [awc] Amundsen finished.
2026-04-03 15:33:23 INFO    [awc] Amundsen started /task.
2026-04-03 15:33:24 INFO    [awc] Amundsen finished.
2026-04-03 15:33:28 INFO    [awc] Amundsen started /task.
2026-04-03 15:33:29 INFO    [awc] Amundsen finished.
2026-04-03 15:33:47 INFO    [awc] Amundsen started /task.
2026-04-03 15:33:47 INFO    [awc] Amundsen finished.
2026-04-03 20:40:26 INFO    [awc] Amundsen started /task.
2026-04-03 20:40:26 INFO    [awc] Amundsen finished.
2026-04-03 20:40:29 INFO    [awc] Amundsen started /task.
2026-04-03 20:40:29 INFO    [awc] Amundsen finished.
2026-04-03 20:40:30 INFO    [awc] Amundsen started /task.
2026-04-03 20:40:30 INFO    [awc] Amundsen finished.
2026-04-04 11:36:09 INFO    [awc] Amundsen started /task.
2026-04-04 11:36:10 INFO    [awc] Amundsen finished.
2026-04-04 11:36:12 INFO    [awc] Amundsen started /task.
2026-04-04 11:36:12 INFO    [awc] Amundsen finished.
2026-04-04 11:36:13 INFO    [awc] Amundsen started /task.
2026-04-04 11:36:13 INFO    [awc] Amundsen finished.
2026-04-04 11:36:19 INFO    [awc] Amundsen started /task.
2026-04-04 11:36:19 INFO    [awc] Amundsen finished.
2026-04-04 13:54:58 INFO    [awc] Amundsen started /task.
2026-04-04 13:54:58 INFO    [awc] Amundsen finished.
2026-04-04 13:55:00 INFO    [awc] Amundsen started /task.
2026-04-04 13:55:00 INFO    [awc] Amundsen finished.
2026-04-04 13:55:06 INFO    [awc] Amundsen started /task.
2026-04-04 13:55:06 INFO    [awc] Amundsen finished.
2026-04-04 15:14:57 INFO    [awc] Amundsen started /task.
2026-04-04 15:14:57 INFO    [awc] Amundsen finished.
2026-04-04 15:15:00 INFO    [awc] Amundsen started /task.
2026-04-04 15:15:00 INFO    [awc] Amundsen finished.
2026-04-05 13:07:28 INFO    [awc] Amundsen started /task.
2026-04-05 13:07:28 INFO    [awc] Amundsen finished.
2026-04-05 13:07:31 INFO    [awc] Amundsen started /task.
2026-04-05 13:07:31 INFO    [awc] Amundsen finished.
2026-04-05 13:07:34 INFO    [awc] Amundsen started /task.
2026-04-05 13:07:34 INFO    [awc] Amundsen finished.
2026-04-05 13:07:39 INFO    [awc] Amundsen started /task.
2026-04-05 13:07:39 INFO    [awc] Amundsen finished.
2026-04-05 20:16:24 INFO    [awc] Amundsen started /task.
2026-04-05 20:16:25 INFO    [awc] Amundsen finished.
2026-04-05 20:16:28 INFO    [awc] Amundsen started /task.
2026-04-05 20:16:28 INFO    [awc] Amundsen finished.
2026-04-06 10:18:57 INFO    [awc] Amundsen started /task.
2026-04-06 10:18:58 INFO    [awc] Amundsen finished.
2026-04-06 10:18:59 INFO    [awc] Amundsen started /task.
2026-04-06 10:18:59 INFO    [awc] Amundsen finished.
2026-04-06 10:19:04 INFO    [awc] Amundsen started /task.
2026-04-06 10:19:05 INFO    [awc] Amundsen finished.
2026-04-06 10:19:11 INFO    [awc] Amundsen started /task.
2026-04-06 10:19:11 INFO    [awc] Amundsen finished.
2026-04-06 12:51:21 INFO    [awc] Amundsen started /task.
2026-04-06 12:51:22 INFO    [awc] Amundsen finished.
2026-04-06 12:51:25 INFO    [awc] Amundsen started /task.
2026-04-06 12:51:26 INFO    [awc] Amundsen finished.
2026-04-06 13:52:52 INFO    [awc] Amundsen started /task.
2026-04-06 13:52:52 INFO    [awc] Amundsen finished.
2026-04-06 13:52:54 INFO    [awc] Amundsen started /task.
2026-04-06 13:52:55 INFO    [awc] Amundsen finished.
2026-04-06 13:53:02 INFO    [awc] Amundsen started /task.
2026-04-06 13:53:02 INFO    [awc] Amundsen finished.
2026-04-06 21:05:35 INFO    [awc] Amundsen started /task.
2026-04-06 21:05:36 INFO    [awc] Amundsen finished.
2026-04-06 21:05:37 INFO    [awc] Amundsen started /task.
2026-04-06 21:05:37 INFO    [awc] Amundsen finished.
2026-04-06 21:05:39 INFO    [awc] Amundsen started /task.
2026-04-06 21:05:39 INFO    [awc] Amundsen finished.
2026-04-06 21:05:53 INFO    [awc] Amundsen started /task.
2026-04-06 21:05:53 INFO    [awc] Amundsen finished.
2026-04-07 10:47:31 INFO    [awc] Amundsen started /task.
2026-04-07 10:47:32 INFO    [awc] Amundsen finished.
2026-04-07 10:47:32 INFO    [awc] Amundsen started /task.
2026-04-07 10:47:33 INFO    [awc] Amundsen finished.
2026-04-07 10:47:38 INFO    [awc] Amundsen started /task.
2026-04-07 10:47:38 INFO    [awc] Amundsen finished.
2026-04-07 10:47:51 INFO    [awc] Amundsen started /task.
2026-04-07 10:47:51 INFO    [awc] Amundsen finished.
2026-04-07 12:06:15 INFO    [awc] Amundsen started /task.
2026-04-07 12:06:15 INFO    [awc] Amundsen finished.
2026-04-07 12:06:17 INFO    [awc] Amundsen started /task.
2026-04-07 12:06:17 INFO    [awc] Amundsen finished.
2026-04-07 12:06:19 INFO    [awc] Amundsen started /task.
2026-04-07 12:06:19 INFO    [awc] Amundsen finished.
2026-04-07 13:31:14 INFO    [awc] Amundsen started /task.
2026-04-07 13:31:15 INFO    [awc] Amundsen finished.
2026-04-07 13:31:16 INFO    [awc] Amundsen started /task.
2026-04-07 13:31:16 INFO    [awc] Amundsen finished.
2026-04-07 13:31:17 INFO    [awc] Amundsen started /task.
2026-04-07 13:31:17 INFO    [awc] Amundsen finished.
2026-04-07 13:31:18 INFO    [awc] Amundsen started /task.
2026-04-07 13:31:19 INFO    [awc] Amundsen finished.
2026-04-07 19:28:55 INFO    [awc] Amundsen started /task.
2026-04-07 19:28:55 INFO    [awc] Amundsen finished.
2026-04-07 19:28:57 INFO    [awc] Amundsen started /task.
2026-04-07 19:28:57 INFO    [awc] Amundsen finished.
2026-04-07 19:29:01 INFO    [awc] Amundsen started /task.
2026-04-07 19:29:01 INFO    [awc] Amundsen finished.
2026-04-07 23:21:02 INFO    [awc] Amundsen started /task.
2026-04-07 23:21:02 INFO    [awc] Amundsen finished.
2026-04-07 23:21:03 INFO    [awc] Amundsen started /task.
2026-04-07 23:21:03 INFO    [awc] Amundsen finished.
2026-04-07 23:21:07 INFO    [awc] Amundsen started /task.
2026-04-07 23:21:07 INFO    [awc] Amundsen finished.
2026-04-07 23:21:10 INFO    [awc] Amundsen started /task.
2026-04-07 23:21:10 INFO    [awc] Amundsen finished.
2026-04-07 23:21:18 INFO    [awc] Amundsen started /task.
2026-04-07 23:21:18 INFO    [awc] Amundsen finished.
2026-04-07 23:21:20 INFO    [awc] Amundsen started /task.
2026-04-07 23:21:20 INFO    [awc] Amundsen finished.
2026-04-08 00:49:10 INFO    [awc] Amundsen started /task.
2026-04-08 00:49:11 INFO    [awc] Amundsen finished.
2026-04-08 00:49:18 INFO    [awc] Amundsen started /task.
2026-04-08 00:49:18 INFO    [awc] Amundsen finished.
2026-04-08 00:49:35 INFO    [awc] Amundsen started /task.
2026-04-08 00:49:35 INFO    [awc] Amundsen finished.
2026-04-08 06:14:54 INFO    [awc] Amundsen started /task.
2026-04-08 06:14:55 INFO    [awc] Amundsen finished.
2026-04-08 06:14:58 INFO    [awc] Amundsen started /task.
2026-04-08 06:14:58 INFO    [awc] Amundsen finished.
2026-04-08 06:15:00 INFO    [awc] Amundsen started /task.
2026-04-08 06:15:01 INFO    [awc] Amundsen finished.
2026-04-08 06:15:05 INFO    [awc] Amundsen started /task.
2026-04-08 06:15:06 INFO    [awc] Amundsen finished.
2026-04-08 06:15:08 INFO    [awc] Amundsen started /task.
2026-04-08 06:15:08 INFO    [awc] Amundsen finished.
2026-04-08 12:18:03 INFO    [awc] Amundsen started /task.
2026-04-08 12:18:03 INFO    [awc] Amundsen finished.
2026-04-08 12:18:04 INFO    [awc] Amundsen started /task.
2026-04-08 12:18:04 INFO    [awc] Amundsen finished.
2026-04-08 12:18:06 INFO    [awc] Amundsen started /task.
2026-04-08 12:18:07 INFO    [awc] Amundsen finished.
2026-04-08 12:18:10 INFO    [awc] Amundsen started /task.
2026-04-08 12:18:10 INFO    [awc] Amundsen finished.
2026-04-08 12:38:24 INFO    [awc] Amundsen started /task.
2026-04-08 12:38:24 INFO    [awc] Amundsen finished.
2026-04-08 12:39:08 INFO    [awc] Amundsen started /task.
2026-04-08 12:39:08 INFO    [awc] Amundsen finished.
2026-04-08 12:41:46 INFO    [awc] Amundsen started /task.
2026-04-08 12:41:46 INFO    [awc] Amundsen finished.
2026-04-08 13:01:50 INFO    [awc] Amundsen started /task.
2026-04-08 13:01:51 INFO    [awc] Amundsen finished.
2026-04-08 13:02:03 INFO    [awc] Amundsen started /task.
2026-04-08 13:02:04 INFO    [awc] Amundsen finished.
2026-04-08 13:02:04 INFO    [awc] Amundsen started /task.
2026-04-08 13:02:05 INFO    [awc] Amundsen finished.
2026-04-08 13:02:09 INFO    [awc] Amundsen started /task.
2026-04-08 13:02:09 INFO    [awc] Amundsen finished.
2026-04-08 13:10:58 INFO    [awc] Amundsen started /task.
2026-04-08 13:10:58 INFO    [awc] Amundsen finished.
2026-04-08 13:10:59 INFO    [awc] Amundsen started /task.
2026-04-08 13:10:59 INFO    [awc] Amundsen finished.
2026-04-08 13:18:33 INFO    [awc] Amundsen started /task.
2026-04-08 13:18:33 INFO    [awc] Amundsen finished.
2026-04-08 13:19:05 INFO    [awc] Amundsen started /task.
2026-04-08 13:19:05 INFO    [awc] Amundsen finished.
2026-04-08 14:39:54 INFO    [awc] Amundsen started /task.
2026-04-08 14:39:54 INFO    [awc] Amundsen finished.
2026-04-08 15:03:59 INFO    [awc] Amundsen started /task.
2026-04-08 15:03:59 INFO    [awc] Amundsen finished.
2026-04-08 15:05:19 INFO    [awc] Amundsen started /task.
2026-04-08 15:05:19 INFO    [awc] Amundsen finished.
2026-04-08 16:31:38 INFO    [awc] Amundsen started /task.
2026-04-08 16:31:38 INFO    [awc] Amundsen finished.
2026-04-08 18:13:09 INFO    [awc] Amundsen started /task.
2026-04-08 18:13:10 INFO    [awc] Amundsen finished.
2026-04-08 18:13:14 INFO    [awc] Amundsen started /task.
2026-04-08 18:13:14 INFO    [awc] Amundsen finished.
2026-04-08 18:13:27 INFO    [awc] Amundsen started /task.
2026-04-08 18:13:27 INFO    [awc] Amundsen finished.
2026-04-08 18:13:29 INFO    [awc] Amundsen started /task.
2026-04-08 18:13:30 INFO    [awc] Amundsen finished.
2026-04-08 19:00:57 INFO    [awc] Amundsen started /task.
2026-04-08 19:00:57 INFO    [awc] Amundsen finished.
2026-04-08 19:52:43 INFO    [awc] Amundsen started /task.
2026-04-08 19:52:43 INFO    [awc] Amundsen finished.
2026-04-08 20:59:17 INFO    [awc] Amundsen started /task.
2026-04-08 20:59:17 INFO    [awc] Amundsen finished.
2026-04-08 20:59:18 INFO    [awc] Amundsen started /task.
2026-04-08 20:59:18 INFO    [awc] Amundsen finished.
2026-04-08 21:00:32 INFO    [awc] Amundsen started /task.
2026-04-08 21:00:32 INFO    [awc] Amundsen finished.
2026-04-09 19:49:00 INFO    [awc] Amundsen started /task.
2026-04-09 19:49:00 INFO    [awc] Amundsen finished.
2026-04-09 19:49:00 INFO    [awc] Amundsen started /task.
2026-04-09 19:49:00 INFO    [awc] Amundsen finished.
2026-04-09 19:49:11 INFO    [awc] Amundsen started /task.
2026-04-09 19:49:11 INFO    [awc] Amundsen finished.
2026-04-09 21:27:13 INFO    [awc] Amundsen started /task.
2026-04-09 21:27:13 INFO    [awc] Amundsen finished.
2026-04-09 21:27:16 INFO    [awc] Amundsen started /task.
2026-04-09 21:27:16 INFO    [awc] Amundsen finished.
2026-04-09 21:27:19 INFO    [awc] Amundsen started /task.
2026-04-09 21:27:19 INFO    [awc] Amundsen finished.
2026-04-09 21:27:20 INFO    [awc] Amundsen started /task.
2026-04-09 21:27:21 INFO    [awc] Amundsen finished.
2026-04-09 21:49:10 INFO    [awc] Amundsen started /task.
2026-04-09 21:49:11 INFO    [awc] Amundsen finished.
2026-04-09 21:49:14 INFO    [awc] Amundsen started /task.
2026-04-09 21:49:14 INFO    [awc] Amundsen finished.
2026-04-09 21:49:53 INFO    [awc] Amundsen started /task.
2026-04-09 21:49:53 INFO    [awc] Amundsen finished.
2026-04-09 21:50:10 INFO    [awc] Amundsen started /task.
2026-04-09 21:50:11 INFO    [awc] Amundsen finished.
2026-04-09 21:50:15 INFO    [awc] Amundsen started /task.
2026-04-09 21:50:15 INFO    [awc] Amundsen finished.
2026-04-09 21:51:19 INFO    [awc] Amundsen started /task.
2026-04-09 21:51:19 INFO    [awc] Amundsen finished.
2026-04-09 21:51:23 INFO    [awc] Amundsen started /task.
2026-04-09 21:51:23 INFO    [awc] Amundsen finished.
2026-04-09 23:31:47 INFO    [awc] Amundsen started /task.
2026-04-09 23:31:48 INFO    [awc] Amundsen finished.
2026-04-09 23:31:48 INFO    [awc] Amundsen started /task.
2026-04-09 23:31:48 INFO    [awc] Amundsen finished.
2026-04-09 23:31:52 INFO    [awc] Amundsen started /task.
2026-04-09 23:31:52 INFO    [awc] Amundsen finished.
2026-04-10 06:51:57 INFO    [awc] Amundsen started /task.
2026-04-10 06:51:57 INFO    [awc] Amundsen finished.
2026-04-10 06:52:00 INFO    [awc] Amundsen started /task.
2026-04-10 06:52:00 INFO    [awc] Amundsen finished.
2026-04-10 06:52:02 INFO    [awc] Amundsen started /task.
2026-04-10 06:52:02 INFO    [awc] Amundsen finished.
2026-04-10 06:52:14 INFO    [awc] Amundsen started /task.
2026-04-10 06:52:14 INFO    [awc] Amundsen finished.
2026-04-10 07:52:56 INFO    [awc] Amundsen started /task.
2026-04-10 07:52:56 INFO    [awc] Amundsen finished.
2026-04-10 07:52:57 INFO    [awc] Amundsen started /task.
2026-04-10 07:52:57 INFO    [awc] Amundsen finished.
2026-04-10 12:50:28 INFO    [awc] Amundsen started /task.
2026-04-10 12:50:28 INFO    [awc] Amundsen finished.
2026-04-10 12:50:31 INFO    [awc] Amundsen started /task.
2026-04-10 12:50:31 INFO    [awc] Amundsen finished.
2026-04-10 12:50:36 INFO    [awc] Amundsen started /task.
2026-04-10 12:50:36 INFO    [awc] Amundsen finished.
2026-04-10 12:50:39 INFO    [awc] Amundsen started /task.
2026-04-10 12:50:39 INFO    [awc] Amundsen finished.
2026-04-10 13:34:48 INFO    [awc] Amundsen started /task.
2026-04-10 13:34:49 INFO    [awc] Amundsen finished.
2026-04-10 13:34:50 INFO    [awc] Amundsen started /task.
2026-04-10 13:34:50 INFO    [awc] Amundsen finished.
2026-04-10 14:06:57 INFO    [awc] Amundsen started /task.
2026-04-10 14:06:58 INFO    [awc] Amundsen finished.
2026-04-10 15:17:18 INFO    [awc] Amundsen started /task.
2026-04-10 15:17:18 INFO    [awc] Amundsen finished.
2026-04-10 17:24:40 INFO    [awc] Amundsen started /task.
2026-04-10 17:24:40 INFO    [awc] Amundsen finished.
2026-04-10 17:24:43 INFO    [awc] Amundsen started /task.
2026-04-10 17:24:43 INFO    [awc] Amundsen finished.
2026-04-10 19:52:56 INFO    [awc] Amundsen started /task.
2026-04-10 19:53:29 INFO    [awc] Amundsen finished.
2026-04-10 19:56:29 INFO    [awc] Amundsen started /task.
2026-04-10 19:56:29 INFO    [awc] Amundsen finished.
2026-04-10 19:56:33 INFO    [awc] Amundsen started /task.
2026-04-10 19:56:33 INFO    [awc] Amundsen finished.
2026-04-10 19:56:45 INFO    [awc] Amundsen started /task.
2026-04-10 19:56:45 INFO    [awc] Amundsen finished.
2026-04-10 19:56:58 INFO    [awc] Amundsen started /task.
2026-04-10 19:56:58 INFO    [awc] Amundsen finished.
2026-04-10 19:56:59 INFO    [awc] Amundsen started /task.
2026-04-10 19:56:59 INFO    [awc] Amundsen finished.
2026-04-11 16:52:04 INFO    [awc] Amundsen started /task.
2026-04-11 16:52:05 INFO    [awc] Amundsen finished.
2026-04-11 16:52:06 INFO    [awc] Amundsen started /task.
2026-04-11 16:52:07 INFO    [awc] Amundsen finished.
2026-04-11 16:53:15 INFO    [awc] Amundsen started /task.
2026-04-11 16:53:15 INFO    [awc] Amundsen finished.
2026-04-13 13:52:28 INFO    [awc] Amundsen started /task.
2026-04-13 13:52:29 INFO    [awc] Amundsen finished.
2026-04-13 13:52:33 INFO    [awc] Amundsen started /task.
2026-04-13 13:52:57 INFO    [awc] Amundsen finished.
2026-04-13 21:17:47 INFO    [awc] Amundsen started /task.
2026-04-13 21:17:47 INFO    [awc] Time interval elapsed.
2026-04-13 21:17:47 INFO    [awc] Device profile read.
2026-04-13 21:17:47 INFO    [awc] Downloading AmundsHusky.
2026-04-13 21:17:48 INFO    [awc] AmundsAPI flag=acer/260228
2026-04-13 21:17:49 INFO    [awc] Query configuration successful.
2026-04-13 21:17:49 INFO    [awc] Amundsen finished.
2026-04-13 21:17:49 INFO    [awc] Amundsen started /task.
2026-04-13 21:17:49 INFO    [awc] Amundsen finished.
2026-04-13 21:17:54 INFO    [awc] Amundsen started /task.
2026-04-13 21:17:54 INFO    [awc] Amundsen finished.
2026-04-14 15:04:37 INFO    [awc] Amundsen started /task.
2026-04-14 15:04:38 INFO    [awc] Amundsen finished.
2026-04-14 15:04:40 INFO    [awc] Amundsen started /task.
2026-04-14 15:04:40 INFO    [awc] Amundsen finished.
2026-04-15 08:08:32 INFO    [awc] Amundsen started /task.
2026-04-15 08:08:32 INFO    [awc] Amundsen finished.
2026-04-15 08:08:35 INFO    [awc] Amundsen started /task.
2026-04-15 08:08:35 INFO    [awc] Amundsen finished.
2026-04-16 17:21:53 INFO    [awc] Amundsen started /task.
2026-04-16 17:21:54 INFO    [awc] Amundsen finished.
2026-04-16 17:21:57 INFO    [awc] Amundsen started /task.
2026-04-16 17:21:57 INFO    [awc] Amundsen finished.
2026-04-16 17:21:58 INFO    [awc] Amundsen started /task.
2026-04-16 17:21:58 INFO    [awc] Amundsen finished.
2026-04-17 09:14:50 INFO    [awc] Amundsen started /task.
2026-04-17 09:14:50 INFO    [awc] Amundsen finished.
2026-04-17 09:14:51 INFO    [awc] Amundsen started /task.
2026-04-17 09:14:51 INFO    [awc] Amundsen finished.
2026-04-17 09:16:39 INFO    [awc] Amundsen started /task.
2026-04-17 09:16:39 INFO    [awc] Amundsen finished.
2026-04-17 20:41:32 INFO    [awc] Amundsen started /task.
2026-04-17 20:41:33 INFO    [awc] Amundsen finished.
2026-04-18 13:12:44 INFO    [awc] Amundsen started /task.
2026-04-18 13:12:45 INFO    [awc] Amundsen finished.
2026-04-18 13:12:57 INFO    [awc] Amundsen started /task.
2026-04-18 13:12:57 INFO    [awc] Amundsen finished.
2026-04-18 19:00:42 INFO    [awc] Amundsen started /task.
2026-04-18 19:00:43 INFO    [awc] Amundsen finished.
2026-04-19 00:29:51 INFO    [awc] Amundsen started /task.
2026-04-19 00:29:53 INFO    [awc] Amundsen finished.
2026-04-19 00:29:56 INFO    [awc] Amundsen started /task.
2026-04-19 00:29:57 INFO    [awc] Amundsen finished.
2026-04-19 00:32:00 INFO    [awc] Amundsen started /task.
2026-04-19 00:32:01 INFO    [awc] Amundsen finished.
2026-04-19 00:33:41 INFO    [awc] Amundsen started /task.
2026-04-19 00:33:54 INFO    [awc] Amundsen finished.
2026-04-19 14:57:39 INFO    [awc] Amundsen started /task.
2026-04-19 14:57:42 INFO    [awc] Amundsen finished.
2026-04-19 15:01:01 INFO    [awc] Amundsen started /task.
2026-04-19 15:01:01 INFO    [awc] Amundsen finished.
2026-04-19 15:01:04 INFO    [awc] Amundsen started /task.
2026-04-19 15:01:04 INFO    [awc] Amundsen finished.
2026-04-19 15:01:09 INFO    [awc] Amundsen started /task.
2026-04-19 15:01:10 INFO    [awc] Amundsen finished.
2026-04-19 17:55:40 INFO    [awc] Amundsen started /task.
2026-04-19 17:55:40 INFO    [awc] Amundsen finished.
2026-04-19 17:55:54 INFO    [awc] Amundsen started /task.
2026-04-19 17:55:54 INFO    [awc] Amundsen finished.
2026-04-19 19:57:30 INFO    [awc] Amundsen started /task.
2026-04-19 19:57:30 INFO    [awc] Amundsen finished.
2026-04-19 22:37:34 INFO    [awc] Amundsen started /task.
2026-04-19 22:37:34 INFO    [awc] Amundsen finished.
2026-04-19 22:37:36 INFO    [awc] Amundsen started /task.
2026-04-19 22:37:37 INFO    [awc] Amundsen finished.
2026-04-19 22:37:49 INFO    [awc] Amundsen started /task.
2026-04-19 22:37:49 INFO    [awc] Amundsen finished.
2026-04-20 00:15:18 INFO    [awc] Amundsen started /task.
2026-04-20 00:15:18 INFO    [awc] Amundsen finished.
2026-04-20 13:31:22 INFO    [awc] Amundsen started /task.
2026-04-20 13:31:23 INFO    [awc] Amundsen finished.
2026-04-20 13:32:15 INFO    [awc] Amundsen started /task.
2026-04-20 13:32:16 INFO    [awc] Amundsen finished.
2026-04-20 13:32:19 INFO    [awc] Amundsen started /task.
2026-04-20 13:32:20 INFO    [awc] Amundsen finished.
2026-04-20 20:03:12 INFO    [awc] Amundsen started /task.
2026-04-20 20:03:12 INFO    [awc] Amundsen finished.
2026-04-20 20:03:13 INFO    [awc] Amundsen started /task.
2026-04-20 20:03:13 INFO    [awc] Amundsen finished.
2026-04-20 20:03:19 INFO    [awc] Amundsen started /task.
2026-04-20 20:03:19 INFO    [awc] Amundsen finished.
2026-04-21 14:22:15 INFO    [awc] Amundsen started /task.
2026-04-21 14:22:15 INFO    [awc] Amundsen finished.
2026-04-21 14:22:21 INFO    [awc] Amundsen started /task.
2026-04-21 14:22:21 INFO    [awc] Amundsen finished.
2026-04-21 14:22:33 INFO    [awc] Amundsen started /task.
2026-04-21 14:22:33 INFO    [awc] Amundsen finished.
2026-04-21 14:22:34 INFO    [awc] Amundsen started /task.
2026-04-21 14:22:34 INFO    [awc] Amundsen finished.
2026-04-21 14:24:23 INFO    [awc] Amundsen started /task.
2026-04-21 14:24:24 INFO    [awc] Amundsen finished.
2026-04-21 20:45:00 INFO    [awc] Amundsen started /task.
2026-04-21 20:45:01 INFO    [awc] Amundsen finished.
2026-04-21 20:45:10 INFO    [awc] Amundsen started /task.
2026-04-21 20:45:10 INFO    [awc] Amundsen finished.
2026-04-21 20:45:13 INFO    [awc] Amundsen started /task.
2026-04-21 20:45:13 INFO    [awc] Amundsen finished.
2026-04-22 12:24:57 INFO    [awc] Amundsen started /task.
2026-04-22 12:24:57 INFO    [awc] Amundsen finished.
2026-04-23 15:18:42 INFO    [awc] Amundsen started /task.
2026-04-23 15:18:42 INFO    [awc] Amundsen finished.
2026-04-23 15:18:53 INFO    [awc] Amundsen started /task.
2026-04-23 15:18:54 INFO    [awc] Amundsen finished.
2026-04-23 15:18:56 INFO    [awc] Amundsen started /task.
2026-04-23 15:18:57 INFO    [awc] Amundsen finished.
2026-04-23 19:41:54 INFO    [awc] Amundsen started /task.
2026-04-23 19:41:55 INFO    [awc] Amundsen finished.
2026-04-23 19:42:02 INFO    [awc] Amundsen started /task.
2026-04-23 19:42:02 INFO    [awc] Amundsen finished.
2026-04-23 19:44:02 INFO    [awc] Amundsen started /task.
2026-04-23 19:44:03 INFO    [awc] Amundsen finished.
2026-04-24 10:12:22 INFO    [awc] Amundsen started /task.
2026-04-24 10:12:22 INFO    [awc] Time interval elapsed.
2026-04-24 10:12:22 INFO    [awc] Device profile read.
2026-04-24 10:12:22 INFO    [awc] Downloading AmundsHusky.
2026-04-24 10:12:25 INFO    [awc] AmundsAPI flag=acer/260228
2026-04-24 10:12:25 INFO    [awc] Query configuration successful.
2026-04-24 10:12:25 INFO    [awc] Amundsen finished.
2026-04-24 10:12:26 INFO    [awc] Amundsen started /task.
2026-04-24 10:12:27 INFO    [awc] Amundsen finished.
2026-04-24 10:12:30 INFO    [awc] Amundsen started /task.
2026-04-24 10:12:30 INFO    [awc] Amundsen finished.
2026-04-24 10:12:35 INFO    [awc] Amundsen started /task.
2026-04-24 10:12:35 INFO    [awc] Amundsen finished.
2026-04-24 17:59:47 INFO    [awc] Amundsen started /task.
2026-04-24 17:59:47 INFO    [awc] Amundsen finished.
2026-04-24 18:00:00 INFO    [awc] Amundsen started /task.
2026-04-24 18:00:00 INFO    [awc] Amundsen finished.
2026-04-24 18:00:03 INFO    [awc] Amundsen started /task.
2026-04-24 18:00:03 INFO    [awc] Amundsen finished.
2026-04-24 22:39:35 INFO    [awc] Amundsen started /task.
2026-04-24 22:39:36 INFO    [awc] Amundsen finished.
2026-04-24 22:42:46 INFO    [awc] Amundsen started /task.
2026-04-24 22:42:47 INFO    [awc] Amundsen finished.
2026-04-24 22:42:53 INFO    [awc] Amundsen started /task.
2026-04-24 22:42:53 INFO    [awc] Amundsen finished.
2026-04-24 22:43:25 INFO    [awc] Amundsen started /task.
2026-04-24 22:43:25 INFO    [awc] Amundsen finished.
2026-04-24 22:45:29 INFO    [awc] Amundsen started /task.
2026-04-24 22:45:29 INFO    [awc] Amundsen finished.
2026-04-25 10:29:54 INFO    [awc] Amundsen started /task.
2026-04-25 10:29:55 INFO    [awc] Amundsen finished.
2026-04-25 10:29:58 INFO    [awc] Amundsen started /task.
2026-04-25 10:29:58 INFO    [awc] Amundsen finished.
2026-04-26 15:23:43 INFO    [awc] Amundsen started /task.
2026-04-26 15:23:43 INFO    [awc] Amundsen finished.
2026-04-26 15:23:45 INFO    [awc] Amundsen started /task.
2026-04-26 15:23:46 INFO    [awc] Amundsen finished.
2026-04-26 15:34:03 INFO    [awc] Amundsen started /task.
2026-04-26 15:34:03 INFO    [awc] Amundsen finished.
2026-04-26 15:34:11 INFO    [awc] Amundsen started /task.
2026-04-26 15:34:11 INFO    [awc] Amundsen finished.
2026-04-26 15:35:06 INFO    [awc] Amundsen started /task.
2026-04-26 15:35:06 INFO    [awc] Amundsen finished.
2026-04-26 15:35:22 INFO    [awc] Amundsen started /task.
2026-04-26 15:35:23 INFO    [awc] Amundsen finished.
2026-04-26 15:35:39 INFO    [awc] Amundsen started /task.
2026-04-26 15:35:40 INFO    [awc] Amundsen finished.
2026-04-26 15:46:19 INFO    [awc] Amundsen started /task.
2026-04-26 15:46:19 INFO    [awc] Amundsen finished.
2026-04-26 16:18:41 INFO    [awc] Amundsen started /task.
2026-04-26 16:18:42 INFO    [awc] Amundsen finished.
2026-04-26 16:18:44 INFO    [awc] Amundsen started /task.
2026-04-26 16:18:44 INFO    [awc] Amundsen finished.
2026-04-26 22:36:01 INFO    [awc] Amundsen started /task.
2026-04-26 22:36:02 INFO    [awc] Amundsen finished.
2026-04-26 22:36:07 INFO    [awc] Amundsen started /task.
2026-04-26 22:36:08 INFO    [awc] Amundsen finished.
2026-04-26 22:55:07 INFO    [awc] Amundsen started /task.
2026-04-26 22:55:07 INFO    [awc] Amundsen finished.
2026-04-26 23:50:25 INFO    [awc] Amundsen started /task.
2026-04-26 23:50:25 INFO    [awc] Amundsen finished.
2026-04-26 23:50:26 INFO    [awc] Amundsen started /task.
2026-04-26 23:50:26 INFO    [awc] Amundsen finished.
2026-04-27 16:01:06 INFO    [awc] Amundsen started /task.
2026-04-27 16:01:07 INFO    [awc] Amundsen finished.
2026-04-27 16:01:12 INFO    [awc] Amundsen started /task.
2026-04-27 16:01:12 INFO    [awc] Amundsen finished.
2026-04-27 16:01:21 INFO    [awc] Amundsen started /task.
2026-04-27 16:01:22 INFO    [awc] Amundsen finished.
2026-04-27 20:48:52 INFO    [awc] Amundsen started /task.
2026-04-27 20:48:52 INFO    [awc] Amundsen finished.
2026-04-28 21:53:29 INFO    [awc] Amundsen started /task.
2026-04-28 21:53:30 INFO    [awc] Amundsen finished.
2026-04-28 21:53:30 INFO    [awc] Amundsen started /task.
2026-04-28 21:53:31 INFO    [awc] Amundsen finished.
2026-04-28 21:53:43 INFO    [awc] Amundsen started /task.
2026-04-28 21:53:43 INFO    [awc] Amundsen finished.
2026-04-29 13:24:33 INFO    [awc] Amundsen started /task.
2026-04-29 13:24:33 INFO    [awc] Amundsen finished.
2026-04-29 13:24:34 INFO    [awc] Amundsen started /task.
2026-04-29 13:24:34 INFO    [awc] Amundsen finished.
2026-04-29 20:37:35 INFO    [awc] Amundsen started /task.
2026-04-29 20:37:36 INFO    [awc] Amundsen finished.
2026-04-29 20:37:36 INFO    [awc] Amundsen started /task.
2026-04-29 20:37:37 INFO    [awc] Amundsen finished.
2026-04-30 18:25:53 INFO    [awc] Amundsen started /task.
2026-04-30 18:25:54 INFO    [awc] Amundsen finished.
2026-04-30 18:25:58 INFO    [awc] Amundsen started /task.
2026-04-30 18:25:58 INFO    [awc] Amundsen finished.
2026-04-30 18:31:31 INFO    [awc] Amundsen started /task.
2026-04-30 18:31:32 INFO    [awc] Amundsen finished.
2026-04-30 22:30:30 INFO    [awc] Amundsen started /task.
2026-04-30 22:30:30 INFO    [awc] Amundsen finished.
2026-05-01 09:42:33 INFO    [awc] Amundsen started /task.
2026-05-01 09:42:34 INFO    [awc] Amundsen finished.
2026-05-01 09:43:11 INFO    [awc] Amundsen started /task.
2026-05-01 09:43:11 INFO    [awc] Amundsen finished.
2026-05-01 09:43:13 INFO    [awc] Amundsen started /task.
2026-05-01 09:43:14 INFO    [awc] Amundsen finished.
2026-05-01 10:38:33 INFO    [awc] Amundsen started /task.
2026-05-01 10:38:34 INFO    [awc] Amundsen finished.
2026-05-01 10:38:43 INFO    [awc] Amundsen started /task.
2026-05-01 10:38:44 INFO    [awc] Amundsen finished.
2026-05-01 10:39:08 INFO    [awc] Amundsen started /task.
2026-05-01 10:39:09 INFO    [awc] Amundsen finished.
2026-05-01 10:40:48 INFO    [awc] Amundsen started /task.
2026-05-01 10:40:48 INFO    [awc] Amundsen finished.
2026-05-01 18:49:28 INFO    [awc] Amundsen started /task.
2026-05-01 18:49:29 INFO    [awc] Amundsen finished.
2026-05-01 18:49:36 INFO    [awc] Amundsen started /task.
2026-05-01 18:49:36 INFO    [awc] Amundsen finished.
2026-05-01 18:49:54 INFO    [awc] Amundsen started /task.
2026-05-01 18:49:55 INFO    [awc] Amundsen finished.
2026-05-01 18:56:47 INFO    [awc] Amundsen started /task.
2026-05-01 18:56:48 INFO    [awc] Amundsen finished.
2026-05-01 21:01:17 INFO    [awc] Amundsen started /task.
2026-05-01 21:01:18 INFO    [awc] Amundsen finished.
2026-05-01 21:01:20 INFO    [awc] Amundsen started /task.
2026-05-01 21:01:20 INFO    [awc] Amundsen finished.
2026-05-02 12:16:59 INFO    [awc] Amundsen started /task.
2026-05-02 12:16:59 INFO    [awc] Amundsen finished.
2026-05-02 12:17:00 INFO    [awc] Amundsen started /task.
2026-05-02 12:17:00 INFO    [awc] Amundsen finished.
2026-05-02 19:47:20 INFO    [awc] Amundsen started /task.
2026-05-02 19:47:20 INFO    [awc] Amundsen finished.
2026-05-02 19:47:23 INFO    [awc] Amundsen started /task.
2026-05-02 19:47:23 INFO    [awc] Amundsen finished.
2026-05-03 13:04:13 INFO    [awc] Amundsen started /task.
2026-05-03 13:04:14 INFO    [awc] Amundsen finished.
2026-05-03 13:04:17 INFO    [awc] Amundsen started /task.
2026-05-03 13:04:18 INFO    [awc] Amundsen finished.
2026-05-03 18:55:44 INFO    [awc] Amundsen started /task.
2026-05-03 18:55:45 INFO    [awc] Amundsen finished.
2026-05-03 18:55:48 INFO    [awc] Amundsen started /task.
2026-05-03 18:55:48 INFO    [awc] Amundsen finished.
2026-05-04 10:03:30 INFO    [awc] Amundsen started /task.
2026-05-04 10:03:30 INFO    [awc] Amundsen finished.
2026-05-04 10:03:33 INFO    [awc] Amundsen started /task.
2026-05-04 10:03:33 INFO    [awc] Amundsen finished.
2026-05-04 20:41:53 INFO    [awc] Amundsen started /task.
2026-05-04 20:45:21 INFO    [awc] Amundsen started /task.
2026-05-04 20:45:21 INFO    [awc] Time interval elapsed.
2026-05-04 20:45:22 INFO    [awc] Device profile read.
2026-05-04 20:45:22 INFO    [awc] Downloading AmundsHusky.
2026-05-04 20:45:24 INFO    [awc] AmundsAPI flag=acer/260228
2026-05-04 20:45:24 INFO    [awc] Query configuration successful.
2026-05-04 20:45:24 INFO    [awc] Amundsen finished.
2026-05-04 20:45:26 INFO    [awc] Amundsen started /task.
2026-05-04 20:45:26 INFO    [awc] Amundsen finished.
2026-05-04 20:45:59 INFO    [awc] Amundsen started /task.
2026-05-04 20:46:00 INFO    [awc] Amundsen finished.
2026-05-04 20:46:01 INFO    [awc] Amundsen started /task.
2026-05-04 20:46:01 INFO    [awc] Amundsen finished.
2026-05-04 21:33:36 INFO    [awc] Amundsen started /task.
2026-05-04 21:33:36 INFO    [awc] Amundsen finished.
2026-05-04 21:33:53 INFO    [awc] Amundsen started /task.
2026-05-04 21:33:53 INFO    [awc] Amundsen finished.
2026-05-05 12:10:28 INFO    [awc] Amundsen started /task.
2026-05-05 12:10:30 INFO    [awc] Amundsen started /task.
2026-05-05 12:16:24 INFO    [awc] Amundsen started /task.
2026-05-05 12:16:37 INFO    [awc] Amundsen finished.
2026-05-05 19:21:02 INFO    [awc] Amundsen started /task.
2026-05-05 19:21:02 INFO    [awc] Amundsen finished.
2026-05-05 19:21:03 INFO    [awc] Amundsen started /task.
2026-05-05 19:21:04 INFO    [awc] Amundsen finished.
2026-05-05 19:21:07 INFO    [awc] Amundsen started /task.
2026-05-05 19:21:07 INFO    [awc] Amundsen finished.
2026-05-05 19:21:24 INFO    [awc] Amundsen started /task.
2026-05-05 19:21:24 INFO    [awc] Amundsen finished.
2026-05-05 22:53:17 INFO    [awc] Amundsen started /task.
2026-05-05 22:53:19 INFO    [awc] Amundsen finished.
2026-05-06 14:06:28 INFO    [awc] Amundsen started /task.
2026-05-06 14:06:29 INFO    [awc] Amundsen finished.
2026-05-06 14:06:34 INFO    [awc] Amundsen started /task.
2026-05-06 14:06:35 INFO    [awc] Amundsen finished.
2026-05-06 14:08:38 INFO    [awc] Amundsen started /task.
2026-05-06 14:08:38 INFO    [awc] Amundsen finished.
2026-05-06 19:40:28 INFO    [awc] Amundsen started /task.
2026-05-06 19:40:29 INFO    [awc] Amundsen finished.
2026-05-06 19:40:34 INFO    [awc] Amundsen started /task.
2026-05-06 19:40:34 INFO    [awc] Amundsen finished.
2026-05-07 12:19:39 INFO    [awc] Amundsen started /task.
2026-05-07 12:19:39 INFO    [awc] Amundsen finished.
2026-05-07 12:19:42 INFO    [awc] Amundsen started /task.
2026-05-07 12:19:42 INFO    [awc] Amundsen finished.
2026-05-07 15:25:28 INFO    [awc] Amundsen started /task.
2026-05-07 15:25:28 INFO    [awc] Amundsen finished.
2026-05-07 19:45:29 INFO    [awc] Amundsen started /task.
2026-05-07 19:45:30 INFO    [awc] Amundsen finished.
2026-05-07 19:45:32 INFO    [awc] Amundsen started /task.
2026-05-07 19:45:33 INFO    [awc] Amundsen finished.
2026-05-08 09:32:06 INFO    [awc] Amundsen started /task.
2026-05-08 09:32:07 INFO    [awc] Amundsen finished.
2026-05-08 09:32:25 INFO    [awc] Amundsen started /task.
2026-05-08 09:32:25 INFO    [awc] Amundsen finished.
2026-05-08 09:32:30 INFO    [awc] Amundsen started /task.
2026-05-08 09:32:31 INFO    [awc] Amundsen finished.
2026-05-08 14:24:06 INFO    [awc] Amundsen started /task.
2026-05-08 14:24:06 INFO    [awc] Amundsen finished.
2026-05-08 14:24:20 INFO    [awc] Amundsen started /task.
2026-05-08 14:24:20 INFO    [awc] Amundsen finished.
2026-05-08 14:24:30 INFO    [awc] Amundsen started /task.
2026-05-08 14:24:30 INFO    [awc] Amundsen finished.
2026-05-08 22:43:43 INFO    [awc] Amundsen started /task.
2026-05-08 22:43:44 INFO    [awc] Amundsen finished.
2026-05-08 22:43:46 INFO    [awc] Amundsen started /task.
2026-05-08 22:43:46 INFO    [awc] Amundsen finished.
2026-05-08 22:43:47 INFO    [awc] Amundsen started /task.
2026-05-08 22:43:47 INFO    [awc] Amundsen finished.
2026-05-08 22:44:02 INFO    [awc] Amundsen started /task.
2026-05-08 22:44:02 INFO    [awc] Amundsen finished.
2026-05-09 12:38:11 INFO    [awc] Amundsen started /task.
2026-05-09 12:38:11 INFO    [awc] Amundsen finished.
2026-05-09 12:38:13 INFO    [awc] Amundsen started /task.
2026-05-09 12:38:14 INFO    [awc] Amundsen finished.
